"No.","Time","Source","Destination","Protocol","Length","Signal strength (RSSI)","Noise level (dBm)","Signal/noise ratio (dB)","Info"
"316","0.089236","86:f9:72:ce:b6:cd","ff:ff:ff:ff:ff:ff","802.11","444","-48 dBm","-93 dBm","45 dB","Beacon frame, SN=872, FN=0, Flags=........C, BI=100, SSID=""Z5319476"""
"657","0.191580","86:f9:72:ce:b6:cd","ff:ff:ff:ff:ff:ff","802.11","444","-48 dBm","-93 dBm","45 dB","Beacon frame, SN=873, FN=0, Flags=........C, BI=100, SSID=""Z5319476"""
"1055","0.293761","86:f9:72:ce:b6:cd","ff:ff:ff:ff:ff:ff","802.11","444","-46 dBm","-93 dBm","47 dB","Beacon frame, SN=874, FN=0, Flags=........C, BI=100, SSID=""Z5319476"""
"1399","0.396461","86:f9:72:ce:b6:cd","ff:ff:ff:ff:ff:ff","802.11","444","-45 dBm","-93 dBm","48 dB","Beacon frame, SN=875, FN=0, Flags=........C, BI=100, SSID=""Z5319476"""
"1745","0.498749","86:f9:72:ce:b6:cd","ff:ff:ff:ff:ff:ff","802.11","444","-46 dBm","-93 dBm","47 dB","Beacon frame, SN=876, FN=0, Flags=........C, BI=100, SSID=""Z5319476"""
"2092","0.600929","86:f9:72:ce:b6:cd","ff:ff:ff:ff:ff:ff","802.11","444","-46 dBm","-93 dBm","47 dB","Beacon frame, SN=877, FN=0, Flags=........C, BI=100, SSID=""Z5319476"""
"2474","0.703304","86:f9:72:ce:b6:cd","ff:ff:ff:ff:ff:ff","802.11","444","-45 dBm","-93 dBm","48 dB","Beacon frame, SN=878, FN=0, Flags=........C, BI=100, SSID=""Z5319476"""
"2865","0.805390","86:f9:72:ce:b6:cd","ff:ff:ff:ff:ff:ff","802.11","444","-44 dBm","-93 dBm","49 dB","Beacon frame, SN=879, FN=0, Flags=........C, BI=100, SSID=""Z5319476"""
"3186","0.908093","86:f9:72:ce:b6:cd","ff:ff:ff:ff:ff:ff","802.11","444","-45 dBm","-93 dBm","48 dB","Beacon frame, SN=880, FN=0, Flags=........C, BI=100, SSID=""Z5319476"""
"3497","1.010514","86:f9:72:ce:b6:cd","ff:ff:ff:ff:ff:ff","802.11","444","-46 dBm","-93 dBm","47 dB","Beacon frame, SN=881, FN=0, Flags=........C, BI=100, SSID=""Z5319476"""
"3766","1.112825","86:f9:72:ce:b6:cd","ff:ff:ff:ff:ff:ff","802.11","444","-46 dBm","-93 dBm","47 dB","Beacon frame, SN=882, FN=0, Flags=........C, BI=100, SSID=""Z5319476"""
"4072","1.215269","86:f9:72:ce:b6:cd","ff:ff:ff:ff:ff:ff","802.11","444","-46 dBm","-93 dBm","47 dB","Beacon frame, SN=883, FN=0, Flags=........C, BI=100, SSID=""Z5319476"""
"4377","1.317659","86:f9:72:ce:b6:cd","ff:ff:ff:ff:ff:ff","802.11","444","-45 dBm","-93 dBm","48 dB","Beacon frame, SN=884, FN=0, Flags=........C, BI=100, SSID=""Z5319476"""
"4717","1.420061","86:f9:72:ce:b6:cd","ff:ff:ff:ff:ff:ff","802.11","444","-47 dBm","-93 dBm","46 dB","Beacon frame, SN=885, FN=0, Flags=........C, BI=100, SSID=""Z5319476"""
"5037","1.522484","86:f9:72:ce:b6:cd","ff:ff:ff:ff:ff:ff","802.11","444","-46 dBm","-93 dBm","47 dB","Beacon frame, SN=886, FN=0, Flags=........C, BI=100, SSID=""Z5319476"""
"5362","1.624935","86:f9:72:ce:b6:cd","ff:ff:ff:ff:ff:ff","802.11","444","-48 dBm","-93 dBm","45 dB","Beacon frame, SN=887, FN=0, Flags=........C, BI=100, SSID=""Z5319476"""
"5666","1.727618","86:f9:72:ce:b6:cd","ff:ff:ff:ff:ff:ff","802.11","444","-45 dBm","-93 dBm","48 dB","Beacon frame, SN=888, FN=0, Flags=........C, BI=100, SSID=""Z5319476"""
"5997","1.829668","86:f9:72:ce:b6:cd","ff:ff:ff:ff:ff:ff","802.11","444","-45 dBm","-93 dBm","48 dB","Beacon frame, SN=889, FN=0, Flags=........C, BI=100, SSID=""Z5319476"""
"6320","1.932051","86:f9:72:ce:b6:cd","ff:ff:ff:ff:ff:ff","802.11","444","-45 dBm","-93 dBm","48 dB","Beacon frame, SN=890, FN=0, Flags=........C, BI=100, SSID=""Z5319476"""
"6654","2.034740","86:f9:72:ce:b6:cd","ff:ff:ff:ff:ff:ff","802.11","444","-46 dBm","-93 dBm","47 dB","Beacon frame, SN=891, FN=0, Flags=........C, BI=100, SSID=""Z5319476"""
"6979","2.136804","86:f9:72:ce:b6:cd","ff:ff:ff:ff:ff:ff","802.11","444","-46 dBm","-93 dBm","47 dB","Beacon frame, SN=892, FN=0, Flags=........C, BI=100, SSID=""Z5319476"""
"7284","2.239200","86:f9:72:ce:b6:cd","ff:ff:ff:ff:ff:ff","802.11","444","-45 dBm","-93 dBm","48 dB","Beacon frame, SN=893, FN=0, Flags=........C, BI=100, SSID=""Z5319476"""
"7630","2.341892","86:f9:72:ce:b6:cd","ff:ff:ff:ff:ff:ff","802.11","444","-45 dBm","-93 dBm","48 dB","Beacon frame, SN=894, FN=0, Flags=........C, BI=100, SSID=""Z5319476"""
"7980","2.443872","86:f9:72:ce:b6:cd","ff:ff:ff:ff:ff:ff","802.11","444","-45 dBm","-93 dBm","48 dB","Beacon frame, SN=895, FN=0, Flags=........C, BI=100, SSID=""Z5319476"""
"8338","2.546411","86:f9:72:ce:b6:cd","ff:ff:ff:ff:ff:ff","802.11","444","-45 dBm","-93 dBm","48 dB","Beacon frame, SN=896, FN=0, Flags=........C, BI=100, SSID=""Z5319476"""
"8666","2.649084","86:f9:72:ce:b6:cd","ff:ff:ff:ff:ff:ff","802.11","444","-45 dBm","-93 dBm","48 dB","Beacon frame, SN=897, FN=0, Flags=........C, BI=100, SSID=""Z5319476"""
"9027","2.751491","86:f9:72:ce:b6:cd","ff:ff:ff:ff:ff:ff","802.11","444","-46 dBm","-93 dBm","47 dB","Beacon frame, SN=898, FN=0, Flags=........C, BI=100, SSID=""Z5319476"""
"9391","2.853559","86:f9:72:ce:b6:cd","ff:ff:ff:ff:ff:ff","802.11","444","-46 dBm","-93 dBm","47 dB","Beacon frame, SN=899, FN=0, Flags=........C, BI=100, SSID=""Z5319476"""
"9703","2.955985","86:f9:72:ce:b6:cd","ff:ff:ff:ff:ff:ff","802.11","444","-46 dBm","-93 dBm","47 dB","Beacon frame, SN=900, FN=0, Flags=........C, BI=100, SSID=""Z5319476"""
"10034","3.058478","86:f9:72:ce:b6:cd","ff:ff:ff:ff:ff:ff","802.11","444","-46 dBm","-93 dBm","47 dB","Beacon frame, SN=901, FN=0, Flags=........C, BI=100, SSID=""Z5319476"""
"10338","3.161134","86:f9:72:ce:b6:cd","ff:ff:ff:ff:ff:ff","802.11","444","-45 dBm","-93 dBm","48 dB","Beacon frame, SN=902, FN=0, Flags=........C, BI=100, SSID=""Z5319476"""
"10639","3.263232","86:f9:72:ce:b6:cd","ff:ff:ff:ff:ff:ff","802.11","444","-45 dBm","-93 dBm","48 dB","Beacon frame, SN=903, FN=0, Flags=........C, BI=100, SSID=""Z5319476"""
"10948","3.365311","86:f9:72:ce:b6:cd","ff:ff:ff:ff:ff:ff","802.11","444","-45 dBm","-93 dBm","48 dB","Beacon frame, SN=904, FN=0, Flags=........C, BI=100, SSID=""Z5319476"""
"11275","3.468259","86:f9:72:ce:b6:cd","ff:ff:ff:ff:ff:ff","802.11","444","-45 dBm","-93 dBm","48 dB","Beacon frame, SN=905, FN=0, Flags=........C, BI=100, SSID=""Z5319476"""
"11600","3.570455","86:f9:72:ce:b6:cd","ff:ff:ff:ff:ff:ff","802.11","444","-46 dBm","-93 dBm","47 dB","Beacon frame, SN=906, FN=0, Flags=........C, BI=100, SSID=""Z5319476"""
"11925","3.672772","86:f9:72:ce:b6:cd","ff:ff:ff:ff:ff:ff","802.11","444","-45 dBm","-93 dBm","48 dB","Beacon frame, SN=907, FN=0, Flags=........C, BI=100, SSID=""Z5319476"""
"12170","3.775445","86:f9:72:ce:b6:cd","ff:ff:ff:ff:ff:ff","802.11","444","-45 dBm","-93 dBm","48 dB","Beacon frame, SN=908, FN=0, Flags=........C, BI=100, SSID=""Z5319476"""
"12390","3.877570","86:f9:72:ce:b6:cd","ff:ff:ff:ff:ff:ff","802.11","444","-46 dBm","-93 dBm","47 dB","Beacon frame, SN=909, FN=0, Flags=........C, BI=100, SSID=""Z5319476"""
"12700","3.980006","86:f9:72:ce:b6:cd","ff:ff:ff:ff:ff:ff","802.11","444","-46 dBm","-93 dBm","47 dB","Beacon frame, SN=910, FN=0, Flags=........C, BI=100, SSID=""Z5319476"""
"13001","4.082631","86:f9:72:ce:b6:cd","ff:ff:ff:ff:ff:ff","802.11","444","-46 dBm","-93 dBm","47 dB","Beacon frame, SN=911, FN=0, Flags=........C, BI=100, SSID=""Z5319476"""
"13335","4.184830","86:f9:72:ce:b6:cd","ff:ff:ff:ff:ff:ff","802.11","444","-46 dBm","-93 dBm","47 dB","Beacon frame, SN=912, FN=0, Flags=........C, BI=100, SSID=""Z5319476"""
"13676","4.287104","86:f9:72:ce:b6:cd","ff:ff:ff:ff:ff:ff","802.11","444","-46 dBm","-93 dBm","47 dB","Beacon frame, SN=913, FN=0, Flags=........C, BI=100, SSID=""Z5319476"""
"13969","4.389595","86:f9:72:ce:b6:cd","ff:ff:ff:ff:ff:ff","802.11","444","-46 dBm","-93 dBm","47 dB","Beacon frame, SN=914, FN=0, Flags=........C, BI=100, SSID=""Z5319476"""
"14273","4.491956","86:f9:72:ce:b6:cd","ff:ff:ff:ff:ff:ff","802.11","444","-46 dBm","-93 dBm","47 dB","Beacon frame, SN=915, FN=0, Flags=........C, BI=100, SSID=""Z5319476"""
"14548","4.594330","86:f9:72:ce:b6:cd","ff:ff:ff:ff:ff:ff","802.11","444","-46 dBm","-93 dBm","47 dB","Beacon frame, SN=916, FN=0, Flags=........C, BI=100, SSID=""Z5319476"""
"14903","4.696763","86:f9:72:ce:b6:cd","ff:ff:ff:ff:ff:ff","802.11","444","-45 dBm","-93 dBm","48 dB","Beacon frame, SN=917, FN=0, Flags=........C, BI=100, SSID=""Z5319476"""
"15199","4.799313","86:f9:72:ce:b6:cd","ff:ff:ff:ff:ff:ff","802.11","444","-45 dBm","-93 dBm","48 dB","Beacon frame, SN=918, FN=0, Flags=........C, BI=100, SSID=""Z5319476"""
"15457","4.901499","86:f9:72:ce:b6:cd","ff:ff:ff:ff:ff:ff","802.11","444","-45 dBm","-93 dBm","48 dB","Beacon frame, SN=919, FN=0, Flags=........C, BI=100, SSID=""Z5319476"""
"15756","5.003978","86:f9:72:ce:b6:cd","ff:ff:ff:ff:ff:ff","802.11","444","-46 dBm","-93 dBm","47 dB","Beacon frame, SN=920, FN=0, Flags=........C, BI=100, SSID=""Z5319476"""
"16013","5.106309","86:f9:72:ce:b6:cd","ff:ff:ff:ff:ff:ff","802.11","444","-45 dBm","-93 dBm","48 dB","Beacon frame, SN=921, FN=0, Flags=........C, BI=100, SSID=""Z5319476"""
"16291","5.208760","86:f9:72:ce:b6:cd","ff:ff:ff:ff:ff:ff","802.11","444","-45 dBm","-93 dBm","48 dB","Beacon frame, SN=922, FN=0, Flags=........C, BI=100, SSID=""Z5319476"""
"16597","5.311136","86:f9:72:ce:b6:cd","ff:ff:ff:ff:ff:ff","802.11","444","-46 dBm","-93 dBm","47 dB","Beacon frame, SN=923, FN=0, Flags=........C, BI=100, SSID=""Z5319476"""
"17223","5.515908","86:f9:72:ce:b6:cd","ff:ff:ff:ff:ff:ff","802.11","444","-45 dBm","-93 dBm","48 dB","Beacon frame, SN=925, FN=0, Flags=........C, BI=100, SSID=""Z5319476"""
"17926","5.720968","86:f9:72:ce:b6:cd","ff:ff:ff:ff:ff:ff","802.11","444","-45 dBm","-93 dBm","48 dB","Beacon frame, SN=927, FN=0, Flags=........C, BI=100, SSID=""Z5319476"""
"18262","5.823078","86:f9:72:ce:b6:cd","ff:ff:ff:ff:ff:ff","802.11","444","-45 dBm","-93 dBm","48 dB","Beacon frame, SN=928, FN=0, Flags=........C, BI=100, SSID=""Z5319476"""
"18581","5.925452","86:f9:72:ce:b6:cd","ff:ff:ff:ff:ff:ff","802.11","444","-45 dBm","-93 dBm","48 dB","Beacon frame, SN=929, FN=0, Flags=........C, BI=100, SSID=""Z5319476"""
"18864","6.027907","86:f9:72:ce:b6:cd","ff:ff:ff:ff:ff:ff","802.11","444","-45 dBm","-93 dBm","48 dB","Beacon frame, SN=930, FN=0, Flags=........C, BI=100, SSID=""Z5319476"""
"19245","6.130270","86:f9:72:ce:b6:cd","ff:ff:ff:ff:ff:ff","802.11","444","-45 dBm","-93 dBm","48 dB","Beacon frame, SN=931, FN=0, Flags=........C, BI=100, SSID=""Z5319476"""
"19569","6.232775","86:f9:72:ce:b6:cd","ff:ff:ff:ff:ff:ff","802.11","444","-45 dBm","-93 dBm","48 dB","Beacon frame, SN=932, FN=0, Flags=........C, BI=100, SSID=""Z5319476"""
"19811","6.335056","86:f9:72:ce:b6:cd","ff:ff:ff:ff:ff:ff","802.11","444","-45 dBm","-93 dBm","48 dB","Beacon frame, SN=933, FN=0, Flags=........C, BI=100, SSID=""Z5319476"""
"20089","6.437462","86:f9:72:ce:b6:cd","ff:ff:ff:ff:ff:ff","802.11","444","-45 dBm","-93 dBm","48 dB","Beacon frame, SN=934, FN=0, Flags=........C, BI=100, SSID=""Z5319476"""
"20406","6.539883","86:f9:72:ce:b6:cd","ff:ff:ff:ff:ff:ff","802.11","444","-45 dBm","-93 dBm","48 dB","Beacon frame, SN=935, FN=0, Flags=........C, BI=100, SSID=""Z5319476"""
"20705","6.642299","86:f9:72:ce:b6:cd","ff:ff:ff:ff:ff:ff","802.11","444","-45 dBm","-93 dBm","48 dB","Beacon frame, SN=936, FN=0, Flags=........C, BI=100, SSID=""Z5319476"""
"21042","6.744898","86:f9:72:ce:b6:cd","ff:ff:ff:ff:ff:ff","802.11","444","-45 dBm","-93 dBm","48 dB","Beacon frame, SN=937, FN=0, Flags=........C, BI=100, SSID=""Z5319476"""
"21368","6.847317","86:f9:72:ce:b6:cd","ff:ff:ff:ff:ff:ff","802.11","444","-45 dBm","-93 dBm","48 dB","Beacon frame, SN=938, FN=0, Flags=........C, BI=100, SSID=""Z5319476"""
"21666","6.949390","86:f9:72:ce:b6:cd","ff:ff:ff:ff:ff:ff","802.11","444","-45 dBm","-93 dBm","48 dB","Beacon frame, SN=939, FN=0, Flags=........C, BI=100, SSID=""Z5319476"""
"21992","7.052100","86:f9:72:ce:b6:cd","ff:ff:ff:ff:ff:ff","802.11","444","-44 dBm","-93 dBm","49 dB","Beacon frame, SN=940, FN=0, Flags=........C, BI=100, SSID=""Z5319476"""
"22299","7.154321","86:f9:72:ce:b6:cd","ff:ff:ff:ff:ff:ff","802.11","444","-46 dBm","-93 dBm","47 dB","Beacon frame, SN=941, FN=0, Flags=........C, BI=100, SSID=""Z5319476"""
"22989","7.359128","86:f9:72:ce:b6:cd","ff:ff:ff:ff:ff:ff","802.11","444","-46 dBm","-93 dBm","47 dB","Beacon frame, SN=943, FN=0, Flags=........C, BI=100, SSID=""Z5319476"""
"23361","7.461408","86:f9:72:ce:b6:cd","ff:ff:ff:ff:ff:ff","802.11","444","-45 dBm","-93 dBm","48 dB","Beacon frame, SN=944, FN=0, Flags=........C, BI=100, SSID=""Z5319476"""
"23792","7.563997","86:f9:72:ce:b6:cd","ff:ff:ff:ff:ff:ff","802.11","444","-44 dBm","-93 dBm","49 dB","Beacon frame, SN=945, FN=0, Flags=........C, BI=100, SSID=""Z5319476"""
"24161","7.666291","86:f9:72:ce:b6:cd","ff:ff:ff:ff:ff:ff","802.11","444","-45 dBm","-93 dBm","48 dB","Beacon frame, SN=946, FN=0, Flags=........C, BI=100, SSID=""Z5319476"""
"24487","7.768590","86:f9:72:ce:b6:cd","ff:ff:ff:ff:ff:ff","802.11","444","-45 dBm","-93 dBm","48 dB","Beacon frame, SN=947, FN=0, Flags=........C, BI=100, SSID=""Z5319476"""
"24812","7.871001","86:f9:72:ce:b6:cd","ff:ff:ff:ff:ff:ff","802.11","444","-45 dBm","-93 dBm","48 dB","Beacon frame, SN=948, FN=0, Flags=........C, BI=100, SSID=""Z5319476"""
"25195","7.973422","86:f9:72:ce:b6:cd","ff:ff:ff:ff:ff:ff","802.11","444","-44 dBm","-93 dBm","49 dB","Beacon frame, SN=949, FN=0, Flags=........C, BI=100, SSID=""Z5319476"""
"25519","8.075736","86:f9:72:ce:b6:cd","ff:ff:ff:ff:ff:ff","802.11","444","-44 dBm","-93 dBm","49 dB","Beacon frame, SN=950, FN=0, Flags=........C, BI=100, SSID=""Z5319476"""
"25869","8.178221","86:f9:72:ce:b6:cd","ff:ff:ff:ff:ff:ff","802.11","444","-45 dBm","-93 dBm","48 dB","Beacon frame, SN=951, FN=0, Flags=........C, BI=100, SSID=""Z5319476"""
"26206","8.280580","86:f9:72:ce:b6:cd","ff:ff:ff:ff:ff:ff","802.11","444","-45 dBm","-93 dBm","48 dB","Beacon frame, SN=952, FN=0, Flags=........C, BI=100, SSID=""Z5319476"""
"26503","8.382952","86:f9:72:ce:b6:cd","ff:ff:ff:ff:ff:ff","802.11","444","-46 dBm","-93 dBm","47 dB","Beacon frame, SN=953, FN=0, Flags=........C, BI=100, SSID=""Z5319476"""
"26835","8.485658","86:f9:72:ce:b6:cd","ff:ff:ff:ff:ff:ff","802.11","444","-46 dBm","-93 dBm","47 dB","Beacon frame, SN=954, FN=0, Flags=........C, BI=100, SSID=""Z5319476"""
"27169","8.587598","86:f9:72:ce:b6:cd","ff:ff:ff:ff:ff:ff","802.11","444","-48 dBm","-93 dBm","45 dB","Beacon frame, SN=955, FN=0, Flags=........C, BI=100, SSID=""Z5319476"""
"27566","8.690416","86:f9:72:ce:b6:cd","ff:ff:ff:ff:ff:ff","802.11","444","-47 dBm","-93 dBm","46 dB","Beacon frame, SN=956, FN=0, Flags=........C, BI=100, SSID=""Z5319476"""
"27880","8.792793","86:f9:72:ce:b6:cd","ff:ff:ff:ff:ff:ff","802.11","444","-46 dBm","-93 dBm","47 dB","Beacon frame, SN=957, FN=0, Flags=........C, BI=100, SSID=""Z5319476"""
"28151","8.895298","86:f9:72:ce:b6:cd","ff:ff:ff:ff:ff:ff","802.11","444","-46 dBm","-93 dBm","47 dB","Beacon frame, SN=958, FN=0, Flags=........C, BI=100, SSID=""Z5319476"""
"28485","8.997612","86:f9:72:ce:b6:cd","ff:ff:ff:ff:ff:ff","802.11","444","-45 dBm","-93 dBm","48 dB","Beacon frame, SN=959, FN=0, Flags=........C, BI=100, SSID=""Z5319476"""
"28849","9.100060","86:f9:72:ce:b6:cd","ff:ff:ff:ff:ff:ff","802.11","444","-46 dBm","-93 dBm","47 dB","Beacon frame, SN=960, FN=0, Flags=........C, BI=100, SSID=""Z5319476"""
"29148","9.202126","86:f9:72:ce:b6:cd","ff:ff:ff:ff:ff:ff","802.11","444","-44 dBm","-93 dBm","49 dB","Beacon frame, SN=961, FN=0, Flags=........C, BI=100, SSID=""Z5319476"""
"29778","9.406933","86:f9:72:ce:b6:cd","ff:ff:ff:ff:ff:ff","802.11","444","-44 dBm","-93 dBm","49 dB","Beacon frame, SN=963, FN=0, Flags=........C, BI=100, SSID=""Z5319476"""
"30025","9.509361","86:f9:72:ce:b6:cd","ff:ff:ff:ff:ff:ff","802.11","444","-46 dBm","-93 dBm","47 dB","Beacon frame, SN=964, FN=0, Flags=........C, BI=100, SSID=""Z5319476"""
"30301","9.611702","86:f9:72:ce:b6:cd","ff:ff:ff:ff:ff:ff","802.11","444","-48 dBm","-93 dBm","45 dB","Beacon frame, SN=965, FN=0, Flags=........C, BI=100, SSID=""Z5319476"""
"30542","9.714396","86:f9:72:ce:b6:cd","ff:ff:ff:ff:ff:ff","802.11","444","-47 dBm","-93 dBm","46 dB","Beacon frame, SN=966, FN=0, Flags=........C, BI=100, SSID=""Z5319476"""
"30826","9.816785","86:f9:72:ce:b6:cd","ff:ff:ff:ff:ff:ff","802.11","444","-47 dBm","-93 dBm","46 dB","Beacon frame, SN=967, FN=0, Flags=........C, BI=100, SSID=""Z5319476"""
"31119","9.919181","86:f9:72:ce:b6:cd","ff:ff:ff:ff:ff:ff","802.11","444","-49 dBm","-93 dBm","44 dB","Beacon frame, SN=968, FN=0, Flags=........C, BI=100, SSID=""Z5319476"""
"31427","10.021312","86:f9:72:ce:b6:cd","ff:ff:ff:ff:ff:ff","802.11","444","-49 dBm","-93 dBm","44 dB","Beacon frame, SN=969, FN=0, Flags=........C, BI=100, SSID=""Z5319476"""
"31707","10.123718","86:f9:72:ce:b6:cd","ff:ff:ff:ff:ff:ff","802.11","444","-49 dBm","-93 dBm","44 dB","Beacon frame, SN=970, FN=0, Flags=........C, BI=100, SSID=""Z5319476"""
"32033","10.226400","86:f9:72:ce:b6:cd","ff:ff:ff:ff:ff:ff","802.11","444","-49 dBm","-93 dBm","44 dB","Beacon frame, SN=971, FN=0, Flags=........C, BI=100, SSID=""Z5319476"""
"32321","10.328505","86:f9:72:ce:b6:cd","ff:ff:ff:ff:ff:ff","802.11","444","-49 dBm","-93 dBm","44 dB","Beacon frame, SN=972, FN=0, Flags=........C, BI=100, SSID=""Z5319476"""
"32592","10.431083","86:f9:72:ce:b6:cd","ff:ff:ff:ff:ff:ff","802.11","444","-47 dBm","-93 dBm","46 dB","Beacon frame, SN=973, FN=0, Flags=........C, BI=100, SSID=""Z5319476"""
"32882","10.533566","86:f9:72:ce:b6:cd","ff:ff:ff:ff:ff:ff","802.11","444","-46 dBm","-93 dBm","47 dB","Beacon frame, SN=974, FN=0, Flags=........C, BI=100, SSID=""Z5319476"""
"33190","10.635657","86:f9:72:ce:b6:cd","ff:ff:ff:ff:ff:ff","802.11","444","-48 dBm","-93 dBm","45 dB","Beacon frame, SN=975, FN=0, Flags=........C, BI=100, SSID=""Z5319476"""
"33518","10.738110","86:f9:72:ce:b6:cd","ff:ff:ff:ff:ff:ff","802.11","444","-47 dBm","-93 dBm","46 dB","Beacon frame, SN=976, FN=0, Flags=........C, BI=100, SSID=""Z5319476"""
"33802","10.840744","86:f9:72:ce:b6:cd","ff:ff:ff:ff:ff:ff","802.11","444","-49 dBm","-93 dBm","44 dB","Beacon frame, SN=977, FN=0, Flags=........C, BI=100, SSID=""Z5319476"""
"34432","11.045255","86:f9:72:ce:b6:cd","ff:ff:ff:ff:ff:ff","802.11","444","-47 dBm","-93 dBm","46 dB","Beacon frame, SN=979, FN=0, Flags=........C, BI=100, SSID=""Z5319476"""
"34755","11.147258","86:f9:72:ce:b6:cd","ff:ff:ff:ff:ff:ff","802.11","444","-47 dBm","-93 dBm","46 dB","Beacon frame, SN=980, FN=0, Flags=........C, BI=100, SSID=""Z5319476"""
"35069","11.250099","86:f9:72:ce:b6:cd","ff:ff:ff:ff:ff:ff","802.11","444","-49 dBm","-93 dBm","44 dB","Beacon frame, SN=981, FN=0, Flags=........C, BI=100, SSID=""Z5319476"""
"35441","11.352531","86:f9:72:ce:b6:cd","ff:ff:ff:ff:ff:ff","802.11","444","-47 dBm","-93 dBm","46 dB","Beacon frame, SN=982, FN=0, Flags=........C, BI=100, SSID=""Z5319476"""
"35792","11.454839","86:f9:72:ce:b6:cd","ff:ff:ff:ff:ff:ff","802.11","444","-47 dBm","-93 dBm","46 dB","Beacon frame, SN=983, FN=0, Flags=........C, BI=100, SSID=""Z5319476"""
"36089","11.557626","86:f9:72:ce:b6:cd","ff:ff:ff:ff:ff:ff","802.11","444","-50 dBm","-93 dBm","43 dB","Beacon frame, SN=984, FN=0, Flags=........C, BI=100, SSID=""Z5319476"""
"36433","11.659693","86:f9:72:ce:b6:cd","ff:ff:ff:ff:ff:ff","802.11","444","-50 dBm","-93 dBm","43 dB","Beacon frame, SN=985, FN=0, Flags=........C, BI=100, SSID=""Z5319476"""
"36746","11.762343","86:f9:72:ce:b6:cd","ff:ff:ff:ff:ff:ff","802.11","444","-50 dBm","-93 dBm","43 dB","Beacon frame, SN=986, FN=0, Flags=........C, BI=100, SSID=""Z5319476"""
"37084","11.864411","86:f9:72:ce:b6:cd","ff:ff:ff:ff:ff:ff","802.11","444","-49 dBm","-93 dBm","44 dB","Beacon frame, SN=987, FN=0, Flags=........C, BI=100, SSID=""Z5319476"""
"37391","11.966784","86:f9:72:ce:b6:cd","ff:ff:ff:ff:ff:ff","802.11","444","-51 dBm","-93 dBm","42 dB","Beacon frame, SN=988, FN=0, Flags=........C, BI=100, SSID=""Z5319476"""
"37757","12.069535","86:f9:72:ce:b6:cd","ff:ff:ff:ff:ff:ff","802.11","444","-51 dBm","-93 dBm","42 dB","Beacon frame, SN=989, FN=0, Flags=........C, BI=100, SSID=""Z5319476"""
"38088","12.171613","86:f9:72:ce:b6:cd","ff:ff:ff:ff:ff:ff","802.11","444","-49 dBm","-93 dBm","44 dB","Beacon frame, SN=990, FN=0, Flags=........C, BI=100, SSID=""Z5319476"""
"38445","12.274333","86:f9:72:ce:b6:cd","ff:ff:ff:ff:ff:ff","802.11","444","-49 dBm","-93 dBm","44 dB","Beacon frame, SN=991, FN=0, Flags=........C, BI=100, SSID=""Z5319476"""
"38832","12.376992","86:f9:72:ce:b6:cd","ff:ff:ff:ff:ff:ff","802.11","444","-51 dBm","-93 dBm","42 dB","Beacon frame, SN=992, FN=0, Flags=........C, BI=100, SSID=""Z5319476"""
"39196","12.478577","86:f9:72:ce:b6:cd","ff:ff:ff:ff:ff:ff","802.11","444","-47 dBm","-93 dBm","46 dB","Beacon frame, SN=993, FN=0, Flags=........C, BI=100, SSID=""Z5319476"""
"39595","12.580861","86:f9:72:ce:b6:cd","ff:ff:ff:ff:ff:ff","802.11","444","-47 dBm","-93 dBm","46 dB","Beacon frame, SN=994, FN=0, Flags=........C, BI=100, SSID=""Z5319476"""
"40265","12.786001","86:f9:72:ce:b6:cd","ff:ff:ff:ff:ff:ff","802.11","444","-47 dBm","-93 dBm","46 dB","Beacon frame, SN=996, FN=0, Flags=........C, BI=100, SSID=""Z5319476"""
"40574","12.888682","86:f9:72:ce:b6:cd","ff:ff:ff:ff:ff:ff","802.11","444","-47 dBm","-93 dBm","46 dB","Beacon frame, SN=997, FN=0, Flags=........C, BI=100, SSID=""Z5319476"""
"40875","12.990736","86:f9:72:ce:b6:cd","ff:ff:ff:ff:ff:ff","802.11","444","-47 dBm","-93 dBm","46 dB","Beacon frame, SN=998, FN=0, Flags=........C, BI=100, SSID=""Z5319476"""
"41150","13.093423","86:f9:72:ce:b6:cd","ff:ff:ff:ff:ff:ff","802.11","444","-46 dBm","-93 dBm","47 dB","Beacon frame, SN=999, FN=0, Flags=........C, BI=100, SSID=""Z5319476"""
"41497","13.195602","86:f9:72:ce:b6:cd","ff:ff:ff:ff:ff:ff","802.11","444","-46 dBm","-93 dBm","47 dB","Beacon frame, SN=1000, FN=0, Flags=........C, BI=100, SSID=""Z5319476"""
"41801","13.298012","86:f9:72:ce:b6:cd","ff:ff:ff:ff:ff:ff","802.11","444","-47 dBm","-93 dBm","46 dB","Beacon frame, SN=1001, FN=0, Flags=........C, BI=100, SSID=""Z5319476"""
"42134","13.400336","86:f9:72:ce:b6:cd","ff:ff:ff:ff:ff:ff","802.11","444","-48 dBm","-93 dBm","45 dB","Beacon frame, SN=1002, FN=0, Flags=........C, BI=100, SSID=""Z5319476"""
"42477","13.503057","86:f9:72:ce:b6:cd","ff:ff:ff:ff:ff:ff","802.11","444","-48 dBm","-93 dBm","45 dB","Beacon frame, SN=1003, FN=0, Flags=........C, BI=100, SSID=""Z5319476"""
"42812","13.605235","86:f9:72:ce:b6:cd","ff:ff:ff:ff:ff:ff","802.11","444","-46 dBm","-93 dBm","47 dB","Beacon frame, SN=1004, FN=0, Flags=........C, BI=100, SSID=""Z5319476"""
"43151","13.707846","86:f9:72:ce:b6:cd","ff:ff:ff:ff:ff:ff","802.11","444","-47 dBm","-93 dBm","46 dB","Beacon frame, SN=1005, FN=0, Flags=........C, BI=100, SSID=""Z5319476"""
"43499","13.810032","86:f9:72:ce:b6:cd","ff:ff:ff:ff:ff:ff","802.11","444","-48 dBm","-93 dBm","45 dB","Beacon frame, SN=1006, FN=0, Flags=........C, BI=100, SSID=""Z5319476"""
"43882","13.912334","86:f9:72:ce:b6:cd","ff:ff:ff:ff:ff:ff","802.11","444","-47 dBm","-93 dBm","46 dB","Beacon frame, SN=1007, FN=0, Flags=........C, BI=100, SSID=""Z5319476"""
"44212","14.015001","86:f9:72:ce:b6:cd","ff:ff:ff:ff:ff:ff","802.11","444","-48 dBm","-93 dBm","45 dB","Beacon frame, SN=1008, FN=0, Flags=........C, BI=100, SSID=""Z5319476"""
"44564","14.117122","86:f9:72:ce:b6:cd","ff:ff:ff:ff:ff:ff","802.11","444","-48 dBm","-93 dBm","45 dB","Beacon frame, SN=1009, FN=0, Flags=........C, BI=100, SSID=""Z5319476"""
"44920","14.219831","86:f9:72:ce:b6:cd","ff:ff:ff:ff:ff:ff","802.11","444","-48 dBm","-93 dBm","45 dB","Beacon frame, SN=1010, FN=0, Flags=........C, BI=100, SSID=""Z5319476"""
"45295","14.321963","86:f9:72:ce:b6:cd","ff:ff:ff:ff:ff:ff","802.11","444","-46 dBm","-93 dBm","47 dB","Beacon frame, SN=1011, FN=0, Flags=........C, BI=100, SSID=""Z5319476"""
"45621","14.424350","86:f9:72:ce:b6:cd","ff:ff:ff:ff:ff:ff","802.11","444","-45 dBm","-93 dBm","48 dB","Beacon frame, SN=1012, FN=0, Flags=........C, BI=100, SSID=""Z5319476"""
"45998","14.526978","86:f9:72:ce:b6:cd","ff:ff:ff:ff:ff:ff","802.11","444","-46 dBm","-93 dBm","47 dB","Beacon frame, SN=1013, FN=0, Flags=........C, BI=100, SSID=""Z5319476"""
"46363","14.628770","86:f9:72:ce:b6:cd","ff:ff:ff:ff:ff:ff","802.11","444","-46 dBm","-93 dBm","47 dB","Beacon frame, SN=1014, FN=0, Flags=........C, BI=100, SSID=""Z5319476"""
"46663","14.731509","86:f9:72:ce:b6:cd","ff:ff:ff:ff:ff:ff","802.11","444","-45 dBm","-93 dBm","48 dB","Beacon frame, SN=1015, FN=0, Flags=........C, BI=100, SSID=""Z5319476"""
"47005","14.833927","86:f9:72:ce:b6:cd","ff:ff:ff:ff:ff:ff","802.11","444","-46 dBm","-93 dBm","47 dB","Beacon frame, SN=1016, FN=0, Flags=........C, BI=100, SSID=""Z5319476"""
"47323","14.936318","86:f9:72:ce:b6:cd","ff:ff:ff:ff:ff:ff","802.11","444","-47 dBm","-93 dBm","46 dB","Beacon frame, SN=1017, FN=0, Flags=........C, BI=100, SSID=""Z5319476"""
"47631","15.038771","86:f9:72:ce:b6:cd","ff:ff:ff:ff:ff:ff","802.11","444","-48 dBm","-93 dBm","45 dB","Beacon frame, SN=1018, FN=0, Flags=........C, BI=100, SSID=""Z5319476"""
"47922","15.141570","86:f9:72:ce:b6:cd","ff:ff:ff:ff:ff:ff","802.11","444","-47 dBm","-93 dBm","46 dB","Beacon frame, SN=1019, FN=0, Flags=........C, BI=100, SSID=""Z5319476"""
"48286","15.245303","86:f9:72:ce:b6:cd","ff:ff:ff:ff:ff:ff","802.11","444","-47 dBm","-93 dBm","46 dB","Beacon frame, SN=1020, FN=0, Flags=........C, BI=100, SSID=""Z5319476"""
"48615","15.345926","86:f9:72:ce:b6:cd","ff:ff:ff:ff:ff:ff","802.11","444","-48 dBm","-93 dBm","45 dB","Beacon frame, SN=1021, FN=0, Flags=........C, BI=100, SSID=""Z5319476"""
"48913","15.448284","86:f9:72:ce:b6:cd","ff:ff:ff:ff:ff:ff","802.11","444","-48 dBm","-93 dBm","45 dB","Beacon frame, SN=1022, FN=0, Flags=........C, BI=100, SSID=""Z5319476"""
"49229","15.550690","86:f9:72:ce:b6:cd","ff:ff:ff:ff:ff:ff","802.11","444","-48 dBm","-93 dBm","45 dB","Beacon frame, SN=1023, FN=0, Flags=........C, BI=100, SSID=""Z5319476"""
"49501","15.653094","86:f9:72:ce:b6:cd","ff:ff:ff:ff:ff:ff","802.11","444","-48 dBm","-93 dBm","45 dB","Beacon frame, SN=1024, FN=0, Flags=........C, BI=100, SSID=""Z5319476"""
"49827","15.755433","86:f9:72:ce:b6:cd","ff:ff:ff:ff:ff:ff","802.11","444","-48 dBm","-93 dBm","45 dB","Beacon frame, SN=1025, FN=0, Flags=........C, BI=100, SSID=""Z5319476"""
"50184","15.858139","86:f9:72:ce:b6:cd","ff:ff:ff:ff:ff:ff","802.11","444","-44 dBm","-93 dBm","49 dB","Beacon frame, SN=1026, FN=0, Flags=........C, BI=100, SSID=""Z5319476"""
"50540","15.960586","86:f9:72:ce:b6:cd","ff:ff:ff:ff:ff:ff","802.11","444","-47 dBm","-93 dBm","46 dB","Beacon frame, SN=1027, FN=0, Flags=........C, BI=100, SSID=""Z5319476"""
"50956","16.062950","86:f9:72:ce:b6:cd","ff:ff:ff:ff:ff:ff","802.11","444","-47 dBm","-93 dBm","46 dB","Beacon frame, SN=1028, FN=0, Flags=........C, BI=100, SSID=""Z5319476"""
"51364","16.165041","86:f9:72:ce:b6:cd","ff:ff:ff:ff:ff:ff","802.11","444","-46 dBm","-93 dBm","47 dB","Beacon frame, SN=1029, FN=0, Flags=........C, BI=100, SSID=""Z5319476"""
"52061","16.369570","86:f9:72:ce:b6:cd","ff:ff:ff:ff:ff:ff","802.11","444","-45 dBm","-93 dBm","48 dB","Beacon frame, SN=1031, FN=0, Flags=........C, BI=100, SSID=""Z5319476"""
"52415","16.472493","86:f9:72:ce:b6:cd","ff:ff:ff:ff:ff:ff","802.11","444","-45 dBm","-93 dBm","48 dB","Beacon frame, SN=1032, FN=0, Flags=........C, BI=100, SSID=""Z5319476"""
"52742","16.574630","86:f9:72:ce:b6:cd","ff:ff:ff:ff:ff:ff","802.11","444","-47 dBm","-93 dBm","46 dB","Beacon frame, SN=1033, FN=0, Flags=........C, BI=100, SSID=""Z5319476"""
"53097","16.677066","86:f9:72:ce:b6:cd","ff:ff:ff:ff:ff:ff","802.11","444","-44 dBm","-93 dBm","49 dB","Beacon frame, SN=1034, FN=0, Flags=........C, BI=100, SSID=""Z5319476"""
"53414","16.779654","86:f9:72:ce:b6:cd","ff:ff:ff:ff:ff:ff","802.11","444","-46 dBm","-93 dBm","47 dB","Beacon frame, SN=1035, FN=0, Flags=........C, BI=100, SSID=""Z5319476"""
"53702","16.881846","86:f9:72:ce:b6:cd","ff:ff:ff:ff:ff:ff","802.11","444","-46 dBm","-93 dBm","47 dB","Beacon frame, SN=1036, FN=0, Flags=........C, BI=100, SSID=""Z5319476"""
"54021","16.984516","86:f9:72:ce:b6:cd","ff:ff:ff:ff:ff:ff","802.11","444","-46 dBm","-93 dBm","47 dB","Beacon frame, SN=1037, FN=0, Flags=........C, BI=100, SSID=""Z5319476"""
"54332","17.086612","86:f9:72:ce:b6:cd","ff:ff:ff:ff:ff:ff","802.11","444","-46 dBm","-93 dBm","47 dB","Beacon frame, SN=1038, FN=0, Flags=........C, BI=100, SSID=""Z5319476"""
"54644","17.189005","86:f9:72:ce:b6:cd","ff:ff:ff:ff:ff:ff","802.11","444","-46 dBm","-93 dBm","47 dB","Beacon frame, SN=1039, FN=0, Flags=........C, BI=100, SSID=""Z5319476"""
"55015","17.291533","86:f9:72:ce:b6:cd","ff:ff:ff:ff:ff:ff","802.11","444","-46 dBm","-93 dBm","47 dB","Beacon frame, SN=1040, FN=0, Flags=........C, BI=100, SSID=""Z5319476"""
"55306","17.393881","86:f9:72:ce:b6:cd","ff:ff:ff:ff:ff:ff","802.11","444","-46 dBm","-93 dBm","47 dB","Beacon frame, SN=1041, FN=0, Flags=........C, BI=100, SSID=""Z5319476"""
"55647","17.496463","86:f9:72:ce:b6:cd","ff:ff:ff:ff:ff:ff","802.11","444","-45 dBm","-93 dBm","48 dB","Beacon frame, SN=1042, FN=0, Flags=........C, BI=100, SSID=""Z5319476"""
"55996","17.598618","86:f9:72:ce:b6:cd","ff:ff:ff:ff:ff:ff","802.11","444","-46 dBm","-93 dBm","47 dB","Beacon frame, SN=1043, FN=0, Flags=........C, BI=100, SSID=""Z5319476"""
"56338","17.700981","86:f9:72:ce:b6:cd","ff:ff:ff:ff:ff:ff","802.11","444","-46 dBm","-93 dBm","47 dB","Beacon frame, SN=1044, FN=0, Flags=........C, BI=100, SSID=""Z5319476"""
"56741","17.803421","86:f9:72:ce:b6:cd","ff:ff:ff:ff:ff:ff","802.11","444","-46 dBm","-93 dBm","47 dB","Beacon frame, SN=1045, FN=0, Flags=........C, BI=100, SSID=""Z5319476"""
"57089","17.905832","86:f9:72:ce:b6:cd","ff:ff:ff:ff:ff:ff","802.11","444","-45 dBm","-93 dBm","48 dB","Beacon frame, SN=1046, FN=0, Flags=........C, BI=100, SSID=""Z5319476"""
"57446","18.008492","86:f9:72:ce:b6:cd","ff:ff:ff:ff:ff:ff","802.11","444","-45 dBm","-93 dBm","48 dB","Beacon frame, SN=1047, FN=0, Flags=........C, BI=100, SSID=""Z5319476"""
"57830","18.110569","86:f9:72:ce:b6:cd","ff:ff:ff:ff:ff:ff","802.11","444","-45 dBm","-93 dBm","48 dB","Beacon frame, SN=1048, FN=0, Flags=........C, BI=100, SSID=""Z5319476"""
"58193","18.213264","86:f9:72:ce:b6:cd","ff:ff:ff:ff:ff:ff","802.11","444","-46 dBm","-93 dBm","47 dB","Beacon frame, SN=1049, FN=0, Flags=........C, BI=100, SSID=""Z5319476"""
"58453","18.315357","86:f9:72:ce:b6:cd","ff:ff:ff:ff:ff:ff","802.11","444","-46 dBm","-93 dBm","47 dB","Beacon frame, SN=1050, FN=0, Flags=........C, BI=100, SSID=""Z5319476"""
"58776","18.417786","86:f9:72:ce:b6:cd","ff:ff:ff:ff:ff:ff","802.11","444","-45 dBm","-93 dBm","48 dB","Beacon frame, SN=1051, FN=0, Flags=........C, BI=100, SSID=""Z5319476"""
"59101","18.520116","86:f9:72:ce:b6:cd","ff:ff:ff:ff:ff:ff","802.11","444","-45 dBm","-93 dBm","48 dB","Beacon frame, SN=1052, FN=0, Flags=........C, BI=100, SSID=""Z5319476"""
"59442","18.622545","86:f9:72:ce:b6:cd","ff:ff:ff:ff:ff:ff","802.11","444","-45 dBm","-93 dBm","48 dB","Beacon frame, SN=1053, FN=0, Flags=........C, BI=100, SSID=""Z5319476"""
"59735","18.724935","86:f9:72:ce:b6:cd","ff:ff:ff:ff:ff:ff","802.11","444","-46 dBm","-93 dBm","47 dB","Beacon frame, SN=1054, FN=0, Flags=........C, BI=100, SSID=""Z5319476"""
"60046","18.827249","86:f9:72:ce:b6:cd","ff:ff:ff:ff:ff:ff","802.11","444","-46 dBm","-93 dBm","47 dB","Beacon frame, SN=1055, FN=0, Flags=........C, BI=100, SSID=""Z5319476"""
"60393","18.930068","86:f9:72:ce:b6:cd","ff:ff:ff:ff:ff:ff","802.11","444","-45 dBm","-93 dBm","48 dB","Beacon frame, SN=1056, FN=0, Flags=........C, BI=100, SSID=""Z5319476"""
"60738","19.032149","86:f9:72:ce:b6:cd","ff:ff:ff:ff:ff:ff","802.11","444","-46 dBm","-93 dBm","47 dB","Beacon frame, SN=1057, FN=0, Flags=........C, BI=100, SSID=""Z5319476"""
"61104","19.134727","86:f9:72:ce:b6:cd","ff:ff:ff:ff:ff:ff","802.11","444","-45 dBm","-93 dBm","48 dB","Beacon frame, SN=1058, FN=0, Flags=........C, BI=100, SSID=""Z5319476"""
"61416","19.236958","86:f9:72:ce:b6:cd","ff:ff:ff:ff:ff:ff","802.11","444","-46 dBm","-93 dBm","47 dB","Beacon frame, SN=1059, FN=0, Flags=........C, BI=100, SSID=""Z5319476"""
"61706","19.339638","86:f9:72:ce:b6:cd","ff:ff:ff:ff:ff:ff","802.11","444","-45 dBm","-93 dBm","48 dB","Beacon frame, SN=1060, FN=0, Flags=........C, BI=100, SSID=""Z5319476"""
"62041","19.441715","86:f9:72:ce:b6:cd","ff:ff:ff:ff:ff:ff","802.11","444","-45 dBm","-93 dBm","48 dB","Beacon frame, SN=1061, FN=0, Flags=........C, BI=100, SSID=""Z5319476"""
"62341","19.544339","86:f9:72:ce:b6:cd","ff:ff:ff:ff:ff:ff","802.11","444","-46 dBm","-93 dBm","47 dB","Beacon frame, SN=1062, FN=0, Flags=........C, BI=100, SSID=""Z5319476"""
"62607","19.646505","86:f9:72:ce:b6:cd","ff:ff:ff:ff:ff:ff","802.11","444","-46 dBm","-93 dBm","47 dB","Beacon frame, SN=1063, FN=0, Flags=........C, BI=100, SSID=""Z5319476"""
"62901","19.749183","86:f9:72:ce:b6:cd","ff:ff:ff:ff:ff:ff","802.11","444","-45 dBm","-93 dBm","48 dB","Beacon frame, SN=1064, FN=0, Flags=........C, BI=100, SSID=""Z5319476"""
"63189","19.852197","86:f9:72:ce:b6:cd","ff:ff:ff:ff:ff:ff","802.11","444","-45 dBm","-93 dBm","48 dB","Beacon frame, SN=1065, FN=0, Flags=........C, BI=100, SSID=""Z5319476"""
"63827","20.056207","86:f9:72:ce:b6:cd","ff:ff:ff:ff:ff:ff","802.11","444","-44 dBm","-93 dBm","49 dB","Beacon frame, SN=1067, FN=0, Flags=........C, BI=100, SSID=""Z5319476"""
"64161","20.158444","86:f9:72:ce:b6:cd","ff:ff:ff:ff:ff:ff","802.11","444","-45 dBm","-93 dBm","48 dB","Beacon frame, SN=1068, FN=0, Flags=........C, BI=100, SSID=""Z5319476"""
"64461","20.261148","86:f9:72:ce:b6:cd","ff:ff:ff:ff:ff:ff","802.11","444","-45 dBm","-93 dBm","48 dB","Beacon frame, SN=1069, FN=0, Flags=........C, BI=100, SSID=""Z5319476"""
"64795","20.363134","86:f9:72:ce:b6:cd","ff:ff:ff:ff:ff:ff","802.11","444","-45 dBm","-93 dBm","48 dB","Beacon frame, SN=1070, FN=0, Flags=........C, BI=100, SSID=""Z5319476"""
"65097","20.465643","86:f9:72:ce:b6:cd","ff:ff:ff:ff:ff:ff","802.11","444","-45 dBm","-93 dBm","48 dB","Beacon frame, SN=1071, FN=0, Flags=........C, BI=100, SSID=""Z5319476"""
"65405","20.568110","86:f9:72:ce:b6:cd","ff:ff:ff:ff:ff:ff","802.11","444","-46 dBm","-93 dBm","47 dB","Beacon frame, SN=1072, FN=0, Flags=........C, BI=100, SSID=""Z5319476"""
"65720","20.670486","86:f9:72:ce:b6:cd","ff:ff:ff:ff:ff:ff","802.11","444","-48 dBm","-93 dBm","45 dB","Beacon frame, SN=1073, FN=0, Flags=........C, BI=100, SSID=""Z5319476"""
"66039","20.773261","86:f9:72:ce:b6:cd","ff:ff:ff:ff:ff:ff","802.11","444","-46 dBm","-93 dBm","47 dB","Beacon frame, SN=1074, FN=0, Flags=........C, BI=100, SSID=""Z5319476"""
"66354","20.875546","86:f9:72:ce:b6:cd","ff:ff:ff:ff:ff:ff","802.11","444","-45 dBm","-93 dBm","48 dB","Beacon frame, SN=1075, FN=0, Flags=........C, BI=100, SSID=""Z5319476"""
"66635","20.977669","86:f9:72:ce:b6:cd","ff:ff:ff:ff:ff:ff","802.11","444","-46 dBm","-93 dBm","47 dB","Beacon frame, SN=1076, FN=0, Flags=........C, BI=100, SSID=""Z5319476"""
"66900","21.080324","86:f9:72:ce:b6:cd","ff:ff:ff:ff:ff:ff","802.11","444","-45 dBm","-93 dBm","48 dB","Beacon frame, SN=1077, FN=0, Flags=........C, BI=100, SSID=""Z5319476"""
"67185","21.182435","86:f9:72:ce:b6:cd","ff:ff:ff:ff:ff:ff","802.11","444","-45 dBm","-93 dBm","48 dB","Beacon frame, SN=1078, FN=0, Flags=........C, BI=100, SSID=""Z5319476"""
"67464","21.284802","86:f9:72:ce:b6:cd","ff:ff:ff:ff:ff:ff","802.11","444","-46 dBm","-93 dBm","47 dB","Beacon frame, SN=1079, FN=0, Flags=........C, BI=100, SSID=""Z5319476"""
"67777","21.387234","86:f9:72:ce:b6:cd","ff:ff:ff:ff:ff:ff","802.11","444","-47 dBm","-93 dBm","46 dB","Beacon frame, SN=1080, FN=0, Flags=........C, BI=100, SSID=""Z5319476"""
"68082","21.489617","86:f9:72:ce:b6:cd","ff:ff:ff:ff:ff:ff","802.11","444","-48 dBm","-93 dBm","45 dB","Beacon frame, SN=1081, FN=0, Flags=........C, BI=100, SSID=""Z5319476"""
"68405","21.592290","86:f9:72:ce:b6:cd","ff:ff:ff:ff:ff:ff","802.11","444","-47 dBm","-93 dBm","46 dB","Beacon frame, SN=1082, FN=0, Flags=........C, BI=100, SSID=""Z5319476"""
"68728","21.694812","86:f9:72:ce:b6:cd","ff:ff:ff:ff:ff:ff","802.11","444","-48 dBm","-93 dBm","45 dB","Beacon frame, SN=1083, FN=0, Flags=........C, BI=100, SSID=""Z5319476"""
"68981","21.796823","86:f9:72:ce:b6:cd","ff:ff:ff:ff:ff:ff","802.11","444","-47 dBm","-93 dBm","46 dB","Beacon frame, SN=1084, FN=0, Flags=........C, BI=100, SSID=""Z5319476"""
"69238","21.899234","86:f9:72:ce:b6:cd","ff:ff:ff:ff:ff:ff","802.11","444","-46 dBm","-93 dBm","47 dB","Beacon frame, SN=1085, FN=0, Flags=........C, BI=100, SSID=""Z5319476"""
"69532","22.001581","86:f9:72:ce:b6:cd","ff:ff:ff:ff:ff:ff","802.11","444","-45 dBm","-93 dBm","48 dB","Beacon frame, SN=1086, FN=0, Flags=........C, BI=100, SSID=""Z5319476"""
"69835","22.104364","86:f9:72:ce:b6:cd","ff:ff:ff:ff:ff:ff","802.11","444","-46 dBm","-93 dBm","47 dB","Beacon frame, SN=1087, FN=0, Flags=........C, BI=100, SSID=""Z5319476"""
"70217","22.206407","86:f9:72:ce:b6:cd","ff:ff:ff:ff:ff:ff","802.11","444","-46 dBm","-93 dBm","47 dB","Beacon frame, SN=1088, FN=0, Flags=........C, BI=100, SSID=""Z5319476"""
"70551","22.308804","86:f9:72:ce:b6:cd","ff:ff:ff:ff:ff:ff","802.11","444","-45 dBm","-93 dBm","48 dB","Beacon frame, SN=1089, FN=0, Flags=........C, BI=100, SSID=""Z5319476"""
"70881","22.411173","86:f9:72:ce:b6:cd","ff:ff:ff:ff:ff:ff","802.11","444","-46 dBm","-93 dBm","47 dB","Beacon frame, SN=1090, FN=0, Flags=........C, BI=100, SSID=""Z5319476"""
"71184","22.513641","86:f9:72:ce:b6:cd","ff:ff:ff:ff:ff:ff","802.11","444","-48 dBm","-93 dBm","45 dB","Beacon frame, SN=1091, FN=0, Flags=........C, BI=100, SSID=""Z5319476"""
"71520","22.615968","86:f9:72:ce:b6:cd","ff:ff:ff:ff:ff:ff","802.11","444","-45 dBm","-93 dBm","48 dB","Beacon frame, SN=1092, FN=0, Flags=........C, BI=100, SSID=""Z5319476"""
"71864","22.718326","86:f9:72:ce:b6:cd","ff:ff:ff:ff:ff:ff","802.11","444","-46 dBm","-93 dBm","47 dB","Beacon frame, SN=1093, FN=0, Flags=........C, BI=100, SSID=""Z5319476"""
"72183","22.820744","86:f9:72:ce:b6:cd","ff:ff:ff:ff:ff:ff","802.11","444","-47 dBm","-93 dBm","46 dB","Beacon frame, SN=1094, FN=0, Flags=........C, BI=100, SSID=""Z5319476"""
"72560","22.923129","86:f9:72:ce:b6:cd","ff:ff:ff:ff:ff:ff","802.11","444","-48 dBm","-93 dBm","45 dB","Beacon frame, SN=1095, FN=0, Flags=........C, BI=100, SSID=""Z5319476"""
"72936","23.026991","86:f9:72:ce:b6:cd","ff:ff:ff:ff:ff:ff","802.11","444","-46 dBm","-93 dBm","47 dB","Beacon frame, SN=1096, FN=0, Flags=........C, BI=100, SSID=""Z5319476"""
"73315","23.127989","86:f9:72:ce:b6:cd","ff:ff:ff:ff:ff:ff","802.11","444","-46 dBm","-93 dBm","47 dB","Beacon frame, SN=1097, FN=0, Flags=........C, BI=100, SSID=""Z5319476"""
"73672","23.230923","86:f9:72:ce:b6:cd","ff:ff:ff:ff:ff:ff","802.11","444","-45 dBm","-93 dBm","48 dB","Beacon frame, SN=1098, FN=0, Flags=........C, BI=100, SSID=""Z5319476"""
"74064","23.333040","86:f9:72:ce:b6:cd","ff:ff:ff:ff:ff:ff","802.11","444","-44 dBm","-93 dBm","49 dB","Beacon frame, SN=1099, FN=0, Flags=........C, BI=100, SSID=""Z5319476"""
"74395","23.435165","86:f9:72:ce:b6:cd","ff:ff:ff:ff:ff:ff","802.11","444","-46 dBm","-93 dBm","47 dB","Beacon frame, SN=1100, FN=0, Flags=........C, BI=100, SSID=""Z5319476"""
"74744","23.537868","86:f9:72:ce:b6:cd","ff:ff:ff:ff:ff:ff","802.11","444","-45 dBm","-93 dBm","48 dB","Beacon frame, SN=1101, FN=0, Flags=........C, BI=100, SSID=""Z5319476"""
"75072","23.640199","86:f9:72:ce:b6:cd","ff:ff:ff:ff:ff:ff","802.11","444","-45 dBm","-93 dBm","48 dB","Beacon frame, SN=1102, FN=0, Flags=........C, BI=100, SSID=""Z5319476"""
"75368","23.742353","86:f9:72:ce:b6:cd","ff:ff:ff:ff:ff:ff","802.11","444","-45 dBm","-93 dBm","48 dB","Beacon frame, SN=1103, FN=0, Flags=........C, BI=100, SSID=""Z5319476"""
"75983","23.947107","86:f9:72:ce:b6:cd","ff:ff:ff:ff:ff:ff","802.11","444","-46 dBm","-93 dBm","47 dB","Beacon frame, SN=1105, FN=0, Flags=........C, BI=100, SSID=""Z5319476"""
"76333","24.049555","86:f9:72:ce:b6:cd","ff:ff:ff:ff:ff:ff","802.11","444","-47 dBm","-93 dBm","46 dB","Beacon frame, SN=1106, FN=0, Flags=........C, BI=100, SSID=""Z5319476"""
"76652","24.152214","86:f9:72:ce:b6:cd","ff:ff:ff:ff:ff:ff","802.11","444","-46 dBm","-93 dBm","47 dB","Beacon frame, SN=1107, FN=0, Flags=........C, BI=100, SSID=""Z5319476"""
"76962","24.254594","86:f9:72:ce:b6:cd","ff:ff:ff:ff:ff:ff","802.11","444","-48 dBm","-93 dBm","45 dB","Beacon frame, SN=1108, FN=0, Flags=........C, BI=100, SSID=""Z5319476"""
"77282","24.356704","86:f9:72:ce:b6:cd","ff:ff:ff:ff:ff:ff","802.11","444","-48 dBm","-93 dBm","45 dB","Beacon frame, SN=1109, FN=0, Flags=........C, BI=100, SSID=""Z5319476"""
"77610","24.459139","86:f9:72:ce:b6:cd","ff:ff:ff:ff:ff:ff","802.11","444","-47 dBm","-93 dBm","46 dB","Beacon frame, SN=1110, FN=0, Flags=........C, BI=100, SSID=""Z5319476"""
"77938","24.561640","86:f9:72:ce:b6:cd","ff:ff:ff:ff:ff:ff","802.11","444","-48 dBm","-93 dBm","45 dB","Beacon frame, SN=1111, FN=0, Flags=........C, BI=100, SSID=""Z5319476"""
"78262","24.664224","86:f9:72:ce:b6:cd","ff:ff:ff:ff:ff:ff","802.11","444","-48 dBm","-93 dBm","45 dB","Beacon frame, SN=1112, FN=0, Flags=........C, BI=100, SSID=""Z5319476"""
"78633","24.766424","86:f9:72:ce:b6:cd","ff:ff:ff:ff:ff:ff","802.11","444","-47 dBm","-93 dBm","46 dB","Beacon frame, SN=1113, FN=0, Flags=........C, BI=100, SSID=""Z5319476"""
"78969","24.868731","86:f9:72:ce:b6:cd","ff:ff:ff:ff:ff:ff","802.11","444","-46 dBm","-93 dBm","47 dB","Beacon frame, SN=1114, FN=0, Flags=........C, BI=100, SSID=""Z5319476"""
"79317","24.971334","86:f9:72:ce:b6:cd","ff:ff:ff:ff:ff:ff","802.11","444","-46 dBm","-93 dBm","47 dB","Beacon frame, SN=1115, FN=0, Flags=........C, BI=100, SSID=""Z5319476"""
"79658","25.073767","86:f9:72:ce:b6:cd","ff:ff:ff:ff:ff:ff","802.11","444","-47 dBm","-93 dBm","46 dB","Beacon frame, SN=1116, FN=0, Flags=........C, BI=100, SSID=""Z5319476"""
"80026","25.175881","86:f9:72:ce:b6:cd","ff:ff:ff:ff:ff:ff","802.11","444","-48 dBm","-93 dBm","45 dB","Beacon frame, SN=1117, FN=0, Flags=........C, BI=100, SSID=""Z5319476"""
"80346","25.278292","86:f9:72:ce:b6:cd","ff:ff:ff:ff:ff:ff","802.11","444","-48 dBm","-93 dBm","45 dB","Beacon frame, SN=1118, FN=0, Flags=........C, BI=100, SSID=""Z5319476"""
"80704","25.380671","86:f9:72:ce:b6:cd","ff:ff:ff:ff:ff:ff","802.11","444","-47 dBm","-93 dBm","46 dB","Beacon frame, SN=1119, FN=0, Flags=........C, BI=100, SSID=""Z5319476"""
"81041","25.483358","86:f9:72:ce:b6:cd","ff:ff:ff:ff:ff:ff","802.11","444","-47 dBm","-93 dBm","46 dB","Beacon frame, SN=1120, FN=0, Flags=........C, BI=100, SSID=""Z5319476"""
"81331","25.586181","86:f9:72:ce:b6:cd","ff:ff:ff:ff:ff:ff","802.11","444","-48 dBm","-93 dBm","45 dB","Beacon frame, SN=1121, FN=0, Flags=........C, BI=100, SSID=""Z5319476"""
"81599","25.687863","86:f9:72:ce:b6:cd","ff:ff:ff:ff:ff:ff","802.11","444","-48 dBm","-93 dBm","45 dB","Beacon frame, SN=1122, FN=0, Flags=........C, BI=100, SSID=""Z5319476"""
"81943","25.790212","86:f9:72:ce:b6:cd","ff:ff:ff:ff:ff:ff","802.11","444","-48 dBm","-93 dBm","45 dB","Beacon frame, SN=1123, FN=0, Flags=........C, BI=100, SSID=""Z5319476"""
"82261","25.892645","86:f9:72:ce:b6:cd","ff:ff:ff:ff:ff:ff","802.11","444","-49 dBm","-93 dBm","44 dB","Beacon frame, SN=1124, FN=0, Flags=........C, BI=100, SSID=""Z5319476"""
"82622","25.995306","86:f9:72:ce:b6:cd","ff:ff:ff:ff:ff:ff","802.11","444","-47 dBm","-93 dBm","46 dB","Beacon frame, SN=1125, FN=0, Flags=........C, BI=100, SSID=""Z5319476"""
"82947","26.097742","86:f9:72:ce:b6:cd","ff:ff:ff:ff:ff:ff","802.11","444","-44 dBm","-93 dBm","49 dB","Beacon frame, SN=1126, FN=0, Flags=........C, BI=100, SSID=""Z5319476"""
"83286","26.200132","86:f9:72:ce:b6:cd","ff:ff:ff:ff:ff:ff","802.11","444","-48 dBm","-93 dBm","45 dB","Beacon frame, SN=1127, FN=0, Flags=........C, BI=100, SSID=""Z5319476"""
"83604","26.303483","86:f9:72:ce:b6:cd","ff:ff:ff:ff:ff:ff","802.11","444","-45 dBm","-93 dBm","48 dB","Beacon frame, SN=1128, FN=0, Flags=........C, BI=100, SSID=""Z5319476"""
"83912","26.404657","86:f9:72:ce:b6:cd","ff:ff:ff:ff:ff:ff","802.11","444","-45 dBm","-93 dBm","48 dB","Beacon frame, SN=1129, FN=0, Flags=........C, BI=100, SSID=""Z5319476"""
"84256","26.507284","86:f9:72:ce:b6:cd","ff:ff:ff:ff:ff:ff","802.11","444","-46 dBm","-93 dBm","47 dB","Beacon frame, SN=1130, FN=0, Flags=........C, BI=100, SSID=""Z5319476"""
"84586","26.609518","86:f9:72:ce:b6:cd","ff:ff:ff:ff:ff:ff","802.11","444","-45 dBm","-93 dBm","48 dB","Beacon frame, SN=1131, FN=0, Flags=........C, BI=100, SSID=""Z5319476"""
"84943","26.712084","86:f9:72:ce:b6:cd","ff:ff:ff:ff:ff:ff","802.11","444","-45 dBm","-93 dBm","48 dB","Beacon frame, SN=1132, FN=0, Flags=........C, BI=100, SSID=""Z5319476"""
"85307","26.814203","86:f9:72:ce:b6:cd","ff:ff:ff:ff:ff:ff","802.11","444","-46 dBm","-93 dBm","47 dB","Beacon frame, SN=1133, FN=0, Flags=........C, BI=100, SSID=""Z5319476"""
"85717","26.916662","86:f9:72:ce:b6:cd","ff:ff:ff:ff:ff:ff","802.11","444","-46 dBm","-93 dBm","47 dB","Beacon frame, SN=1134, FN=0, Flags=........C, BI=100, SSID=""Z5319476"""
"86067","27.019178","86:f9:72:ce:b6:cd","ff:ff:ff:ff:ff:ff","802.11","444","-46 dBm","-93 dBm","47 dB","Beacon frame, SN=1135, FN=0, Flags=........C, BI=100, SSID=""Z5319476"""
"86459","27.121662","86:f9:72:ce:b6:cd","ff:ff:ff:ff:ff:ff","802.11","444","-45 dBm","-93 dBm","48 dB","Beacon frame, SN=1136, FN=0, Flags=........C, BI=100, SSID=""Z5319476"""
"86833","27.224073","86:f9:72:ce:b6:cd","ff:ff:ff:ff:ff:ff","802.11","444","-45 dBm","-93 dBm","48 dB","Beacon frame, SN=1137, FN=0, Flags=........C, BI=100, SSID=""Z5319476"""
"87209","27.326347","86:f9:72:ce:b6:cd","ff:ff:ff:ff:ff:ff","802.11","444","-45 dBm","-93 dBm","48 dB","Beacon frame, SN=1138, FN=0, Flags=........C, BI=100, SSID=""Z5319476"""
"87957","27.531290","86:f9:72:ce:b6:cd","ff:ff:ff:ff:ff:ff","802.11","444","-45 dBm","-93 dBm","48 dB","Beacon frame, SN=1140, FN=0, Flags=........C, BI=100, SSID=""Z5319476"""
"88318","27.633422","86:f9:72:ce:b6:cd","ff:ff:ff:ff:ff:ff","802.11","444","-45 dBm","-93 dBm","48 dB","Beacon frame, SN=1141, FN=0, Flags=........C, BI=100, SSID=""Z5319476"""
"88673","27.735873","86:f9:72:ce:b6:cd","ff:ff:ff:ff:ff:ff","802.11","444","-45 dBm","-93 dBm","48 dB","Beacon frame, SN=1142, FN=0, Flags=........C, BI=100, SSID=""Z5319476"""
"89057","27.838441","86:f9:72:ce:b6:cd","ff:ff:ff:ff:ff:ff","802.11","444","-45 dBm","-93 dBm","48 dB","Beacon frame, SN=1143, FN=0, Flags=........C, BI=100, SSID=""Z5319476"""
"89439","27.940580","86:f9:72:ce:b6:cd","ff:ff:ff:ff:ff:ff","802.11","444","-45 dBm","-93 dBm","48 dB","Beacon frame, SN=1144, FN=0, Flags=........C, BI=100, SSID=""Z5319476"""
"89829","28.042983","86:f9:72:ce:b6:cd","ff:ff:ff:ff:ff:ff","802.11","444","-45 dBm","-93 dBm","48 dB","Beacon frame, SN=1145, FN=0, Flags=........C, BI=100, SSID=""Z5319476"""
"90206","28.145656","86:f9:72:ce:b6:cd","ff:ff:ff:ff:ff:ff","802.11","444","-44 dBm","-93 dBm","49 dB","Beacon frame, SN=1146, FN=0, Flags=........C, BI=100, SSID=""Z5319476"""
"90571","28.247737","86:f9:72:ce:b6:cd","ff:ff:ff:ff:ff:ff","802.11","444","-44 dBm","-93 dBm","49 dB","Beacon frame, SN=1147, FN=0, Flags=........C, BI=100, SSID=""Z5319476"""
"90919","28.350157","86:f9:72:ce:b6:cd","ff:ff:ff:ff:ff:ff","802.11","444","-45 dBm","-93 dBm","48 dB","Beacon frame, SN=1148, FN=0, Flags=........C, BI=100, SSID=""Z5319476"""
"91281","28.452787","86:f9:72:ce:b6:cd","ff:ff:ff:ff:ff:ff","802.11","444","-46 dBm","-93 dBm","47 dB","Beacon frame, SN=1149, FN=0, Flags=........C, BI=100, SSID=""Z5319476"""
"91667","28.555213","86:f9:72:ce:b6:cd","ff:ff:ff:ff:ff:ff","802.11","444","-47 dBm","-93 dBm","46 dB","Beacon frame, SN=1150, FN=0, Flags=........C, BI=100, SSID=""Z5319476"""
"92368","28.759690","86:f9:72:ce:b6:cd","ff:ff:ff:ff:ff:ff","802.11","444","-46 dBm","-93 dBm","47 dB","Beacon frame, SN=1152, FN=0, Flags=........C, BI=100, SSID=""Z5319476"""
"92684","28.862445","86:f9:72:ce:b6:cd","ff:ff:ff:ff:ff:ff","802.11","444","-48 dBm","-93 dBm","45 dB","Beacon frame, SN=1153, FN=0, Flags=........C, BI=100, SSID=""Z5319476"""
"93043","28.964813","86:f9:72:ce:b6:cd","ff:ff:ff:ff:ff:ff","802.11","444","-48 dBm","-93 dBm","45 dB","Beacon frame, SN=1154, FN=0, Flags=........C, BI=100, SSID=""Z5319476"""
"93418","29.066952","86:f9:72:ce:b6:cd","ff:ff:ff:ff:ff:ff","802.11","444","-48 dBm","-93 dBm","45 dB","Beacon frame, SN=1155, FN=0, Flags=........C, BI=100, SSID=""Z5319476"""
"93779","29.169620","86:f9:72:ce:b6:cd","ff:ff:ff:ff:ff:ff","802.11","444","-49 dBm","-93 dBm","44 dB","Beacon frame, SN=1156, FN=0, Flags=........C, BI=100, SSID=""Z5319476"""
"94124","29.271693","86:f9:72:ce:b6:cd","ff:ff:ff:ff:ff:ff","802.11","444","-48 dBm","-93 dBm","45 dB","Beacon frame, SN=1157, FN=0, Flags=........C, BI=100, SSID=""Z5319476"""
"94388","29.374134","86:f9:72:ce:b6:cd","ff:ff:ff:ff:ff:ff","802.11","444","-49 dBm","-93 dBm","44 dB","Beacon frame, SN=1158, FN=0, Flags=........C, BI=100, SSID=""Z5319476"""
"94639","29.476499","86:f9:72:ce:b6:cd","ff:ff:ff:ff:ff:ff","802.11","444","-49 dBm","-93 dBm","44 dB","Beacon frame, SN=1159, FN=0, Flags=........C, BI=100, SSID=""Z5319476"""
"94914","29.578880","86:f9:72:ce:b6:cd","ff:ff:ff:ff:ff:ff","802.11","444","-50 dBm","-93 dBm","43 dB","Beacon frame, SN=1160, FN=0, Flags=........C, BI=100, SSID=""Z5319476"""
"95229","29.681409","86:f9:72:ce:b6:cd","ff:ff:ff:ff:ff:ff","802.11","444","-50 dBm","-93 dBm","43 dB","Beacon frame, SN=1161, FN=0, Flags=........C, BI=100, SSID=""Z5319476"""
"95519","29.783690","86:f9:72:ce:b6:cd","ff:ff:ff:ff:ff:ff","802.11","444","-49 dBm","-93 dBm","44 dB","Beacon frame, SN=1162, FN=0, Flags=........C, BI=100, SSID=""Z5319476"""
"95795","29.886346","86:f9:72:ce:b6:cd","ff:ff:ff:ff:ff:ff","802.11","444","-50 dBm","-93 dBm","43 dB","Beacon frame, SN=1163, FN=0, Flags=........C, BI=100, SSID=""Z5319476"""
"96127","29.988462","86:f9:72:ce:b6:cd","ff:ff:ff:ff:ff:ff","802.11","444","-49 dBm","-93 dBm","44 dB","Beacon frame, SN=1164, FN=0, Flags=........C, BI=100, SSID=""Z5319476"""
"96407","30.090849","86:f9:72:ce:b6:cd","ff:ff:ff:ff:ff:ff","802.11","444","-49 dBm","-93 dBm","44 dB","Beacon frame, SN=1165, FN=0, Flags=........C, BI=100, SSID=""Z5319476"""
"96676","30.193303","86:f9:72:ce:b6:cd","ff:ff:ff:ff:ff:ff","802.11","444","-48 dBm","-93 dBm","45 dB","Beacon frame, SN=1166, FN=0, Flags=........C, BI=100, SSID=""Z5319476"""
"96938","30.295676","86:f9:72:ce:b6:cd","ff:ff:ff:ff:ff:ff","802.11","444","-49 dBm","-93 dBm","44 dB","Beacon frame, SN=1167, FN=0, Flags=........C, BI=100, SSID=""Z5319476"""
"97196","30.398380","86:f9:72:ce:b6:cd","ff:ff:ff:ff:ff:ff","802.11","444","-49 dBm","-93 dBm","44 dB","Beacon frame, SN=1168, FN=0, Flags=........C, BI=100, SSID=""Z5319476"""
"97425","30.500439","86:f9:72:ce:b6:cd","ff:ff:ff:ff:ff:ff","802.11","444","-48 dBm","-93 dBm","45 dB","Beacon frame, SN=1169, FN=0, Flags=........C, BI=100, SSID=""Z5319476"""
"97896","30.705547","86:f9:72:ce:b6:cd","ff:ff:ff:ff:ff:ff","802.11","444","-48 dBm","-93 dBm","45 dB","Beacon frame, SN=1171, FN=0, Flags=........C, BI=100, SSID=""Z5319476"""
"98156","30.807952","86:f9:72:ce:b6:cd","ff:ff:ff:ff:ff:ff","802.11","444","-48 dBm","-93 dBm","45 dB","Beacon frame, SN=1172, FN=0, Flags=........C, BI=100, SSID=""Z5319476"""
"98421","30.910087","86:f9:72:ce:b6:cd","ff:ff:ff:ff:ff:ff","802.11","444","-48 dBm","-93 dBm","45 dB","Beacon frame, SN=1173, FN=0, Flags=........C, BI=100, SSID=""Z5319476"""
