"No.","Time","Source","Destination","Protocol","Length","Signal strength (RSSI)","Noise level (dBm)","Signal/noise ratio (dB)","Info"
"19","0.005996","fa:b6:bc:57:2b:fd","ff:ff:ff:ff:ff:ff","802.11","444","-58 dBm","-93 dBm","35 dB","Beacon frame, SN=1473, FN=0, Flags=........C, BI=100, SSID=""Z5319476"""
"386","0.108534","fa:b6:bc:57:2b:fd","ff:ff:ff:ff:ff:ff","802.11","444","-57 dBm","-93 dBm","36 dB","Beacon frame, SN=1474, FN=0, Flags=........C, BI=100, SSID=""Z5319476"""
"758","0.211102","fa:b6:bc:57:2b:fd","ff:ff:ff:ff:ff:ff","802.11","444","-57 dBm","-93 dBm","36 dB","Beacon frame, SN=1475, FN=0, Flags=........C, BI=100, SSID=""Z5319476"""
"1072","0.313345","fa:b6:bc:57:2b:fd","ff:ff:ff:ff:ff:ff","802.11","444","-57 dBm","-93 dBm","36 dB","Beacon frame, SN=1476, FN=0, Flags=........C, BI=100, SSID=""Z5319476"""
"1345","0.415673","fa:b6:bc:57:2b:fd","ff:ff:ff:ff:ff:ff","802.11","444","-57 dBm","-93 dBm","36 dB","Beacon frame, SN=1477, FN=0, Flags=........C, BI=100, SSID=""Z5319476"""
"1618","0.518135","fa:b6:bc:57:2b:fd","ff:ff:ff:ff:ff:ff","802.11","444","-58 dBm","-93 dBm","35 dB","Beacon frame, SN=1478, FN=0, Flags=........C, BI=100, SSID=""Z5319476"""
"1914","0.620664","fa:b6:bc:57:2b:fd","ff:ff:ff:ff:ff:ff","802.11","444","-58 dBm","-93 dBm","35 dB","Beacon frame, SN=1479, FN=0, Flags=........C, BI=100, SSID=""Z5319476"""
"2186","0.722898","fa:b6:bc:57:2b:fd","ff:ff:ff:ff:ff:ff","802.11","444","-58 dBm","-93 dBm","35 dB","Beacon frame, SN=1480, FN=0, Flags=........C, BI=100, SSID=""Z5319476"""
"2522","0.825595","fa:b6:bc:57:2b:fd","ff:ff:ff:ff:ff:ff","802.11","444","-58 dBm","-93 dBm","35 dB","Beacon frame, SN=1481, FN=0, Flags=........C, BI=100, SSID=""Z5319476"""
"2881","0.927670","fa:b6:bc:57:2b:fd","ff:ff:ff:ff:ff:ff","802.11","444","-58 dBm","-93 dBm","35 dB","Beacon frame, SN=1482, FN=0, Flags=........C, BI=100, SSID=""Z5319476"""
"3221","1.030035","fa:b6:bc:57:2b:fd","ff:ff:ff:ff:ff:ff","802.11","444","-59 dBm","-93 dBm","34 dB","Beacon frame, SN=1483, FN=0, Flags=........C, BI=100, SSID=""Z5319476"""
"3565","1.132464","fa:b6:bc:57:2b:fd","ff:ff:ff:ff:ff:ff","802.11","444","-58 dBm","-93 dBm","35 dB","Beacon frame, SN=1484, FN=0, Flags=........C, BI=100, SSID=""Z5319476"""
"3876","1.234857","fa:b6:bc:57:2b:fd","ff:ff:ff:ff:ff:ff","802.11","444","-58 dBm","-93 dBm","35 dB","Beacon frame, SN=1485, FN=0, Flags=........C, BI=100, SSID=""Z5319476"""
"4550","1.439629","fa:b6:bc:57:2b:fd","ff:ff:ff:ff:ff:ff","802.11","444","-57 dBm","-93 dBm","36 dB","Beacon frame, SN=1487, FN=0, Flags=........C, BI=100, SSID=""Z5319476"""
"4880","1.541754","fa:b6:bc:57:2b:fd","ff:ff:ff:ff:ff:ff","802.11","444","-57 dBm","-93 dBm","36 dB","Beacon frame, SN=1488, FN=0, Flags=........C, BI=100, SSID=""Z5319476"""
"5210","1.644694","fa:b6:bc:57:2b:fd","ff:ff:ff:ff:ff:ff","802.11","444","-57 dBm","-93 dBm","36 dB","Beacon frame, SN=1489, FN=0, Flags=........C, BI=100, SSID=""Z5319476"""
"5539","1.746956","fa:b6:bc:57:2b:fd","ff:ff:ff:ff:ff:ff","802.11","444","-56 dBm","-93 dBm","37 dB","Beacon frame, SN=1490, FN=0, Flags=........C, BI=100, SSID=""Z5319476"""
"5872","1.849267","fa:b6:bc:57:2b:fd","ff:ff:ff:ff:ff:ff","802.11","444","-56 dBm","-93 dBm","37 dB","Beacon frame, SN=1491, FN=0, Flags=........C, BI=100, SSID=""Z5319476"""
"6175","1.952030","fa:b6:bc:57:2b:fd","ff:ff:ff:ff:ff:ff","802.11","444","-57 dBm","-93 dBm","36 dB","Beacon frame, SN=1492, FN=0, Flags=........C, BI=100, SSID=""Z5319476"""
"6495","2.054267","fa:b6:bc:57:2b:fd","ff:ff:ff:ff:ff:ff","802.11","444","-56 dBm","-93 dBm","37 dB","Beacon frame, SN=1493, FN=0, Flags=........C, BI=100, SSID=""Z5319476"""
"6879","2.156400","fa:b6:bc:57:2b:fd","ff:ff:ff:ff:ff:ff","802.11","444","-56 dBm","-93 dBm","37 dB","Beacon frame, SN=1494, FN=0, Flags=........C, BI=100, SSID=""Z5319476"""
"7238","2.258790","fa:b6:bc:57:2b:fd","ff:ff:ff:ff:ff:ff","802.11","444","-56 dBm","-93 dBm","37 dB","Beacon frame, SN=1495, FN=0, Flags=........C, BI=100, SSID=""Z5319476"""
"7548","2.361187","fa:b6:bc:57:2b:fd","ff:ff:ff:ff:ff:ff","802.11","444","-55 dBm","-93 dBm","38 dB","Beacon frame, SN=1496, FN=0, Flags=........C, BI=100, SSID=""Z5319476"""
"7885","2.463800","fa:b6:bc:57:2b:fd","ff:ff:ff:ff:ff:ff","802.11","444","-56 dBm","-93 dBm","37 dB","Beacon frame, SN=1497, FN=0, Flags=........C, BI=100, SSID=""Z5319476"""
"8222","2.566268","fa:b6:bc:57:2b:fd","ff:ff:ff:ff:ff:ff","802.11","444","-58 dBm","-93 dBm","35 dB","Beacon frame, SN=1498, FN=0, Flags=........C, BI=100, SSID=""Z5319476"""
"8613","2.668369","fa:b6:bc:57:2b:fd","ff:ff:ff:ff:ff:ff","802.11","444","-58 dBm","-93 dBm","35 dB","Beacon frame, SN=1499, FN=0, Flags=........C, BI=100, SSID=""Z5319476"""
"8994","2.771446","fa:b6:bc:57:2b:fd","ff:ff:ff:ff:ff:ff","802.11","444","-56 dBm","-93 dBm","37 dB","Beacon frame, SN=1500, FN=0, Flags=........C, BI=100, SSID=""Z5319476"""
"9351","2.873450","fa:b6:bc:57:2b:fd","ff:ff:ff:ff:ff:ff","802.11","444","-56 dBm","-93 dBm","37 dB","Beacon frame, SN=1501, FN=0, Flags=........C, BI=100, SSID=""Z5319476"""
"9707","2.975726","fa:b6:bc:57:2b:fd","ff:ff:ff:ff:ff:ff","802.11","444","-55 dBm","-93 dBm","38 dB","Beacon frame, SN=1502, FN=0, Flags=........C, BI=100, SSID=""Z5319476"""
"10100","3.078216","fa:b6:bc:57:2b:fd","ff:ff:ff:ff:ff:ff","802.11","444","-57 dBm","-93 dBm","36 dB","Beacon frame, SN=1503, FN=0, Flags=........C, BI=100, SSID=""Z5319476"""
"10454","3.180646","fa:b6:bc:57:2b:fd","ff:ff:ff:ff:ff:ff","802.11","444","-58 dBm","-93 dBm","35 dB","Beacon frame, SN=1504, FN=0, Flags=........C, BI=100, SSID=""Z5319476"""
"10842","3.282898","fa:b6:bc:57:2b:fd","ff:ff:ff:ff:ff:ff","802.11","444","-58 dBm","-93 dBm","35 dB","Beacon frame, SN=1505, FN=0, Flags=........C, BI=100, SSID=""Z5319476"""
"11160","3.385250","fa:b6:bc:57:2b:fd","ff:ff:ff:ff:ff:ff","802.11","444","-56 dBm","-93 dBm","37 dB","Beacon frame, SN=1506, FN=0, Flags=........C, BI=100, SSID=""Z5319476"""
"11526","3.487796","fa:b6:bc:57:2b:fd","ff:ff:ff:ff:ff:ff","802.11","444","-56 dBm","-93 dBm","37 dB","Beacon frame, SN=1507, FN=0, Flags=........C, BI=100, SSID=""Z5319476"""
"11900","3.589966","fa:b6:bc:57:2b:fd","ff:ff:ff:ff:ff:ff","802.11","444","-57 dBm","-93 dBm","36 dB","Beacon frame, SN=1508, FN=0, Flags=........C, BI=100, SSID=""Z5319476"""
"12301","3.692243","fa:b6:bc:57:2b:fd","ff:ff:ff:ff:ff:ff","802.11","444","-58 dBm","-93 dBm","35 dB","Beacon frame, SN=1509, FN=0, Flags=........C, BI=100, SSID=""Z5319476"""
"12659","3.794713","fa:b6:bc:57:2b:fd","ff:ff:ff:ff:ff:ff","802.11","444","-58 dBm","-93 dBm","35 dB","Beacon frame, SN=1510, FN=0, Flags=........C, BI=100, SSID=""Z5319476"""
"13030","3.897124","fa:b6:bc:57:2b:fd","ff:ff:ff:ff:ff:ff","802.11","444","-57 dBm","-93 dBm","36 dB","Beacon frame, SN=1511, FN=0, Flags=........C, BI=100, SSID=""Z5319476"""
"13395","3.999576","fa:b6:bc:57:2b:fd","ff:ff:ff:ff:ff:ff","802.11","444","-58 dBm","-93 dBm","35 dB","Beacon frame, SN=1512, FN=0, Flags=........C, BI=100, SSID=""Z5319476"""
"13789","4.102140","fa:b6:bc:57:2b:fd","ff:ff:ff:ff:ff:ff","802.11","444","-58 dBm","-93 dBm","35 dB","Beacon frame, SN=1513, FN=0, Flags=........C, BI=100, SSID=""Z5319476"""
"14188","4.204310","fa:b6:bc:57:2b:fd","ff:ff:ff:ff:ff:ff","802.11","444","-58 dBm","-93 dBm","35 dB","Beacon frame, SN=1514, FN=0, Flags=........C, BI=100, SSID=""Z5319476"""
"14567","4.306538","fa:b6:bc:57:2b:fd","ff:ff:ff:ff:ff:ff","802.11","444","-57 dBm","-93 dBm","36 dB","Beacon frame, SN=1515, FN=0, Flags=........C, BI=100, SSID=""Z5319476"""
"14945","4.409358","fa:b6:bc:57:2b:fd","ff:ff:ff:ff:ff:ff","802.11","444","-58 dBm","-93 dBm","35 dB","Beacon frame, SN=1516, FN=0, Flags=........C, BI=100, SSID=""Z5319476"""
"15290","4.511832","fa:b6:bc:57:2b:fd","ff:ff:ff:ff:ff:ff","802.11","444","-58 dBm","-93 dBm","35 dB","Beacon frame, SN=1517, FN=0, Flags=........C, BI=100, SSID=""Z5319476"""
"15632","4.614016","fa:b6:bc:57:2b:fd","ff:ff:ff:ff:ff:ff","802.11","444","-58 dBm","-93 dBm","35 dB","Beacon frame, SN=1518, FN=0, Flags=........C, BI=100, SSID=""Z5319476"""
"15990","4.716307","fa:b6:bc:57:2b:fd","ff:ff:ff:ff:ff:ff","802.11","444","-57 dBm","-93 dBm","36 dB","Beacon frame, SN=1519, FN=0, Flags=........C, BI=100, SSID=""Z5319476"""
"16336","4.818912","fa:b6:bc:57:2b:fd","ff:ff:ff:ff:ff:ff","802.11","444","-58 dBm","-93 dBm","35 dB","Beacon frame, SN=1520, FN=0, Flags=........C, BI=100, SSID=""Z5319476"""
"16727","4.921080","fa:b6:bc:57:2b:fd","ff:ff:ff:ff:ff:ff","802.11","444","-58 dBm","-93 dBm","35 dB","Beacon frame, SN=1521, FN=0, Flags=........C, BI=100, SSID=""Z5319476"""
"17119","5.023518","fa:b6:bc:57:2b:fd","ff:ff:ff:ff:ff:ff","802.11","444","-58 dBm","-93 dBm","35 dB","Beacon frame, SN=1522, FN=0, Flags=........C, BI=100, SSID=""Z5319476"""
"17505","5.126206","fa:b6:bc:57:2b:fd","ff:ff:ff:ff:ff:ff","802.11","444","-59 dBm","-93 dBm","34 dB","Beacon frame, SN=1523, FN=0, Flags=........C, BI=100, SSID=""Z5319476"""
"17832","5.228554","fa:b6:bc:57:2b:fd","ff:ff:ff:ff:ff:ff","802.11","444","-58 dBm","-93 dBm","35 dB","Beacon frame, SN=1524, FN=0, Flags=........C, BI=100, SSID=""Z5319476"""
"18230","5.330953","fa:b6:bc:57:2b:fd","ff:ff:ff:ff:ff:ff","802.11","444","-58 dBm","-93 dBm","35 dB","Beacon frame, SN=1525, FN=0, Flags=........C, BI=100, SSID=""Z5319476"""
"18629","5.433140","fa:b6:bc:57:2b:fd","ff:ff:ff:ff:ff:ff","802.11","444","-59 dBm","-93 dBm","34 dB","Beacon frame, SN=1526, FN=0, Flags=........C, BI=100, SSID=""Z5319476"""
"19042","5.535458","fa:b6:bc:57:2b:fd","ff:ff:ff:ff:ff:ff","802.11","444","-59 dBm","-93 dBm","34 dB","Beacon frame, SN=1527, FN=0, Flags=........C, BI=100, SSID=""Z5319476"""
"19400","5.637965","fa:b6:bc:57:2b:fd","ff:ff:ff:ff:ff:ff","802.11","444","-59 dBm","-93 dBm","34 dB","Beacon frame, SN=1528, FN=0, Flags=........C, BI=100, SSID=""Z5319476"""
"19773","5.740255","fa:b6:bc:57:2b:fd","ff:ff:ff:ff:ff:ff","802.11","444","-59 dBm","-93 dBm","34 dB","Beacon frame, SN=1529, FN=0, Flags=........C, BI=100, SSID=""Z5319476"""
"20127","5.842641","fa:b6:bc:57:2b:fd","ff:ff:ff:ff:ff:ff","802.11","444","-58 dBm","-93 dBm","35 dB","Beacon frame, SN=1530, FN=0, Flags=........C, BI=100, SSID=""Z5319476"""
"20475","5.945095","fa:b6:bc:57:2b:fd","ff:ff:ff:ff:ff:ff","802.11","444","-59 dBm","-93 dBm","34 dB","Beacon frame, SN=1531, FN=0, Flags=........C, BI=100, SSID=""Z5319476"""
"20857","6.047554","fa:b6:bc:57:2b:fd","ff:ff:ff:ff:ff:ff","802.11","444","-58 dBm","-93 dBm","35 dB","Beacon frame, SN=1532, FN=0, Flags=........C, BI=100, SSID=""Z5319476"""
"21293","6.149891","fa:b6:bc:57:2b:fd","ff:ff:ff:ff:ff:ff","802.11","444","-58 dBm","-93 dBm","35 dB","Beacon frame, SN=1533, FN=0, Flags=........C, BI=100, SSID=""Z5319476"""
"21654","6.252266","fa:b6:bc:57:2b:fd","ff:ff:ff:ff:ff:ff","802.11","444","-58 dBm","-93 dBm","35 dB","Beacon frame, SN=1534, FN=0, Flags=........C, BI=100, SSID=""Z5319476"""
"22033","6.354611","fa:b6:bc:57:2b:fd","ff:ff:ff:ff:ff:ff","802.11","444","-58 dBm","-93 dBm","35 dB","Beacon frame, SN=1535, FN=0, Flags=........C, BI=100, SSID=""Z5319476"""
"22406","6.457311","fa:b6:bc:57:2b:fd","ff:ff:ff:ff:ff:ff","802.11","444","-58 dBm","-93 dBm","35 dB","Beacon frame, SN=1536, FN=0, Flags=........C, BI=100, SSID=""Z5319476"""
"22764","6.559312","fa:b6:bc:57:2b:fd","ff:ff:ff:ff:ff:ff","802.11","444","-57 dBm","-93 dBm","36 dB","Beacon frame, SN=1537, FN=0, Flags=........C, BI=100, SSID=""Z5319476"""
"23177","6.661810","fa:b6:bc:57:2b:fd","ff:ff:ff:ff:ff:ff","802.11","444","-58 dBm","-93 dBm","35 dB","Beacon frame, SN=1538, FN=0, Flags=........C, BI=100, SSID=""Z5319476"""
"23522","6.764519","fa:b6:bc:57:2b:fd","ff:ff:ff:ff:ff:ff","802.11","444","-57 dBm","-93 dBm","36 dB","Beacon frame, SN=1539, FN=0, Flags=........C, BI=100, SSID=""Z5319476"""
"23903","6.866879","fa:b6:bc:57:2b:fd","ff:ff:ff:ff:ff:ff","802.11","444","-55 dBm","-93 dBm","38 dB","Beacon frame, SN=1540, FN=0, Flags=........C, BI=100, SSID=""Z5319476"""
"24276","6.969251","fa:b6:bc:57:2b:fd","ff:ff:ff:ff:ff:ff","802.11","444","-56 dBm","-93 dBm","37 dB","Beacon frame, SN=1541, FN=0, Flags=........C, BI=100, SSID=""Z5319476"""
"24676","7.071712","fa:b6:bc:57:2b:fd","ff:ff:ff:ff:ff:ff","802.11","444","-58 dBm","-93 dBm","35 dB","Beacon frame, SN=1542, FN=0, Flags=........C, BI=100, SSID=""Z5319476"""
"25067","7.174089","fa:b6:bc:57:2b:fd","ff:ff:ff:ff:ff:ff","802.11","444","-57 dBm","-93 dBm","36 dB","Beacon frame, SN=1543, FN=0, Flags=........C, BI=100, SSID=""Z5319476"""
"25452","7.276431","fa:b6:bc:57:2b:fd","ff:ff:ff:ff:ff:ff","802.11","444","-56 dBm","-93 dBm","37 dB","Beacon frame, SN=1544, FN=0, Flags=........C, BI=100, SSID=""Z5319476"""
"25756","7.378578","fa:b6:bc:57:2b:fd","ff:ff:ff:ff:ff:ff","802.11","444","-56 dBm","-93 dBm","37 dB","Beacon frame, SN=1545, FN=0, Flags=........C, BI=100, SSID=""Z5319476"""
"26112","7.480984","fa:b6:bc:57:2b:fd","ff:ff:ff:ff:ff:ff","802.11","444","-56 dBm","-93 dBm","37 dB","Beacon frame, SN=1546, FN=0, Flags=........C, BI=100, SSID=""Z5319476"""
"26494","7.583664","fa:b6:bc:57:2b:fd","ff:ff:ff:ff:ff:ff","802.11","444","-55 dBm","-93 dBm","38 dB","Beacon frame, SN=1547, FN=0, Flags=........C, BI=100, SSID=""Z5319476"""
"26862","7.685817","fa:b6:bc:57:2b:fd","ff:ff:ff:ff:ff:ff","802.11","444","-57 dBm","-93 dBm","36 dB","Beacon frame, SN=1548, FN=0, Flags=........C, BI=100, SSID=""Z5319476"""
"27218","7.789809","fa:b6:bc:57:2b:fd","ff:ff:ff:ff:ff:ff","802.11","444","-58 dBm","-93 dBm","35 dB","Beacon frame, SN=1549, FN=0, Flags=........C, BI=100, SSID=""Z5319476"""
"27604","7.890573","fa:b6:bc:57:2b:fd","ff:ff:ff:ff:ff:ff","802.11","444","-56 dBm","-93 dBm","37 dB","Beacon frame, SN=1550, FN=0, Flags=........C, BI=100, SSID=""Z5319476"""
"27920","7.993404","fa:b6:bc:57:2b:fd","ff:ff:ff:ff:ff:ff","802.11","444","-56 dBm","-93 dBm","37 dB","Beacon frame, SN=1551, FN=0, Flags=........C, BI=100, SSID=""Z5319476"""
"28252","8.095390","fa:b6:bc:57:2b:fd","ff:ff:ff:ff:ff:ff","802.11","444","-56 dBm","-93 dBm","37 dB","Beacon frame, SN=1552, FN=0, Flags=........C, BI=100, SSID=""Z5319476"""
"28562","8.197815","fa:b6:bc:57:2b:fd","ff:ff:ff:ff:ff:ff","802.11","444","-56 dBm","-93 dBm","37 dB","Beacon frame, SN=1553, FN=0, Flags=........C, BI=100, SSID=""Z5319476"""
"28892","8.300131","fa:b6:bc:57:2b:fd","ff:ff:ff:ff:ff:ff","802.11","444","-57 dBm","-93 dBm","36 dB","Beacon frame, SN=1554, FN=0, Flags=........C, BI=100, SSID=""Z5319476"""
"29197","8.402953","fa:b6:bc:57:2b:fd","ff:ff:ff:ff:ff:ff","802.11","444","-56 dBm","-93 dBm","37 dB","Beacon frame, SN=1555, FN=0, Flags=........C, BI=100, SSID=""Z5319476"""
"29564","8.505011","fa:b6:bc:57:2b:fd","ff:ff:ff:ff:ff:ff","802.11","444","-57 dBm","-93 dBm","36 dB","Beacon frame, SN=1556, FN=0, Flags=........C, BI=100, SSID=""Z5319476"""
"29928","8.607370","fa:b6:bc:57:2b:fd","ff:ff:ff:ff:ff:ff","802.11","444","-57 dBm","-93 dBm","36 dB","Beacon frame, SN=1557, FN=0, Flags=........C, BI=100, SSID=""Z5319476"""
"30314","8.709559","fa:b6:bc:57:2b:fd","ff:ff:ff:ff:ff:ff","802.11","444","-57 dBm","-93 dBm","36 dB","Beacon frame, SN=1558, FN=0, Flags=........C, BI=100, SSID=""Z5319476"""
"31107","8.914821","fa:b6:bc:57:2b:fd","ff:ff:ff:ff:ff:ff","802.11","444","-58 dBm","-93 dBm","35 dB","Beacon frame, SN=1560, FN=0, Flags=........C, BI=100, SSID=""Z5319476"""
"31480","9.016865","fa:b6:bc:57:2b:fd","ff:ff:ff:ff:ff:ff","802.11","444","-58 dBm","-93 dBm","35 dB","Beacon frame, SN=1561, FN=0, Flags=........C, BI=100, SSID=""Z5319476"""
"31866","9.119305","fa:b6:bc:57:2b:fd","ff:ff:ff:ff:ff:ff","802.11","444","-57 dBm","-93 dBm","36 dB","Beacon frame, SN=1562, FN=0, Flags=........C, BI=100, SSID=""Z5319476"""
"32256","9.221712","fa:b6:bc:57:2b:fd","ff:ff:ff:ff:ff:ff","802.11","444","-57 dBm","-93 dBm","36 dB","Beacon frame, SN=1563, FN=0, Flags=........C, BI=100, SSID=""Z5319476"""
"32597","9.324443","fa:b6:bc:57:2b:fd","ff:ff:ff:ff:ff:ff","802.11","444","-58 dBm","-93 dBm","35 dB","Beacon frame, SN=1564, FN=0, Flags=........C, BI=100, SSID=""Z5319476"""
"32976","9.426821","fa:b6:bc:57:2b:fd","ff:ff:ff:ff:ff:ff","802.11","444","-58 dBm","-93 dBm","35 dB","Beacon frame, SN=1565, FN=0, Flags=........C, BI=100, SSID=""Z5319476"""
"33375","9.529206","fa:b6:bc:57:2b:fd","ff:ff:ff:ff:ff:ff","802.11","444","-57 dBm","-93 dBm","36 dB","Beacon frame, SN=1566, FN=0, Flags=........C, BI=100, SSID=""Z5319476"""
"33737","9.631320","fa:b6:bc:57:2b:fd","ff:ff:ff:ff:ff:ff","802.11","444","-58 dBm","-93 dBm","35 dB","Beacon frame, SN=1567, FN=0, Flags=........C, BI=100, SSID=""Z5319476"""
"34118","9.733768","fa:b6:bc:57:2b:fd","ff:ff:ff:ff:ff:ff","802.11","444","-57 dBm","-93 dBm","36 dB","Beacon frame, SN=1568, FN=0, Flags=........C, BI=100, SSID=""Z5319476"""
"34460","9.836360","fa:b6:bc:57:2b:fd","ff:ff:ff:ff:ff:ff","802.11","444","-57 dBm","-93 dBm","36 dB","Beacon frame, SN=1569, FN=0, Flags=........C, BI=100, SSID=""Z5319476"""
"34832","9.938692","fa:b6:bc:57:2b:fd","ff:ff:ff:ff:ff:ff","802.11","444","-58 dBm","-93 dBm","35 dB","Beacon frame, SN=1570, FN=0, Flags=........C, BI=100, SSID=""Z5319476"""
"35154","10.041177","fa:b6:bc:57:2b:fd","ff:ff:ff:ff:ff:ff","802.11","444","-58 dBm","-93 dBm","35 dB","Beacon frame, SN=1571, FN=0, Flags=........C, BI=100, SSID=""Z5319476"""
"35517","10.143295","fa:b6:bc:57:2b:fd","ff:ff:ff:ff:ff:ff","802.11","444","-58 dBm","-93 dBm","35 dB","Beacon frame, SN=1572, FN=0, Flags=........C, BI=100, SSID=""Z5319476"""
"35894","10.245662","fa:b6:bc:57:2b:fd","ff:ff:ff:ff:ff:ff","802.11","444","-58 dBm","-93 dBm","35 dB","Beacon frame, SN=1573, FN=0, Flags=........C, BI=100, SSID=""Z5319476"""
"36242","10.348093","fa:b6:bc:57:2b:fd","ff:ff:ff:ff:ff:ff","802.11","444","-57 dBm","-93 dBm","36 dB","Beacon frame, SN=1574, FN=0, Flags=........C, BI=100, SSID=""Z5319476"""
"36641","10.450477","fa:b6:bc:57:2b:fd","ff:ff:ff:ff:ff:ff","802.11","444","-58 dBm","-93 dBm","35 dB","Beacon frame, SN=1575, FN=0, Flags=........C, BI=100, SSID=""Z5319476"""
"37010","10.552773","fa:b6:bc:57:2b:fd","ff:ff:ff:ff:ff:ff","802.11","444","-58 dBm","-93 dBm","35 dB","Beacon frame, SN=1576, FN=0, Flags=........C, BI=100, SSID=""Z5319476"""
"37360","10.655509","fa:b6:bc:57:2b:fd","ff:ff:ff:ff:ff:ff","802.11","444","-57 dBm","-93 dBm","36 dB","Beacon frame, SN=1577, FN=0, Flags=........C, BI=100, SSID=""Z5319476"""
"37677","10.758391","fa:b6:bc:57:2b:fd","ff:ff:ff:ff:ff:ff","802.11","444","-57 dBm","-93 dBm","36 dB","Beacon frame, SN=1578, FN=0, Flags=........C, BI=100, SSID=""Z5319476"""
"38060","10.860084","fa:b6:bc:57:2b:fd","ff:ff:ff:ff:ff:ff","802.11","444","-56 dBm","-93 dBm","37 dB","Beacon frame, SN=1579, FN=0, Flags=........C, BI=100, SSID=""Z5319476"""
"38426","10.962447","fa:b6:bc:57:2b:fd","ff:ff:ff:ff:ff:ff","802.11","444","-56 dBm","-93 dBm","37 dB","Beacon frame, SN=1580, FN=0, Flags=........C, BI=100, SSID=""Z5319476"""
"38769","11.064886","fa:b6:bc:57:2b:fd","ff:ff:ff:ff:ff:ff","802.11","444","-55 dBm","-93 dBm","38 dB","Beacon frame, SN=1581, FN=0, Flags=........C, BI=100, SSID=""Z5319476"""
"39145","11.168117","fa:b6:bc:57:2b:fd","ff:ff:ff:ff:ff:ff","802.11","444","-58 dBm","-93 dBm","35 dB","Beacon frame, SN=1582, FN=0, Flags=........C, BI=100, SSID=""Z5319476"""
"39504","11.269872","fa:b6:bc:57:2b:fd","ff:ff:ff:ff:ff:ff","802.11","444","-56 dBm","-93 dBm","37 dB","Beacon frame, SN=1583, FN=0, Flags=........C, BI=100, SSID=""Z5319476"""
"39890","11.372298","fa:b6:bc:57:2b:fd","ff:ff:ff:ff:ff:ff","802.11","444","-57 dBm","-93 dBm","36 dB","Beacon frame, SN=1584, FN=0, Flags=........C, BI=100, SSID=""Z5319476"""
"40195","11.474643","fa:b6:bc:57:2b:fd","ff:ff:ff:ff:ff:ff","802.11","444","-58 dBm","-93 dBm","35 dB","Beacon frame, SN=1585, FN=0, Flags=........C, BI=100, SSID=""Z5319476"""
"40542","11.576855","fa:b6:bc:57:2b:fd","ff:ff:ff:ff:ff:ff","802.11","444","-56 dBm","-93 dBm","37 dB","Beacon frame, SN=1586, FN=0, Flags=........C, BI=100, SSID=""Z5319476"""
"40921","11.679499","fa:b6:bc:57:2b:fd","ff:ff:ff:ff:ff:ff","802.11","444","-58 dBm","-93 dBm","35 dB","Beacon frame, SN=1587, FN=0, Flags=........C, BI=100, SSID=""Z5319476"""
"41318","11.781659","fa:b6:bc:57:2b:fd","ff:ff:ff:ff:ff:ff","802.11","444","-56 dBm","-93 dBm","37 dB","Beacon frame, SN=1588, FN=0, Flags=........C, BI=100, SSID=""Z5319476"""
"41693","11.883689","fa:b6:bc:57:2b:fd","ff:ff:ff:ff:ff:ff","802.11","444","-56 dBm","-93 dBm","37 dB","Beacon frame, SN=1589, FN=0, Flags=........C, BI=100, SSID=""Z5319476"""
"42014","11.986404","fa:b6:bc:57:2b:fd","ff:ff:ff:ff:ff:ff","802.11","444","-58 dBm","-93 dBm","35 dB","Beacon frame, SN=1590, FN=0, Flags=........C, BI=100, SSID=""Z5319476"""
"42363","12.088818","fa:b6:bc:57:2b:fd","ff:ff:ff:ff:ff:ff","802.11","444","-57 dBm","-93 dBm","36 dB","Beacon frame, SN=1591, FN=0, Flags=........C, BI=100, SSID=""Z5319476"""
"42778","12.191200","fa:b6:bc:57:2b:fd","ff:ff:ff:ff:ff:ff","802.11","444","-57 dBm","-93 dBm","36 dB","Beacon frame, SN=1592, FN=0, Flags=........C, BI=100, SSID=""Z5319476"""
"43134","12.293613","fa:b6:bc:57:2b:fd","ff:ff:ff:ff:ff:ff","802.11","444","-56 dBm","-93 dBm","37 dB","Beacon frame, SN=1593, FN=0, Flags=........C, BI=100, SSID=""Z5319476"""
"43532","12.396004","fa:b6:bc:57:2b:fd","ff:ff:ff:ff:ff:ff","802.11","444","-58 dBm","-93 dBm","35 dB","Beacon frame, SN=1594, FN=0, Flags=........C, BI=100, SSID=""Z5319476"""
"43913","12.498402","fa:b6:bc:57:2b:fd","ff:ff:ff:ff:ff:ff","802.11","444","-58 dBm","-93 dBm","35 dB","Beacon frame, SN=1595, FN=0, Flags=........C, BI=100, SSID=""Z5319476"""
"44263","12.601052","fa:b6:bc:57:2b:fd","ff:ff:ff:ff:ff:ff","802.11","444","-58 dBm","-93 dBm","35 dB","Beacon frame, SN=1596, FN=0, Flags=........C, BI=100, SSID=""Z5319476"""
"44641","12.703417","fa:b6:bc:57:2b:fd","ff:ff:ff:ff:ff:ff","802.11","444","-55 dBm","-93 dBm","38 dB","Beacon frame, SN=1597, FN=0, Flags=........C, BI=100, SSID=""Z5319476"""
"44981","12.805603","fa:b6:bc:57:2b:fd","ff:ff:ff:ff:ff:ff","802.11","444","-56 dBm","-93 dBm","37 dB","Beacon frame, SN=1598, FN=0, Flags=........C, BI=100, SSID=""Z5319476"""
"45335","12.908178","fa:b6:bc:57:2b:fd","ff:ff:ff:ff:ff:ff","802.11","444","-57 dBm","-93 dBm","36 dB","Beacon frame, SN=1599, FN=0, Flags=........C, BI=100, SSID=""Z5319476"""
"45716","13.010498","fa:b6:bc:57:2b:fd","ff:ff:ff:ff:ff:ff","802.11","444","-57 dBm","-93 dBm","36 dB","Beacon frame, SN=1600, FN=0, Flags=........C, BI=100, SSID=""Z5319476"""
"46085","13.113038","fa:b6:bc:57:2b:fd","ff:ff:ff:ff:ff:ff","802.11","444","-56 dBm","-93 dBm","37 dB","Beacon frame, SN=1601, FN=0, Flags=........C, BI=100, SSID=""Z5319476"""
"46428","13.215480","fa:b6:bc:57:2b:fd","ff:ff:ff:ff:ff:ff","802.11","444","-56 dBm","-93 dBm","37 dB","Beacon frame, SN=1602, FN=0, Flags=........C, BI=100, SSID=""Z5319476"""
"46820","13.317807","fa:b6:bc:57:2b:fd","ff:ff:ff:ff:ff:ff","802.11","444","-55 dBm","-93 dBm","38 dB","Beacon frame, SN=1603, FN=0, Flags=........C, BI=100, SSID=""Z5319476"""
"47177","13.420319","fa:b6:bc:57:2b:fd","ff:ff:ff:ff:ff:ff","802.11","444","-57 dBm","-93 dBm","36 dB","Beacon frame, SN=1605, FN=0, Flags=........C, BI=100, SSID=""Z5319476"""
"47521","13.522329","fa:b6:bc:57:2b:fd","ff:ff:ff:ff:ff:ff","802.11","444","-57 dBm","-93 dBm","36 dB","Beacon frame, SN=1606, FN=0, Flags=........C, BI=100, SSID=""Z5319476"""
"47886","13.625100","fa:b6:bc:57:2b:fd","ff:ff:ff:ff:ff:ff","802.11","444","-57 dBm","-93 dBm","36 dB","Beacon frame, SN=1607, FN=0, Flags=........C, BI=100, SSID=""Z5319476"""
"48256","13.727154","fa:b6:bc:57:2b:fd","ff:ff:ff:ff:ff:ff","802.11","444","-57 dBm","-93 dBm","36 dB","Beacon frame, SN=1608, FN=0, Flags=........C, BI=100, SSID=""Z5319476"""
"48614","13.829494","fa:b6:bc:57:2b:fd","ff:ff:ff:ff:ff:ff","802.11","444","-56 dBm","-93 dBm","37 dB","Beacon frame, SN=1609, FN=0, Flags=........C, BI=100, SSID=""Z5319476"""
"48964","13.931962","fa:b6:bc:57:2b:fd","ff:ff:ff:ff:ff:ff","802.11","444","-57 dBm","-93 dBm","36 dB","Beacon frame, SN=1610, FN=0, Flags=........C, BI=100, SSID=""Z5319476"""
"49342","14.034339","fa:b6:bc:57:2b:fd","ff:ff:ff:ff:ff:ff","802.11","444","-59 dBm","-93 dBm","34 dB","Beacon frame, SN=1611, FN=0, Flags=........C, BI=100, SSID=""Z5319476"""
"49735","14.136724","fa:b6:bc:57:2b:fd","ff:ff:ff:ff:ff:ff","802.11","444","-56 dBm","-93 dBm","37 dB","Beacon frame, SN=1612, FN=0, Flags=........C, BI=100, SSID=""Z5319476"""
"50088","14.239134","fa:b6:bc:57:2b:fd","ff:ff:ff:ff:ff:ff","802.11","444","-57 dBm","-93 dBm","36 dB","Beacon frame, SN=1613, FN=0, Flags=........C, BI=100, SSID=""Z5319476"""
"50425","14.341475","fa:b6:bc:57:2b:fd","ff:ff:ff:ff:ff:ff","802.11","444","-58 dBm","-93 dBm","35 dB","Beacon frame, SN=1614, FN=0, Flags=........C, BI=100, SSID=""Z5319476"""
"50784","14.444254","fa:b6:bc:57:2b:fd","ff:ff:ff:ff:ff:ff","802.11","444","-58 dBm","-93 dBm","35 dB","Beacon frame, SN=1615, FN=0, Flags=........C, BI=100, SSID=""Z5319476"""
"51119","14.546594","fa:b6:bc:57:2b:fd","ff:ff:ff:ff:ff:ff","802.11","444","-58 dBm","-93 dBm","35 dB","Beacon frame, SN=1616, FN=0, Flags=........C, BI=100, SSID=""Z5319476"""
"51436","14.648837","fa:b6:bc:57:2b:fd","ff:ff:ff:ff:ff:ff","802.11","444","-57 dBm","-93 dBm","36 dB","Beacon frame, SN=1617, FN=0, Flags=........C, BI=100, SSID=""Z5319476"""
"51749","14.750986","fa:b6:bc:57:2b:fd","ff:ff:ff:ff:ff:ff","802.11","444","-58 dBm","-93 dBm","35 dB","Beacon frame, SN=1618, FN=0, Flags=........C, BI=100, SSID=""Z5319476"""
"52047","14.853778","fa:b6:bc:57:2b:fd","ff:ff:ff:ff:ff:ff","802.11","444","-58 dBm","-93 dBm","35 dB","Beacon frame, SN=1619, FN=0, Flags=........C, BI=100, SSID=""Z5319476"""
"52380","14.955976","fa:b6:bc:57:2b:fd","ff:ff:ff:ff:ff:ff","802.11","444","-58 dBm","-93 dBm","35 dB","Beacon frame, SN=1620, FN=0, Flags=........C, BI=100, SSID=""Z5319476"""
"53143","15.160771","fa:b6:bc:57:2b:fd","ff:ff:ff:ff:ff:ff","802.11","444","-56 dBm","-93 dBm","37 dB","Beacon frame, SN=1622, FN=0, Flags=........C, BI=100, SSID=""Z5319476"""
"53452","15.263049","fa:b6:bc:57:2b:fd","ff:ff:ff:ff:ff:ff","802.11","444","-56 dBm","-93 dBm","37 dB","Beacon frame, SN=1623, FN=0, Flags=........C, BI=100, SSID=""Z5319476"""
"53823","15.365748","fa:b6:bc:57:2b:fd","ff:ff:ff:ff:ff:ff","802.11","444","-55 dBm","-93 dBm","38 dB","Beacon frame, SN=1624, FN=0, Flags=........C, BI=100, SSID=""Z5319476"""
"54191","15.468100","fa:b6:bc:57:2b:fd","ff:ff:ff:ff:ff:ff","802.11","444","-57 dBm","-93 dBm","36 dB","Beacon frame, SN=1625, FN=0, Flags=........C, BI=100, SSID=""Z5319476"""
"54538","15.570042","fa:b6:bc:57:2b:fd","ff:ff:ff:ff:ff:ff","802.11","444","-57 dBm","-93 dBm","36 dB","Beacon frame, SN=1626, FN=0, Flags=........C, BI=100, SSID=""Z5319476"""
"54891","15.672893","fa:b6:bc:57:2b:fd","ff:ff:ff:ff:ff:ff","802.11","444","-55 dBm","-93 dBm","38 dB","Beacon frame, SN=1627, FN=0, Flags=........C, BI=100, SSID=""Z5319476"""
"55223","15.775040","fa:b6:bc:57:2b:fd","ff:ff:ff:ff:ff:ff","802.11","444","-55 dBm","-93 dBm","38 dB","Beacon frame, SN=1628, FN=0, Flags=........C, BI=100, SSID=""Z5319476"""
"55557","15.877752","fa:b6:bc:57:2b:fd","ff:ff:ff:ff:ff:ff","802.11","444","-55 dBm","-93 dBm","38 dB","Beacon frame, SN=1629, FN=0, Flags=........C, BI=100, SSID=""Z5319476"""
"55853","15.980193","fa:b6:bc:57:2b:fd","ff:ff:ff:ff:ff:ff","802.11","444","-57 dBm","-93 dBm","36 dB","Beacon frame, SN=1630, FN=0, Flags=........C, BI=100, SSID=""Z5319476"""
"56165","16.082217","fa:b6:bc:57:2b:fd","ff:ff:ff:ff:ff:ff","802.11","444","-57 dBm","-93 dBm","36 dB","Beacon frame, SN=1631, FN=0, Flags=........C, BI=100, SSID=""Z5319476"""
"56461","16.186157","fa:b6:bc:57:2b:fd","ff:ff:ff:ff:ff:ff","802.11","444","-55 dBm","-93 dBm","38 dB","Beacon frame, SN=1632, FN=0, Flags=........C, BI=100, SSID=""Z5319476"""
"56748","16.286982","fa:b6:bc:57:2b:fd","ff:ff:ff:ff:ff:ff","802.11","444","-56 dBm","-93 dBm","37 dB","Beacon frame, SN=1633, FN=0, Flags=........C, BI=100, SSID=""Z5319476"""
"57086","16.389475","fa:b6:bc:57:2b:fd","ff:ff:ff:ff:ff:ff","802.11","444","-56 dBm","-93 dBm","37 dB","Beacon frame, SN=1634, FN=0, Flags=........C, BI=100, SSID=""Z5319476"""
"57442","16.491869","fa:b6:bc:57:2b:fd","ff:ff:ff:ff:ff:ff","802.11","444","-56 dBm","-93 dBm","37 dB","Beacon frame, SN=1635, FN=0, Flags=........C, BI=100, SSID=""Z5319476"""
"57793","16.594279","fa:b6:bc:57:2b:fd","ff:ff:ff:ff:ff:ff","802.11","444","-58 dBm","-93 dBm","35 dB","Beacon frame, SN=1637, FN=0, Flags=........C, BI=100, SSID=""Z5319476"""
"58162","16.696893","fa:b6:bc:57:2b:fd","ff:ff:ff:ff:ff:ff","802.11","444","-58 dBm","-93 dBm","35 dB","Beacon frame, SN=1638, FN=0, Flags=........C, BI=100, SSID=""Z5319476"""
"58510","16.799260","fa:b6:bc:57:2b:fd","ff:ff:ff:ff:ff:ff","802.11","444","-58 dBm","-93 dBm","35 dB","Beacon frame, SN=1639, FN=0, Flags=........C, BI=100, SSID=""Z5319476"""
"58877","16.901357","fa:b6:bc:57:2b:fd","ff:ff:ff:ff:ff:ff","802.11","444","-58 dBm","-93 dBm","35 dB","Beacon frame, SN=1640, FN=0, Flags=........C, BI=100, SSID=""Z5319476"""
"59187","17.003863","fa:b6:bc:57:2b:fd","ff:ff:ff:ff:ff:ff","802.11","444","-57 dBm","-93 dBm","36 dB","Beacon frame, SN=1641, FN=0, Flags=........C, BI=100, SSID=""Z5319476"""
"59504","17.106175","fa:b6:bc:57:2b:fd","ff:ff:ff:ff:ff:ff","802.11","444","-58 dBm","-93 dBm","35 dB","Beacon frame, SN=1642, FN=0, Flags=........C, BI=100, SSID=""Z5319476"""
"59771","17.208682","fa:b6:bc:57:2b:fd","ff:ff:ff:ff:ff:ff","802.11","444","-57 dBm","-93 dBm","36 dB","Beacon frame, SN=1643, FN=0, Flags=........C, BI=100, SSID=""Z5319476"""
"60035","17.311257","fa:b6:bc:57:2b:fd","ff:ff:ff:ff:ff:ff","802.11","444","-57 dBm","-93 dBm","36 dB","Beacon frame, SN=1644, FN=0, Flags=........C, BI=100, SSID=""Z5319476"""
"60253","17.413634","fa:b6:bc:57:2b:fd","ff:ff:ff:ff:ff:ff","802.11","444","-58 dBm","-93 dBm","35 dB","Beacon frame, SN=1645, FN=0, Flags=........C, BI=100, SSID=""Z5319476"""
"60477","17.516096","fa:b6:bc:57:2b:fd","ff:ff:ff:ff:ff:ff","802.11","444","-57 dBm","-93 dBm","36 dB","Beacon frame, SN=1646, FN=0, Flags=........C, BI=100, SSID=""Z5319476"""
"60776","17.618224","fa:b6:bc:57:2b:fd","ff:ff:ff:ff:ff:ff","802.11","444","-57 dBm","-93 dBm","36 dB","Beacon frame, SN=1647, FN=0, Flags=........C, BI=100, SSID=""Z5319476"""
"61057","17.720790","fa:b6:bc:57:2b:fd","ff:ff:ff:ff:ff:ff","802.11","444","-58 dBm","-93 dBm","35 dB","Beacon frame, SN=1648, FN=0, Flags=........C, BI=100, SSID=""Z5319476"""
"61403","17.823062","fa:b6:bc:57:2b:fd","ff:ff:ff:ff:ff:ff","802.11","444","-57 dBm","-93 dBm","36 dB","Beacon frame, SN=1649, FN=0, Flags=........C, BI=100, SSID=""Z5319476"""
"61737","17.925658","fa:b6:bc:57:2b:fd","ff:ff:ff:ff:ff:ff","802.11","444","-57 dBm","-93 dBm","36 dB","Beacon frame, SN=1650, FN=0, Flags=........C, BI=100, SSID=""Z5319476"""
"62041","18.027815","fa:b6:bc:57:2b:fd","ff:ff:ff:ff:ff:ff","802.11","444","-58 dBm","-93 dBm","35 dB","Beacon frame, SN=1651, FN=0, Flags=........C, BI=100, SSID=""Z5319476"""
"62392","18.130430","fa:b6:bc:57:2b:fd","ff:ff:ff:ff:ff:ff","802.11","444","-58 dBm","-93 dBm","35 dB","Beacon frame, SN=1652, FN=0, Flags=........C, BI=100, SSID=""Z5319476"""
"62742","18.232541","fa:b6:bc:57:2b:fd","ff:ff:ff:ff:ff:ff","802.11","444","-57 dBm","-93 dBm","36 dB","Beacon frame, SN=1653, FN=0, Flags=........C, BI=100, SSID=""Z5319476"""
"63082","18.334993","fa:b6:bc:57:2b:fd","ff:ff:ff:ff:ff:ff","802.11","444","-57 dBm","-93 dBm","36 dB","Beacon frame, SN=1654, FN=0, Flags=........C, BI=100, SSID=""Z5319476"""
"63477","18.437647","fa:b6:bc:57:2b:fd","ff:ff:ff:ff:ff:ff","802.11","444","-58 dBm","-93 dBm","35 dB","Beacon frame, SN=1655, FN=0, Flags=........C, BI=100, SSID=""Z5319476"""
"63871","18.539734","fa:b6:bc:57:2b:fd","ff:ff:ff:ff:ff:ff","802.11","444","-57 dBm","-93 dBm","36 dB","Beacon frame, SN=1656, FN=0, Flags=........C, BI=100, SSID=""Z5319476"""
"64212","18.642089","fa:b6:bc:57:2b:fd","ff:ff:ff:ff:ff:ff","802.11","444","-57 dBm","-93 dBm","36 dB","Beacon frame, SN=1657, FN=0, Flags=........C, BI=100, SSID=""Z5319476"""
"64633","18.744554","fa:b6:bc:57:2b:fd","ff:ff:ff:ff:ff:ff","802.11","444","-58 dBm","-93 dBm","35 dB","Beacon frame, SN=1659, FN=0, Flags=........C, BI=100, SSID=""Z5319476"""
"65023","18.847251","fa:b6:bc:57:2b:fd","ff:ff:ff:ff:ff:ff","802.11","444","-57 dBm","-93 dBm","36 dB","Beacon frame, SN=1660, FN=0, Flags=........C, BI=100, SSID=""Z5319476"""
"65380","18.949356","fa:b6:bc:57:2b:fd","ff:ff:ff:ff:ff:ff","802.11","444","-57 dBm","-93 dBm","36 dB","Beacon frame, SN=1661, FN=0, Flags=........C, BI=100, SSID=""Z5319476"""
"65722","19.051806","fa:b6:bc:57:2b:fd","ff:ff:ff:ff:ff:ff","802.11","444","-57 dBm","-93 dBm","36 dB","Beacon frame, SN=1662, FN=0, Flags=........C, BI=100, SSID=""Z5319476"""
"66457","19.256489","fa:b6:bc:57:2b:fd","ff:ff:ff:ff:ff:ff","802.11","444","-57 dBm","-93 dBm","36 dB","Beacon frame, SN=1664, FN=0, Flags=........C, BI=100, SSID=""Z5319476"""
"66824","19.358906","fa:b6:bc:57:2b:fd","ff:ff:ff:ff:ff:ff","802.11","444","-58 dBm","-93 dBm","35 dB","Beacon frame, SN=1665, FN=0, Flags=........C, BI=100, SSID=""Z5319476"""
"67162","19.460960","fa:b6:bc:57:2b:fd","ff:ff:ff:ff:ff:ff","802.11","444","-58 dBm","-93 dBm","35 dB","Beacon frame, SN=1666, FN=0, Flags=........C, BI=100, SSID=""Z5319476"""
"67442","19.563669","fa:b6:bc:57:2b:fd","ff:ff:ff:ff:ff:ff","802.11","444","-57 dBm","-93 dBm","36 dB","Beacon frame, SN=1667, FN=0, Flags=........C, BI=100, SSID=""Z5319476"""
"67785","19.666046","fa:b6:bc:57:2b:fd","ff:ff:ff:ff:ff:ff","802.11","444","-57 dBm","-93 dBm","36 dB","Beacon frame, SN=1668, FN=0, Flags=........C, BI=100, SSID=""Z5319476"""
"68527","19.870931","fa:b6:bc:57:2b:fd","ff:ff:ff:ff:ff:ff","802.11","444","-58 dBm","-93 dBm","35 dB","Beacon frame, SN=1670, FN=0, Flags=........C, BI=100, SSID=""Z5319476"""
"68922","19.973302","fa:b6:bc:57:2b:fd","ff:ff:ff:ff:ff:ff","802.11","444","-57 dBm","-93 dBm","36 dB","Beacon frame, SN=1671, FN=0, Flags=........C, BI=100, SSID=""Z5319476"""
"69274","20.075753","fa:b6:bc:57:2b:fd","ff:ff:ff:ff:ff:ff","802.11","444","-57 dBm","-93 dBm","36 dB","Beacon frame, SN=1672, FN=0, Flags=........C, BI=100, SSID=""Z5319476"""
"69644","20.178079","fa:b6:bc:57:2b:fd","ff:ff:ff:ff:ff:ff","802.11","444","-57 dBm","-93 dBm","36 dB","Beacon frame, SN=1673, FN=0, Flags=........C, BI=100, SSID=""Z5319476"""
"70349","20.383143","fa:b6:bc:57:2b:fd","ff:ff:ff:ff:ff:ff","802.11","444","-59 dBm","-93 dBm","34 dB","Beacon frame, SN=1676, FN=0, Flags=........C, BI=100, SSID=""Z5319476"""
"70717","20.485059","fa:b6:bc:57:2b:fd","ff:ff:ff:ff:ff:ff","802.11","444","-57 dBm","-93 dBm","36 dB","Beacon frame, SN=1677, FN=0, Flags=........C, BI=100, SSID=""Z5319476"""
"71087","20.587895","fa:b6:bc:57:2b:fd","ff:ff:ff:ff:ff:ff","802.11","444","-59 dBm","-93 dBm","34 dB","Beacon frame, SN=1678, FN=0, Flags=........C, BI=100, SSID=""Z5319476"""
"71876","20.792727","fa:b6:bc:57:2b:fd","ff:ff:ff:ff:ff:ff","802.11","444","-59 dBm","-93 dBm","34 dB","Beacon frame, SN=1680, FN=0, Flags=........C, BI=100, SSID=""Z5319476"""
"72215","20.895090","fa:b6:bc:57:2b:fd","ff:ff:ff:ff:ff:ff","802.11","444","-59 dBm","-93 dBm","34 dB","Beacon frame, SN=1682, FN=0, Flags=........C, BI=100, SSID=""Z5319476"""
"72550","20.997506","fa:b6:bc:57:2b:fd","ff:ff:ff:ff:ff:ff","802.11","444","-59 dBm","-93 dBm","34 dB","Beacon frame, SN=1683, FN=0, Flags=........C, BI=100, SSID=""Z5319476"""
"72880","21.099668","fa:b6:bc:57:2b:fd","ff:ff:ff:ff:ff:ff","802.11","444","-59 dBm","-93 dBm","34 dB","Beacon frame, SN=1684, FN=0, Flags=........C, BI=100, SSID=""Z5319476"""
"73226","21.202357","fa:b6:bc:57:2b:fd","ff:ff:ff:ff:ff:ff","802.11","444","-58 dBm","-93 dBm","35 dB","Beacon frame, SN=1685, FN=0, Flags=........C, BI=100, SSID=""Z5319476"""
"73613","21.304752","fa:b6:bc:57:2b:fd","ff:ff:ff:ff:ff:ff","802.11","444","-58 dBm","-93 dBm","35 dB","Beacon frame, SN=1686, FN=0, Flags=........C, BI=100, SSID=""Z5319476"""
"74026","21.406876","fa:b6:bc:57:2b:fd","ff:ff:ff:ff:ff:ff","802.11","444","-58 dBm","-93 dBm","35 dB","Beacon frame, SN=1687, FN=0, Flags=........C, BI=100, SSID=""Z5319476"""
"74405","21.511247","fa:b6:bc:57:2b:fd","ff:ff:ff:ff:ff:ff","802.11","444","-58 dBm","-93 dBm","35 dB","Beacon frame, SN=1688, FN=0, Flags=........C, BI=100, SSID=""Z5319476"""
"74715","21.611677","fa:b6:bc:57:2b:fd","ff:ff:ff:ff:ff:ff","802.11","444","-58 dBm","-93 dBm","35 dB","Beacon frame, SN=1689, FN=0, Flags=........C, BI=100, SSID=""Z5319476"""
"75046","21.714003","fa:b6:bc:57:2b:fd","ff:ff:ff:ff:ff:ff","802.11","444","-57 dBm","-93 dBm","36 dB","Beacon frame, SN=1690, FN=0, Flags=........C, BI=100, SSID=""Z5319476"""
"75413","21.816398","fa:b6:bc:57:2b:fd","ff:ff:ff:ff:ff:ff","802.11","444","-56 dBm","-93 dBm","37 dB","Beacon frame, SN=1691, FN=0, Flags=........C, BI=100, SSID=""Z5319476"""
"75772","21.918797","fa:b6:bc:57:2b:fd","ff:ff:ff:ff:ff:ff","802.11","444","-56 dBm","-93 dBm","37 dB","Beacon frame, SN=1692, FN=0, Flags=........C, BI=100, SSID=""Z5319476"""
"76111","22.021495","fa:b6:bc:57:2b:fd","ff:ff:ff:ff:ff:ff","802.11","444","-58 dBm","-93 dBm","35 dB","Beacon frame, SN=1693, FN=0, Flags=........C, BI=100, SSID=""Z5319476"""
"76495","22.123853","fa:b6:bc:57:2b:fd","ff:ff:ff:ff:ff:ff","802.11","444","-58 dBm","-93 dBm","35 dB","Beacon frame, SN=1694, FN=0, Flags=........C, BI=100, SSID=""Z5319476"""
"76867","22.226050","fa:b6:bc:57:2b:fd","ff:ff:ff:ff:ff:ff","802.11","444","-56 dBm","-93 dBm","37 dB","Beacon frame, SN=1695, FN=0, Flags=........C, BI=100, SSID=""Z5319476"""
"77216","22.328296","fa:b6:bc:57:2b:fd","ff:ff:ff:ff:ff:ff","802.11","444","-56 dBm","-93 dBm","37 dB","Beacon frame, SN=1696, FN=0, Flags=........C, BI=100, SSID=""Z5319476"""
"77562","22.430742","fa:b6:bc:57:2b:fd","ff:ff:ff:ff:ff:ff","802.11","444","-58 dBm","-93 dBm","35 dB","Beacon frame, SN=1697, FN=0, Flags=........C, BI=100, SSID=""Z5319476"""
"77937","22.533408","fa:b6:bc:57:2b:fd","ff:ff:ff:ff:ff:ff","802.11","444","-56 dBm","-93 dBm","37 dB","Beacon frame, SN=1698, FN=0, Flags=........C, BI=100, SSID=""Z5319476"""
"78286","22.635238","fa:b6:bc:57:2b:fd","ff:ff:ff:ff:ff:ff","802.11","444","-58 dBm","-93 dBm","35 dB","Beacon frame, SN=1699, FN=0, Flags=........C, BI=100, SSID=""Z5319476"""
"78656","22.738274","fa:b6:bc:57:2b:fd","ff:ff:ff:ff:ff:ff","802.11","444","-58 dBm","-93 dBm","35 dB","Beacon frame, SN=1700, FN=0, Flags=........C, BI=100, SSID=""Z5319476"""
"78989","22.840068","fa:b6:bc:57:2b:fd","ff:ff:ff:ff:ff:ff","802.11","444","-58 dBm","-93 dBm","35 dB","Beacon frame, SN=1701, FN=0, Flags=........C, BI=100, SSID=""Z5319476"""
"79313","22.942718","fa:b6:bc:57:2b:fd","ff:ff:ff:ff:ff:ff","802.11","444","-59 dBm","-93 dBm","34 dB","Beacon frame, SN=1702, FN=0, Flags=........C, BI=100, SSID=""Z5319476"""
"79634","23.045451","fa:b6:bc:57:2b:fd","ff:ff:ff:ff:ff:ff","802.11","444","-57 dBm","-93 dBm","36 dB","Beacon frame, SN=1703, FN=0, Flags=........C, BI=100, SSID=""Z5319476"""
"79967","23.147533","fa:b6:bc:57:2b:fd","ff:ff:ff:ff:ff:ff","802.11","444","-57 dBm","-93 dBm","36 dB","Beacon frame, SN=1704, FN=0, Flags=........C, BI=100, SSID=""Z5319476"""
"80357","23.250239","fa:b6:bc:57:2b:fd","ff:ff:ff:ff:ff:ff","802.11","444","-56 dBm","-93 dBm","37 dB","Beacon frame, SN=1705, FN=0, Flags=........C, BI=100, SSID=""Z5319476"""
"80750","23.352628","fa:b6:bc:57:2b:fd","ff:ff:ff:ff:ff:ff","802.11","444","-57 dBm","-93 dBm","36 dB","Beacon frame, SN=1706, FN=0, Flags=........C, BI=100, SSID=""Z5319476"""
"81521","23.557133","fa:b6:bc:57:2b:fd","ff:ff:ff:ff:ff:ff","802.11","444","-58 dBm","-93 dBm","35 dB","Beacon frame, SN=1708, FN=0, Flags=........C, BI=100, SSID=""Z5319476"""
"81901","23.659581","fa:b6:bc:57:2b:fd","ff:ff:ff:ff:ff:ff","802.11","444","-58 dBm","-93 dBm","35 dB","Beacon frame, SN=1709, FN=0, Flags=........C, BI=100, SSID=""Z5319476"""
"82274","23.762222","fa:b6:bc:57:2b:fd","ff:ff:ff:ff:ff:ff","802.11","444","-57 dBm","-93 dBm","36 dB","Beacon frame, SN=1710, FN=0, Flags=........C, BI=100, SSID=""Z5319476"""
"82622","23.864406","fa:b6:bc:57:2b:fd","ff:ff:ff:ff:ff:ff","802.11","444","-57 dBm","-93 dBm","36 dB","Beacon frame, SN=1711, FN=0, Flags=........C, BI=100, SSID=""Z5319476"""
"82904","23.966728","fa:b6:bc:57:2b:fd","ff:ff:ff:ff:ff:ff","802.11","444","-57 dBm","-93 dBm","36 dB","Beacon frame, SN=1712, FN=0, Flags=........C, BI=100, SSID=""Z5319476"""
"83287","24.069182","fa:b6:bc:57:2b:fd","ff:ff:ff:ff:ff:ff","802.11","444","-56 dBm","-93 dBm","37 dB","Beacon frame, SN=1713, FN=0, Flags=........C, BI=100, SSID=""Z5319476"""
"83641","24.171803","fa:b6:bc:57:2b:fd","ff:ff:ff:ff:ff:ff","802.11","444","-54 dBm","-93 dBm","39 dB","Beacon frame, SN=1714, FN=0, Flags=........C, BI=100, SSID=""Z5319476"""
"83988","24.274170","fa:b6:bc:57:2b:fd","ff:ff:ff:ff:ff:ff","802.11","444","-56 dBm","-93 dBm","37 dB","Beacon frame, SN=1715, FN=0, Flags=........C, BI=100, SSID=""Z5319476"""
