"No.","Time","Source","Destination","Protocol","Length","Signal strength (RSSI)","Noise level (dBm)","Signal/noise ratio (dB)","Info"
"25","0.010785","7a:e1:e2:e2:29:8a","ff:ff:ff:ff:ff:ff","802.11","444","-33 dBm","-93 dBm","60 dB","Beacon frame, SN=3261, FN=0, Flags=........C, BI=100, SSID=""Z5319476"""
"297","0.113449","7a:e1:e2:e2:29:8a","ff:ff:ff:ff:ff:ff","802.11","444","-31 dBm","-93 dBm","62 dB","Beacon frame, SN=3262, FN=0, Flags=........C, BI=100, SSID=""Z5319476"""
"548","0.215840","7a:e1:e2:e2:29:8a","ff:ff:ff:ff:ff:ff","802.11","444","-32 dBm","-93 dBm","61 dB","Beacon frame, SN=3263, FN=0, Flags=........C, BI=100, SSID=""Z5319476"""
"798","0.318123","7a:e1:e2:e2:29:8a","ff:ff:ff:ff:ff:ff","802.11","444","-34 dBm","-93 dBm","59 dB","Beacon frame, SN=3264, FN=0, Flags=........C, BI=100, SSID=""Z5319476"""
"1036","0.420300","7a:e1:e2:e2:29:8a","ff:ff:ff:ff:ff:ff","802.11","444","-32 dBm","-93 dBm","61 dB","Beacon frame, SN=3265, FN=0, Flags=........C, BI=100, SSID=""Z5319476"""
"1308","0.523030","7a:e1:e2:e2:29:8a","ff:ff:ff:ff:ff:ff","802.11","444","-31 dBm","-93 dBm","62 dB","Beacon frame, SN=3266, FN=0, Flags=........C, BI=100, SSID=""Z5319476"""
"1574","0.625121","7a:e1:e2:e2:29:8a","ff:ff:ff:ff:ff:ff","802.11","444","-33 dBm","-93 dBm","60 dB","Beacon frame, SN=3267, FN=0, Flags=........C, BI=100, SSID=""Z5319476"""
"2036","0.829760","7a:e1:e2:e2:29:8a","ff:ff:ff:ff:ff:ff","802.11","444","-33 dBm","-93 dBm","60 dB","Beacon frame, SN=3269, FN=0, Flags=........C, BI=100, SSID=""Z5319476"""
"2285","0.932320","7a:e1:e2:e2:29:8a","ff:ff:ff:ff:ff:ff","802.11","444","-31 dBm","-93 dBm","62 dB","Beacon frame, SN=3270, FN=0, Flags=........C, BI=100, SSID=""Z5319476"""
"2530","1.034685","7a:e1:e2:e2:29:8a","ff:ff:ff:ff:ff:ff","802.11","444","-33 dBm","-93 dBm","60 dB","Beacon frame, SN=3271, FN=0, Flags=........C, BI=100, SSID=""Z5319476"""
"2769","1.137129","7a:e1:e2:e2:29:8a","ff:ff:ff:ff:ff:ff","802.11","444","-32 dBm","-93 dBm","61 dB","Beacon frame, SN=3272, FN=0, Flags=........C, BI=100, SSID=""Z5319476"""
"2992","1.239587","7a:e1:e2:e2:29:8a","ff:ff:ff:ff:ff:ff","802.11","444","-33 dBm","-93 dBm","60 dB","Beacon frame, SN=3273, FN=0, Flags=........C, BI=100, SSID=""Z5319476"""
"3224","1.341967","7a:e1:e2:e2:29:8a","ff:ff:ff:ff:ff:ff","802.11","444","-34 dBm","-93 dBm","59 dB","Beacon frame, SN=3274, FN=0, Flags=........C, BI=100, SSID=""Z5319476"""
"3440","1.443434","7a:e1:e2:e2:29:8a","ff:ff:ff:ff:ff:ff","802.11","444","-35 dBm","-93 dBm","58 dB","Beacon frame, SN=3275, FN=0, Flags=........C, BI=100, SSID=""Z5319476"""
"3704","1.546935","7a:e1:e2:e2:29:8a","ff:ff:ff:ff:ff:ff","802.11","444","-30 dBm","-93 dBm","63 dB","Beacon frame, SN=3276, FN=0, Flags=........C, BI=100, SSID=""Z5319476"""
"3891","1.649080","7a:e1:e2:e2:29:8a","ff:ff:ff:ff:ff:ff","802.11","444","-32 dBm","-93 dBm","61 dB","Beacon frame, SN=3277, FN=0, Flags=........C, BI=100, SSID=""Z5319476"""
"4079","1.751461","7a:e1:e2:e2:29:8a","ff:ff:ff:ff:ff:ff","802.11","444","-33 dBm","-93 dBm","60 dB","Beacon frame, SN=3278, FN=0, Flags=........C, BI=100, SSID=""Z5319476"""
"4273","1.853029","7a:e1:e2:e2:29:8a","ff:ff:ff:ff:ff:ff","802.11","444","-35 dBm","-93 dBm","58 dB","Beacon frame, SN=3279, FN=0, Flags=........C, BI=100, SSID=""Z5319476"""
"4541","1.955535","7a:e1:e2:e2:29:8a","ff:ff:ff:ff:ff:ff","802.11","444","-34 dBm","-93 dBm","59 dB","Beacon frame, SN=3280, FN=0, Flags=........C, BI=100, SSID=""Z5319476"""
"4802","2.059050","7a:e1:e2:e2:29:8a","ff:ff:ff:ff:ff:ff","802.11","444","-35 dBm","-93 dBm","58 dB","Beacon frame, SN=3281, FN=0, Flags=........C, BI=100, SSID=""Z5319476"""
"5111","2.160213","7a:e1:e2:e2:29:8a","ff:ff:ff:ff:ff:ff","802.11","444","-34 dBm","-93 dBm","59 dB","Beacon frame, SN=3282, FN=0, Flags=........C, BI=100, SSID=""Z5319476"""
"5376","2.263667","7a:e1:e2:e2:29:8a","ff:ff:ff:ff:ff:ff","802.11","444","-35 dBm","-93 dBm","58 dB","Beacon frame, SN=3283, FN=0, Flags=........C, BI=100, SSID=""Z5319476"""
"5619","2.365272","7a:e1:e2:e2:29:8a","ff:ff:ff:ff:ff:ff","802.11","444","-35 dBm","-93 dBm","58 dB","Beacon frame, SN=3284, FN=0, Flags=........C, BI=100, SSID=""Z5319476"""
"5865","2.468678","7a:e1:e2:e2:29:8a","ff:ff:ff:ff:ff:ff","802.11","444","-35 dBm","-93 dBm","58 dB","Beacon frame, SN=3285, FN=0, Flags=........C, BI=100, SSID=""Z5319476"""
"6087","2.570688","7a:e1:e2:e2:29:8a","ff:ff:ff:ff:ff:ff","802.11","444","-35 dBm","-93 dBm","58 dB","Beacon frame, SN=3286, FN=0, Flags=........C, BI=100, SSID=""Z5319476"""
"6313","2.673195","7a:e1:e2:e2:29:8a","ff:ff:ff:ff:ff:ff","802.11","444","-35 dBm","-93 dBm","58 dB","Beacon frame, SN=3287, FN=0, Flags=........C, BI=100, SSID=""Z5319476"""
"6526","2.775780","7a:e1:e2:e2:29:8a","ff:ff:ff:ff:ff:ff","802.11","444","-35 dBm","-93 dBm","58 dB","Beacon frame, SN=3288, FN=0, Flags=........C, BI=100, SSID=""Z5319476"""
"6723","2.877816","7a:e1:e2:e2:29:8a","ff:ff:ff:ff:ff:ff","802.11","444","-32 dBm","-93 dBm","61 dB","Beacon frame, SN=3289, FN=0, Flags=........C, BI=100, SSID=""Z5319476"""
"6920","2.980232","7a:e1:e2:e2:29:8a","ff:ff:ff:ff:ff:ff","802.11","444","-35 dBm","-93 dBm","58 dB","Beacon frame, SN=3290, FN=0, Flags=........C, BI=100, SSID=""Z5319476"""
"7194","3.082002","7a:e1:e2:e2:29:8a","ff:ff:ff:ff:ff:ff","802.11","444","-34 dBm","-93 dBm","59 dB","Beacon frame, SN=3291, FN=0, Flags=........C, BI=100, SSID=""Z5319476"""
"7488","3.185131","7a:e1:e2:e2:29:8a","ff:ff:ff:ff:ff:ff","802.11","444","-34 dBm","-93 dBm","59 dB","Beacon frame, SN=3292, FN=0, Flags=........C, BI=100, SSID=""Z5319476"""
"7725","3.287398","7a:e1:e2:e2:29:8a","ff:ff:ff:ff:ff:ff","802.11","444","-32 dBm","-93 dBm","61 dB","Beacon frame, SN=3293, FN=0, Flags=........C, BI=100, SSID=""Z5319476"""
"7984","3.391213","7a:e1:e2:e2:29:8a","ff:ff:ff:ff:ff:ff","802.11","444","-35 dBm","-93 dBm","58 dB","Beacon frame, SN=3294, FN=0, Flags=........C, BI=100, SSID=""Z5319476"""
"8258","3.492277","7a:e1:e2:e2:29:8a","ff:ff:ff:ff:ff:ff","802.11","444","-34 dBm","-93 dBm","59 dB","Beacon frame, SN=3295, FN=0, Flags=........C, BI=100, SSID=""Z5319476"""
"8539","3.595016","7a:e1:e2:e2:29:8a","ff:ff:ff:ff:ff:ff","802.11","444","-35 dBm","-93 dBm","58 dB","Beacon frame, SN=3296, FN=0, Flags=........C, BI=100, SSID=""Z5319476"""
"8808","3.697042","7a:e1:e2:e2:29:8a","ff:ff:ff:ff:ff:ff","802.11","444","-34 dBm","-93 dBm","59 dB","Beacon frame, SN=3297, FN=0, Flags=........C, BI=100, SSID=""Z5319476"""
"9051","3.799964","7a:e1:e2:e2:29:8a","ff:ff:ff:ff:ff:ff","802.11","444","-34 dBm","-93 dBm","59 dB","Beacon frame, SN=3298, FN=0, Flags=........C, BI=100, SSID=""Z5319476"""
"9293","3.901816","7a:e1:e2:e2:29:8a","ff:ff:ff:ff:ff:ff","802.11","444","-33 dBm","-93 dBm","60 dB","Beacon frame, SN=3299, FN=0, Flags=........C, BI=100, SSID=""Z5319476"""
"9563","4.004210","7a:e1:e2:e2:29:8a","ff:ff:ff:ff:ff:ff","802.11","444","-33 dBm","-93 dBm","60 dB","Beacon frame, SN=3300, FN=0, Flags=........C, BI=100, SSID=""Z5319476"""
"9873","4.106531","7a:e1:e2:e2:29:8a","ff:ff:ff:ff:ff:ff","802.11","444","-34 dBm","-93 dBm","59 dB","Beacon frame, SN=3301, FN=0, Flags=........C, BI=100, SSID=""Z5319476"""
"10168","4.209397","7a:e1:e2:e2:29:8a","ff:ff:ff:ff:ff:ff","802.11","444","-33 dBm","-93 dBm","60 dB","Beacon frame, SN=3302, FN=0, Flags=........C, BI=100, SSID=""Z5319476"""
"10358","4.311392","7a:e1:e2:e2:29:8a","ff:ff:ff:ff:ff:ff","802.11","444","-34 dBm","-93 dBm","59 dB","Beacon frame, SN=3303, FN=0, Flags=........C, BI=100, SSID=""Z5319476"""
"10579","4.413872","7a:e1:e2:e2:29:8a","ff:ff:ff:ff:ff:ff","802.11","444","-34 dBm","-93 dBm","59 dB","Beacon frame, SN=3304, FN=0, Flags=........C, BI=100, SSID=""Z5319476"""
"10831","4.516335","7a:e1:e2:e2:29:8a","ff:ff:ff:ff:ff:ff","802.11","444","-33 dBm","-93 dBm","60 dB","Beacon frame, SN=3305, FN=0, Flags=........C, BI=100, SSID=""Z5319476"""
"11073","4.617691","7a:e1:e2:e2:29:8a","ff:ff:ff:ff:ff:ff","802.11","444","-33 dBm","-93 dBm","60 dB","Beacon frame, SN=3306, FN=0, Flags=........C, BI=100, SSID=""Z5319476"""
"11365","4.720110","7a:e1:e2:e2:29:8a","ff:ff:ff:ff:ff:ff","802.11","444","-34 dBm","-93 dBm","59 dB","Beacon frame, SN=3307, FN=0, Flags=........C, BI=100, SSID=""Z5319476"""
"11607","4.823477","7a:e1:e2:e2:29:8a","ff:ff:ff:ff:ff:ff","802.11","444","-34 dBm","-93 dBm","59 dB","Beacon frame, SN=3308, FN=0, Flags=........C, BI=100, SSID=""Z5319476"""
"12163","5.027274","7a:e1:e2:e2:29:8a","ff:ff:ff:ff:ff:ff","802.11","444","-36 dBm","-93 dBm","57 dB","Beacon frame, SN=3310, FN=0, Flags=........C, BI=100, SSID=""Z5319476"""
"12430","5.129681","7a:e1:e2:e2:29:8a","ff:ff:ff:ff:ff:ff","802.11","444","-33 dBm","-93 dBm","60 dB","Beacon frame, SN=3311, FN=0, Flags=........C, BI=100, SSID=""Z5319476"""
"12787","5.233339","7a:e1:e2:e2:29:8a","ff:ff:ff:ff:ff:ff","802.11","444","-34 dBm","-93 dBm","59 dB","Beacon frame, SN=3312, FN=0, Flags=........C, BI=100, SSID=""Z5319476"""
"13084","5.335545","7a:e1:e2:e2:29:8a","ff:ff:ff:ff:ff:ff","802.11","444","-32 dBm","-93 dBm","61 dB","Beacon frame, SN=3313, FN=0, Flags=........C, BI=100, SSID=""Z5319476"""
"13375","5.437906","7a:e1:e2:e2:29:8a","ff:ff:ff:ff:ff:ff","802.11","444","-32 dBm","-93 dBm","61 dB","Beacon frame, SN=3314, FN=0, Flags=........C, BI=100, SSID=""Z5319476"""
"13698","5.540192","7a:e1:e2:e2:29:8a","ff:ff:ff:ff:ff:ff","802.11","444","-32 dBm","-93 dBm","61 dB","Beacon frame, SN=3315, FN=0, Flags=........C, BI=100, SSID=""Z5319476"""
"14029","5.642685","7a:e1:e2:e2:29:8a","ff:ff:ff:ff:ff:ff","802.11","444","-33 dBm","-93 dBm","60 dB","Beacon frame, SN=3316, FN=0, Flags=........C, BI=100, SSID=""Z5319476"""
"14330","5.745033","7a:e1:e2:e2:29:8a","ff:ff:ff:ff:ff:ff","802.11","444","-31 dBm","-93 dBm","62 dB","Beacon frame, SN=3317, FN=0, Flags=........C, BI=100, SSID=""Z5319476"""
"14607","5.847399","7a:e1:e2:e2:29:8a","ff:ff:ff:ff:ff:ff","802.11","444","-33 dBm","-93 dBm","60 dB","Beacon frame, SN=3318, FN=0, Flags=........C, BI=100, SSID=""Z5319476"""
"14925","5.950190","7a:e1:e2:e2:29:8a","ff:ff:ff:ff:ff:ff","802.11","444","-32 dBm","-93 dBm","61 dB","Beacon frame, SN=3319, FN=0, Flags=........C, BI=100, SSID=""Z5319476"""
"15236","6.052316","7a:e1:e2:e2:29:8a","ff:ff:ff:ff:ff:ff","802.11","444","-30 dBm","-93 dBm","63 dB","Beacon frame, SN=3320, FN=0, Flags=........C, BI=100, SSID=""Z5319476"""
"15519","6.154540","7a:e1:e2:e2:29:8a","ff:ff:ff:ff:ff:ff","802.11","444","-33 dBm","-93 dBm","60 dB","Beacon frame, SN=3321, FN=0, Flags=........C, BI=100, SSID=""Z5319476"""
"15842","6.257149","7a:e1:e2:e2:29:8a","ff:ff:ff:ff:ff:ff","802.11","444","-31 dBm","-93 dBm","62 dB","Beacon frame, SN=3322, FN=0, Flags=........C, BI=100, SSID=""Z5319476"""
"16109","6.359635","7a:e1:e2:e2:29:8a","ff:ff:ff:ff:ff:ff","802.11","444","-32 dBm","-93 dBm","61 dB","Beacon frame, SN=3323, FN=0, Flags=........C, BI=100, SSID=""Z5319476"""
"16381","6.462098","7a:e1:e2:e2:29:8a","ff:ff:ff:ff:ff:ff","802.11","444","-34 dBm","-93 dBm","59 dB","Beacon frame, SN=3324, FN=0, Flags=........C, BI=100, SSID=""Z5319476"""
"16673","6.563280","7a:e1:e2:e2:29:8a","ff:ff:ff:ff:ff:ff","802.11","444","-33 dBm","-93 dBm","60 dB","Beacon frame, SN=3325, FN=0, Flags=........C, BI=100, SSID=""Z5319476"""
"16954","6.665973","7a:e1:e2:e2:29:8a","ff:ff:ff:ff:ff:ff","802.11","444","-33 dBm","-93 dBm","60 dB","Beacon frame, SN=3326, FN=0, Flags=........C, BI=100, SSID=""Z5319476"""
"17224","6.769283","7a:e1:e2:e2:29:8a","ff:ff:ff:ff:ff:ff","802.11","444","-32 dBm","-93 dBm","61 dB","Beacon frame, SN=3327, FN=0, Flags=........C, BI=100, SSID=""Z5319476"""
"17488","6.871317","7a:e1:e2:e2:29:8a","ff:ff:ff:ff:ff:ff","802.11","444","-33 dBm","-93 dBm","60 dB","Beacon frame, SN=3328, FN=0, Flags=........C, BI=100, SSID=""Z5319476"""
"17797","6.973993","7a:e1:e2:e2:29:8a","ff:ff:ff:ff:ff:ff","802.11","444","-32 dBm","-93 dBm","61 dB","Beacon frame, SN=3329, FN=0, Flags=........C, BI=100, SSID=""Z5319476"""
"18065","7.076075","7a:e1:e2:e2:29:8a","ff:ff:ff:ff:ff:ff","802.11","444","-30 dBm","-93 dBm","63 dB","Beacon frame, SN=3330, FN=0, Flags=........C, BI=100, SSID=""Z5319476"""
"18387","7.177610","7a:e1:e2:e2:29:8a","ff:ff:ff:ff:ff:ff","802.11","444","-32 dBm","-93 dBm","61 dB","Beacon frame, SN=3331, FN=0, Flags=........C, BI=100, SSID=""Z5319476"""
"18705","7.280679","7a:e1:e2:e2:29:8a","ff:ff:ff:ff:ff:ff","802.11","444","-34 dBm","-93 dBm","59 dB","Beacon frame, SN=3332, FN=0, Flags=........C, BI=100, SSID=""Z5319476"""
"19010","7.383639","7a:e1:e2:e2:29:8a","ff:ff:ff:ff:ff:ff","802.11","444","-31 dBm","-93 dBm","62 dB","Beacon frame, SN=3333, FN=0, Flags=........C, BI=100, SSID=""Z5319476"""
"19631","7.587483","7a:e1:e2:e2:29:8a","ff:ff:ff:ff:ff:ff","802.11","444","-29 dBm","-93 dBm","64 dB","Beacon frame, SN=3335, FN=0, Flags=........C, BI=100, SSID=""Z5319476"""
"19957","7.690465","7a:e1:e2:e2:29:8a","ff:ff:ff:ff:ff:ff","802.11","444","-30 dBm","-93 dBm","63 dB","Beacon frame, SN=3336, FN=0, Flags=........C, BI=100, SSID=""Z5319476"""
"20294","7.793355","7a:e1:e2:e2:29:8a","ff:ff:ff:ff:ff:ff","802.11","444","-32 dBm","-93 dBm","61 dB","Beacon frame, SN=3337, FN=0, Flags=........C, BI=100, SSID=""Z5319476"""
"20593","7.895432","7a:e1:e2:e2:29:8a","ff:ff:ff:ff:ff:ff","802.11","444","-32 dBm","-93 dBm","61 dB","Beacon frame, SN=3338, FN=0, Flags=........C, BI=100, SSID=""Z5319476"""
"20852","7.997709","7a:e1:e2:e2:29:8a","ff:ff:ff:ff:ff:ff","802.11","444","-32 dBm","-93 dBm","61 dB","Beacon frame, SN=3339, FN=0, Flags=........C, BI=100, SSID=""Z5319476"""
"21156","8.100411","7a:e1:e2:e2:29:8a","ff:ff:ff:ff:ff:ff","802.11","444","-32 dBm","-93 dBm","61 dB","Beacon frame, SN=3340, FN=0, Flags=........C, BI=100, SSID=""Z5319476"""
"21459","8.202454","7a:e1:e2:e2:29:8a","ff:ff:ff:ff:ff:ff","802.11","444","-30 dBm","-93 dBm","63 dB","Beacon frame, SN=3341, FN=0, Flags=........C, BI=100, SSID=""Z5319476"""
"21746","8.305187","7a:e1:e2:e2:29:8a","ff:ff:ff:ff:ff:ff","802.11","444","-29 dBm","-93 dBm","64 dB","Beacon frame, SN=3342, FN=0, Flags=........C, BI=100, SSID=""Z5319476"""
"22021","8.407277","7a:e1:e2:e2:29:8a","ff:ff:ff:ff:ff:ff","802.11","444","-31 dBm","-93 dBm","62 dB","Beacon frame, SN=3343, FN=0, Flags=........C, BI=100, SSID=""Z5319476"""
"22253","8.509644","7a:e1:e2:e2:29:8a","ff:ff:ff:ff:ff:ff","802.11","444","-29 dBm","-93 dBm","64 dB","Beacon frame, SN=3344, FN=0, Flags=........C, BI=100, SSID=""Z5319476"""
"22533","8.612083","7a:e1:e2:e2:29:8a","ff:ff:ff:ff:ff:ff","802.11","444","-29 dBm","-93 dBm","64 dB","Beacon frame, SN=3345, FN=0, Flags=........C, BI=100, SSID=""Z5319476"""
"22789","8.714505","7a:e1:e2:e2:29:8a","ff:ff:ff:ff:ff:ff","802.11","444","-29 dBm","-93 dBm","64 dB","Beacon frame, SN=3346, FN=0, Flags=........C, BI=100, SSID=""Z5319476"""
"23357","8.918368","7a:e1:e2:e2:29:8a","ff:ff:ff:ff:ff:ff","802.11","444","-29 dBm","-93 dBm","64 dB","Beacon frame, SN=3348, FN=0, Flags=........C, BI=100, SSID=""Z5319476"""
"23634","9.021662","7a:e1:e2:e2:29:8a","ff:ff:ff:ff:ff:ff","802.11","444","-30 dBm","-93 dBm","63 dB","Beacon frame, SN=3349, FN=0, Flags=........C, BI=100, SSID=""Z5319476"""
"23893","9.124229","7a:e1:e2:e2:29:8a","ff:ff:ff:ff:ff:ff","802.11","444","-29 dBm","-93 dBm","64 dB","Beacon frame, SN=3350, FN=0, Flags=........C, BI=100, SSID=""Z5319476"""
"24170","9.226449","7a:e1:e2:e2:29:8a","ff:ff:ff:ff:ff:ff","802.11","444","-29 dBm","-93 dBm","64 dB","Beacon frame, SN=3351, FN=0, Flags=........C, BI=100, SSID=""Z5319476"""
"24484","9.329237","7a:e1:e2:e2:29:8a","ff:ff:ff:ff:ff:ff","802.11","444","-29 dBm","-93 dBm","64 dB","Beacon frame, SN=3352, FN=0, Flags=........C, BI=100, SSID=""Z5319476"""
"24762","9.431161","7a:e1:e2:e2:29:8a","ff:ff:ff:ff:ff:ff","802.11","444","-29 dBm","-93 dBm","64 dB","Beacon frame, SN=3353, FN=0, Flags=........C, BI=100, SSID=""Z5319476"""
"24991","9.534039","7a:e1:e2:e2:29:8a","ff:ff:ff:ff:ff:ff","802.11","444","-30 dBm","-93 dBm","63 dB","Beacon frame, SN=3354, FN=0, Flags=........C, BI=100, SSID=""Z5319476"""
"25212","9.635099","7a:e1:e2:e2:29:8a","ff:ff:ff:ff:ff:ff","802.11","444","-30 dBm","-93 dBm","63 dB","Beacon frame, SN=3355, FN=0, Flags=........C, BI=100, SSID=""Z5319476"""
"25457","9.738440","7a:e1:e2:e2:29:8a","ff:ff:ff:ff:ff:ff","802.11","444","-31 dBm","-93 dBm","62 dB","Beacon frame, SN=3356, FN=0, Flags=........C, BI=100, SSID=""Z5319476"""
"25772","9.840819","7a:e1:e2:e2:29:8a","ff:ff:ff:ff:ff:ff","802.11","444","-31 dBm","-93 dBm","62 dB","Beacon frame, SN=3357, FN=0, Flags=........C, BI=100, SSID=""Z5319476"""
"26043","9.942300","7a:e1:e2:e2:29:8a","ff:ff:ff:ff:ff:ff","802.11","444","-32 dBm","-93 dBm","61 dB","Beacon frame, SN=3358, FN=0, Flags=........C, BI=100, SSID=""Z5319476"""
"26322","10.045560","7a:e1:e2:e2:29:8a","ff:ff:ff:ff:ff:ff","802.11","444","-29 dBm","-93 dBm","64 dB","Beacon frame, SN=3359, FN=0, Flags=........C, BI=100, SSID=""Z5319476"""
"26682","10.147532","7a:e1:e2:e2:29:8a","ff:ff:ff:ff:ff:ff","802.11","444","-29 dBm","-93 dBm","64 dB","Beacon frame, SN=3360, FN=0, Flags=........C, BI=100, SSID=""Z5319476"""
"27010","10.250599","7a:e1:e2:e2:29:8a","ff:ff:ff:ff:ff:ff","802.11","444","-31 dBm","-93 dBm","62 dB","Beacon frame, SN=3361, FN=0, Flags=........C, BI=100, SSID=""Z5319476"""
"27286","10.353020","7a:e1:e2:e2:29:8a","ff:ff:ff:ff:ff:ff","802.11","444","-31 dBm","-93 dBm","62 dB","Beacon frame, SN=3362, FN=0, Flags=........C, BI=100, SSID=""Z5319476"""
"27563","10.454276","7a:e1:e2:e2:29:8a","ff:ff:ff:ff:ff:ff","802.11","444","-32 dBm","-93 dBm","61 dB","Beacon frame, SN=3363, FN=0, Flags=........C, BI=100, SSID=""Z5319476"""
"27805","10.557618","7a:e1:e2:e2:29:8a","ff:ff:ff:ff:ff:ff","802.11","444","-32 dBm","-93 dBm","61 dB","Beacon frame, SN=3364, FN=0, Flags=........C, BI=100, SSID=""Z5319476"""
"28154","10.660233","7a:e1:e2:e2:29:8a","ff:ff:ff:ff:ff:ff","802.11","444","-32 dBm","-93 dBm","61 dB","Beacon frame, SN=3365, FN=0, Flags=........C, BI=100, SSID=""Z5319476"""
"28493","10.762437","7a:e1:e2:e2:29:8a","ff:ff:ff:ff:ff:ff","802.11","444","-32 dBm","-93 dBm","61 dB","Beacon frame, SN=3366, FN=0, Flags=........C, BI=100, SSID=""Z5319476"""
"28799","10.864893","7a:e1:e2:e2:29:8a","ff:ff:ff:ff:ff:ff","802.11","444","-30 dBm","-93 dBm","63 dB","Beacon frame, SN=3367, FN=0, Flags=........C, BI=100, SSID=""Z5319476"""
"29108","10.966269","7a:e1:e2:e2:29:8a","ff:ff:ff:ff:ff:ff","802.11","444","-31 dBm","-93 dBm","62 dB","Beacon frame, SN=3368, FN=0, Flags=........C, BI=100, SSID=""Z5319476"""
"29412","11.069949","7a:e1:e2:e2:29:8a","ff:ff:ff:ff:ff:ff","802.11","444","-30 dBm","-93 dBm","63 dB","Beacon frame, SN=3369, FN=0, Flags=........C, BI=100, SSID=""Z5319476"""
"29733","11.171039","7a:e1:e2:e2:29:8a","ff:ff:ff:ff:ff:ff","802.11","444","-32 dBm","-93 dBm","61 dB","Beacon frame, SN=3370, FN=0, Flags=........C, BI=100, SSID=""Z5319476"""
"30030","11.274264","7a:e1:e2:e2:29:8a","ff:ff:ff:ff:ff:ff","802.11","444","-32 dBm","-93 dBm","61 dB","Beacon frame, SN=3371, FN=0, Flags=........C, BI=100, SSID=""Z5319476"""
"30325","11.375825","7a:e1:e2:e2:29:8a","ff:ff:ff:ff:ff:ff","802.11","444","-31 dBm","-93 dBm","62 dB","Beacon frame, SN=3372, FN=0, Flags=........C, BI=100, SSID=""Z5319476"""
"30646","11.479252","7a:e1:e2:e2:29:8a","ff:ff:ff:ff:ff:ff","802.11","444","-32 dBm","-93 dBm","61 dB","Beacon frame, SN=3373, FN=0, Flags=........C, BI=100, SSID=""Z5319476"""
"30937","11.581814","7a:e1:e2:e2:29:8a","ff:ff:ff:ff:ff:ff","802.11","444","-32 dBm","-93 dBm","61 dB","Beacon frame, SN=3374, FN=0, Flags=........C, BI=100, SSID=""Z5319476"""
"31316","11.684207","7a:e1:e2:e2:29:8a","ff:ff:ff:ff:ff:ff","802.11","444","-32 dBm","-93 dBm","61 dB","Beacon frame, SN=3375, FN=0, Flags=........C, BI=100, SSID=""Z5319476"""
"31620","11.786677","7a:e1:e2:e2:29:8a","ff:ff:ff:ff:ff:ff","802.11","444","-31 dBm","-93 dBm","62 dB","Beacon frame, SN=3376, FN=0, Flags=........C, BI=100, SSID=""Z5319476"""
"31888","11.888642","7a:e1:e2:e2:29:8a","ff:ff:ff:ff:ff:ff","802.11","444","-30 dBm","-93 dBm","63 dB","Beacon frame, SN=3377, FN=0, Flags=........C, BI=100, SSID=""Z5319476"""
"32530","12.093789","7a:e1:e2:e2:29:8a","ff:ff:ff:ff:ff:ff","802.11","444","-29 dBm","-93 dBm","64 dB","Beacon frame, SN=3379, FN=0, Flags=........C, BI=100, SSID=""Z5319476"""
"32775","12.196289","7a:e1:e2:e2:29:8a","ff:ff:ff:ff:ff:ff","802.11","444","-29 dBm","-93 dBm","64 dB","Beacon frame, SN=3380, FN=0, Flags=........C, BI=100, SSID=""Z5319476"""
"33037","12.298415","7a:e1:e2:e2:29:8a","ff:ff:ff:ff:ff:ff","802.11","444","-28 dBm","-93 dBm","65 dB","Beacon frame, SN=3381, FN=0, Flags=........C, BI=100, SSID=""Z5319476"""
"33270","12.400796","7a:e1:e2:e2:29:8a","ff:ff:ff:ff:ff:ff","802.11","444","-28 dBm","-93 dBm","65 dB","Beacon frame, SN=3382, FN=0, Flags=........C, BI=100, SSID=""Z5319476"""
"33554","12.502263","7a:e1:e2:e2:29:8a","ff:ff:ff:ff:ff:ff","802.11","444","-30 dBm","-93 dBm","63 dB","Beacon frame, SN=3383, FN=0, Flags=........C, BI=100, SSID=""Z5319476"""
"33825","12.605791","7a:e1:e2:e2:29:8a","ff:ff:ff:ff:ff:ff","802.11","444","-31 dBm","-93 dBm","62 dB","Beacon frame, SN=3384, FN=0, Flags=........C, BI=100, SSID=""Z5319476"""
"34342","12.809394","7a:e1:e2:e2:29:8a","ff:ff:ff:ff:ff:ff","802.11","444","-31 dBm","-93 dBm","62 dB","Beacon frame, SN=3386, FN=0, Flags=........C, BI=100, SSID=""Z5319476"""
"34621","12.912739","7a:e1:e2:e2:29:8a","ff:ff:ff:ff:ff:ff","802.11","444","-29 dBm","-93 dBm","64 dB","Beacon frame, SN=3387, FN=0, Flags=........C, BI=100, SSID=""Z5319476"""
"34847","13.015122","7a:e1:e2:e2:29:8a","ff:ff:ff:ff:ff:ff","802.11","444","-31 dBm","-93 dBm","62 dB","Beacon frame, SN=3388, FN=0, Flags=........C, BI=100, SSID=""Z5319476"""
"35121","13.117530","7a:e1:e2:e2:29:8a","ff:ff:ff:ff:ff:ff","802.11","444","-31 dBm","-93 dBm","62 dB","Beacon frame, SN=3389, FN=0, Flags=........C, BI=100, SSID=""Z5319476"""
"35391","13.218957","7a:e1:e2:e2:29:8a","ff:ff:ff:ff:ff:ff","802.11","444","-31 dBm","-93 dBm","62 dB","Beacon frame, SN=3390, FN=0, Flags=........C, BI=100, SSID=""Z5319476"""
"35688","13.322363","7a:e1:e2:e2:29:8a","ff:ff:ff:ff:ff:ff","802.11","444","-29 dBm","-93 dBm","64 dB","Beacon frame, SN=3391, FN=0, Flags=........C, BI=100, SSID=""Z5319476"""
"35938","13.425014","7a:e1:e2:e2:29:8a","ff:ff:ff:ff:ff:ff","802.11","444","-31 dBm","-93 dBm","62 dB","Beacon frame, SN=3392, FN=0, Flags=........C, BI=100, SSID=""Z5319476"""
"36449","13.629679","7a:e1:e2:e2:29:8a","ff:ff:ff:ff:ff:ff","802.11","444","-31 dBm","-93 dBm","62 dB","Beacon frame, SN=3394, FN=0, Flags=........C, BI=100, SSID=""Z5319476"""
"36717","13.731933","7a:e1:e2:e2:29:8a","ff:ff:ff:ff:ff:ff","802.11","444","-31 dBm","-93 dBm","62 dB","Beacon frame, SN=3395, FN=0, Flags=........C, BI=100, SSID=""Z5319476"""
"36961","13.833351","7a:e1:e2:e2:29:8a","ff:ff:ff:ff:ff:ff","802.11","444","-31 dBm","-93 dBm","62 dB","Beacon frame, SN=3396, FN=0, Flags=........C, BI=100, SSID=""Z5319476"""
"37179","13.936761","7a:e1:e2:e2:29:8a","ff:ff:ff:ff:ff:ff","802.11","444","-29 dBm","-93 dBm","64 dB","Beacon frame, SN=3397, FN=0, Flags=........C, BI=100, SSID=""Z5319476"""
"37394","14.039397","7a:e1:e2:e2:29:8a","ff:ff:ff:ff:ff:ff","802.11","444","-31 dBm","-93 dBm","62 dB","Beacon frame, SN=3398, FN=0, Flags=........C, BI=100, SSID=""Z5319476"""
"37949","14.244170","7a:e1:e2:e2:29:8a","ff:ff:ff:ff:ff:ff","802.11","444","-29 dBm","-93 dBm","64 dB","Beacon frame, SN=3400, FN=0, Flags=........C, BI=100, SSID=""Z5319476"""
"38189","14.345335","7a:e1:e2:e2:29:8a","ff:ff:ff:ff:ff:ff","802.11","444","-31 dBm","-93 dBm","62 dB","Beacon frame, SN=3401, FN=0, Flags=........C, BI=100, SSID=""Z5319476"""
"38448","14.447780","7a:e1:e2:e2:29:8a","ff:ff:ff:ff:ff:ff","802.11","444","-31 dBm","-93 dBm","62 dB","Beacon frame, SN=3402, FN=0, Flags=........C, BI=100, SSID=""Z5319476"""
"38685","14.551455","7a:e1:e2:e2:29:8a","ff:ff:ff:ff:ff:ff","802.11","444","-28 dBm","-93 dBm","65 dB","Beacon frame, SN=3403, FN=0, Flags=........C, BI=100, SSID=""Z5319476"""
"38964","14.653772","7a:e1:e2:e2:29:8a","ff:ff:ff:ff:ff:ff","802.11","444","-31 dBm","-93 dBm","62 dB","Beacon frame, SN=3404, FN=0, Flags=........C, BI=100, SSID=""Z5319476"""
"39212","14.754899","7a:e1:e2:e2:29:8a","ff:ff:ff:ff:ff:ff","802.11","444","-29 dBm","-93 dBm","64 dB","Beacon frame, SN=3405, FN=0, Flags=........C, BI=100, SSID=""Z5319476"""
"39517","14.858282","7a:e1:e2:e2:29:8a","ff:ff:ff:ff:ff:ff","802.11","444","-29 dBm","-93 dBm","64 dB","Beacon frame, SN=3406, FN=0, Flags=........C, BI=100, SSID=""Z5319476"""
"39763","14.960790","7a:e1:e2:e2:29:8a","ff:ff:ff:ff:ff:ff","802.11","444","-31 dBm","-93 dBm","62 dB","Beacon frame, SN=3407, FN=0, Flags=........C, BI=100, SSID=""Z5319476"""
"39994","15.063088","7a:e1:e2:e2:29:8a","ff:ff:ff:ff:ff:ff","802.11","444","-31 dBm","-93 dBm","62 dB","Beacon frame, SN=3408, FN=0, Flags=........C, BI=100, SSID=""Z5319476"""
"40285","15.165627","7a:e1:e2:e2:29:8a","ff:ff:ff:ff:ff:ff","802.11","444","-29 dBm","-93 dBm","64 dB","Beacon frame, SN=3409, FN=0, Flags=........C, BI=100, SSID=""Z5319476"""
"40562","15.268026","7a:e1:e2:e2:29:8a","ff:ff:ff:ff:ff:ff","802.11","444","-31 dBm","-93 dBm","62 dB","Beacon frame, SN=3410, FN=0, Flags=........C, BI=100, SSID=""Z5319476"""
"40812","15.370547","7a:e1:e2:e2:29:8a","ff:ff:ff:ff:ff:ff","802.11","444","-30 dBm","-93 dBm","63 dB","Beacon frame, SN=3411, FN=0, Flags=........C, BI=100, SSID=""Z5319476"""
"41083","15.472790","7a:e1:e2:e2:29:8a","ff:ff:ff:ff:ff:ff","802.11","444","-31 dBm","-93 dBm","62 dB","Beacon frame, SN=3412, FN=0, Flags=........C, BI=100, SSID=""Z5319476"""
"41353","15.575134","7a:e1:e2:e2:29:8a","ff:ff:ff:ff:ff:ff","802.11","444","-30 dBm","-93 dBm","63 dB","Beacon frame, SN=3413, FN=0, Flags=........C, BI=100, SSID=""Z5319476"""
"41820","15.778850","7a:e1:e2:e2:29:8a","ff:ff:ff:ff:ff:ff","802.11","444","-30 dBm","-93 dBm","63 dB","Beacon frame, SN=3415, FN=0, Flags=........C, BI=100, SSID=""Z5319476"""
"42116","15.882364","7a:e1:e2:e2:29:8a","ff:ff:ff:ff:ff:ff","802.11","444","-31 dBm","-93 dBm","62 dB","Beacon frame, SN=3416, FN=0, Flags=........C, BI=100, SSID=""Z5319476"""
"42363","15.984925","7a:e1:e2:e2:29:8a","ff:ff:ff:ff:ff:ff","802.11","444","-31 dBm","-93 dBm","62 dB","Beacon frame, SN=3417, FN=0, Flags=........C, BI=100, SSID=""Z5319476"""
"42593","16.086535","7a:e1:e2:e2:29:8a","ff:ff:ff:ff:ff:ff","802.11","444","-30 dBm","-93 dBm","63 dB","Beacon frame, SN=3418, FN=0, Flags=........C, BI=100, SSID=""Z5319476"""
"42895","16.189018","7a:e1:e2:e2:29:8a","ff:ff:ff:ff:ff:ff","802.11","444","-31 dBm","-93 dBm","62 dB","Beacon frame, SN=3419, FN=0, Flags=........C, BI=100, SSID=""Z5319476"""
"43167","16.292066","7a:e1:e2:e2:29:8a","ff:ff:ff:ff:ff:ff","802.11","444","-28 dBm","-93 dBm","65 dB","Beacon frame, SN=3420, FN=0, Flags=........C, BI=100, SSID=""Z5319476"""
"43429","16.394480","7a:e1:e2:e2:29:8a","ff:ff:ff:ff:ff:ff","802.11","444","-31 dBm","-93 dBm","62 dB","Beacon frame, SN=3421, FN=0, Flags=........C, BI=100, SSID=""Z5319476"""
"43660","16.496635","7a:e1:e2:e2:29:8a","ff:ff:ff:ff:ff:ff","802.11","444","-30 dBm","-93 dBm","63 dB","Beacon frame, SN=3422, FN=0, Flags=........C, BI=100, SSID=""Z5319476"""
"43930","16.598306","7a:e1:e2:e2:29:8a","ff:ff:ff:ff:ff:ff","802.11","444","-31 dBm","-93 dBm","62 dB","Beacon frame, SN=3423, FN=0, Flags=........C, BI=100, SSID=""Z5319476"""
"44186","16.700441","7a:e1:e2:e2:29:8a","ff:ff:ff:ff:ff:ff","802.11","444","-32 dBm","-93 dBm","61 dB","Beacon frame, SN=3424, FN=0, Flags=........C, BI=100, SSID=""Z5319476"""
"44425","16.802885","7a:e1:e2:e2:29:8a","ff:ff:ff:ff:ff:ff","802.11","444","-31 dBm","-93 dBm","62 dB","Beacon frame, SN=3425, FN=0, Flags=........C, BI=100, SSID=""Z5319476"""
"44735","16.908767","7a:e1:e2:e2:29:8a","ff:ff:ff:ff:ff:ff","802.11","444","-30 dBm","-93 dBm","63 dB","Beacon frame, SN=3426, FN=0, Flags=........C, BI=100, SSID=""Z5319476"""
"45024","17.008930","7a:e1:e2:e2:29:8a","ff:ff:ff:ff:ff:ff","802.11","444","-31 dBm","-93 dBm","62 dB","Beacon frame, SN=3427, FN=0, Flags=........C, BI=100, SSID=""Z5319476"""
"45245","17.111407","7a:e1:e2:e2:29:8a","ff:ff:ff:ff:ff:ff","802.11","444","-30 dBm","-93 dBm","63 dB","Beacon frame, SN=3428, FN=0, Flags=........C, BI=100, SSID=""Z5319476"""
"45535","17.212470","7a:e1:e2:e2:29:8a","ff:ff:ff:ff:ff:ff","802.11","444","-31 dBm","-93 dBm","62 dB","Beacon frame, SN=3429, FN=0, Flags=........C, BI=100, SSID=""Z5319476"""
"45801","17.315898","7a:e1:e2:e2:29:8a","ff:ff:ff:ff:ff:ff","802.11","444","-31 dBm","-93 dBm","62 dB","Beacon frame, SN=3430, FN=0, Flags=........C, BI=100, SSID=""Z5319476"""
"46045","17.418320","7a:e1:e2:e2:29:8a","ff:ff:ff:ff:ff:ff","802.11","444","-31 dBm","-93 dBm","62 dB","Beacon frame, SN=3431, FN=0, Flags=........C, BI=100, SSID=""Z5319476"""
"46270","17.519926","7a:e1:e2:e2:29:8a","ff:ff:ff:ff:ff:ff","802.11","444","-30 dBm","-93 dBm","63 dB","Beacon frame, SN=3432, FN=0, Flags=........C, BI=100, SSID=""Z5319476"""
"46544","17.623092","7a:e1:e2:e2:29:8a","ff:ff:ff:ff:ff:ff","802.11","444","-28 dBm","-93 dBm","65 dB","Beacon frame, SN=3433, FN=0, Flags=........C, BI=100, SSID=""Z5319476"""
"46809","17.725828","7a:e1:e2:e2:29:8a","ff:ff:ff:ff:ff:ff","802.11","444","-31 dBm","-93 dBm","62 dB","Beacon frame, SN=3434, FN=0, Flags=........C, BI=100, SSID=""Z5319476"""
"47011","17.827996","7a:e1:e2:e2:29:8a","ff:ff:ff:ff:ff:ff","802.11","444","-32 dBm","-93 dBm","61 dB","Beacon frame, SN=3435, FN=0, Flags=........C, BI=100, SSID=""Z5319476"""
"47328","17.930334","7a:e1:e2:e2:29:8a","ff:ff:ff:ff:ff:ff","802.11","444","-32 dBm","-93 dBm","61 dB","Beacon frame, SN=3436, FN=0, Flags=........C, BI=100, SSID=""Z5319476"""
"47632","18.031584","7a:e1:e2:e2:29:8a","ff:ff:ff:ff:ff:ff","802.11","444","-32 dBm","-93 dBm","61 dB","Beacon frame, SN=3437, FN=0, Flags=........C, BI=100, SSID=""Z5319476"""
"47945","18.135056","7a:e1:e2:e2:29:8a","ff:ff:ff:ff:ff:ff","802.11","444","-30 dBm","-93 dBm","63 dB","Beacon frame, SN=3438, FN=0, Flags=........C, BI=100, SSID=""Z5319476"""
"48190","18.237501","7a:e1:e2:e2:29:8a","ff:ff:ff:ff:ff:ff","802.11","444","-31 dBm","-93 dBm","62 dB","Beacon frame, SN=3439, FN=0, Flags=........C, BI=100, SSID=""Z5319476"""
"48565","18.339833","7a:e1:e2:e2:29:8a","ff:ff:ff:ff:ff:ff","802.11","444","-31 dBm","-93 dBm","62 dB","Beacon frame, SN=3440, FN=0, Flags=........C, BI=100, SSID=""Z5319476"""
"48903","18.441148","7a:e1:e2:e2:29:8a","ff:ff:ff:ff:ff:ff","802.11","444","-31 dBm","-93 dBm","62 dB","Beacon frame, SN=3441, FN=0, Flags=........C, BI=100, SSID=""Z5319476"""
"49266","18.544575","7a:e1:e2:e2:29:8a","ff:ff:ff:ff:ff:ff","802.11","444","-29 dBm","-93 dBm","64 dB","Beacon frame, SN=3442, FN=0, Flags=........C, BI=100, SSID=""Z5319476"""
"49612","18.647178","7a:e1:e2:e2:29:8a","ff:ff:ff:ff:ff:ff","802.11","444","-32 dBm","-93 dBm","61 dB","Beacon frame, SN=3443, FN=0, Flags=........C, BI=100, SSID=""Z5319476"""
"49876","18.748361","7a:e1:e2:e2:29:8a","ff:ff:ff:ff:ff:ff","802.11","444","-33 dBm","-93 dBm","60 dB","Beacon frame, SN=3444, FN=0, Flags=........C, BI=100, SSID=""Z5319476"""
"50230","18.851903","7a:e1:e2:e2:29:8a","ff:ff:ff:ff:ff:ff","802.11","444","-32 dBm","-93 dBm","61 dB","Beacon frame, SN=3445, FN=0, Flags=........C, BI=100, SSID=""Z5319476"""
"50536","18.954187","7a:e1:e2:e2:29:8a","ff:ff:ff:ff:ff:ff","802.11","444","-31 dBm","-93 dBm","62 dB","Beacon frame, SN=3446, FN=0, Flags=........C, BI=100, SSID=""Z5319476"""
"50906","19.056587","7a:e1:e2:e2:29:8a","ff:ff:ff:ff:ff:ff","802.11","444","-30 dBm","-93 dBm","63 dB","Beacon frame, SN=3447, FN=0, Flags=........C, BI=100, SSID=""Z5319476"""
"51236","19.158900","7a:e1:e2:e2:29:8a","ff:ff:ff:ff:ff:ff","802.11","444","-30 dBm","-93 dBm","63 dB","Beacon frame, SN=3448, FN=0, Flags=........C, BI=100, SSID=""Z5319476"""
"51523","19.261400","7a:e1:e2:e2:29:8a","ff:ff:ff:ff:ff:ff","802.11","444","-31 dBm","-93 dBm","62 dB","Beacon frame, SN=3449, FN=0, Flags=........C, BI=100, SSID=""Z5319476"""
"51831","19.364001","7a:e1:e2:e2:29:8a","ff:ff:ff:ff:ff:ff","802.11","444","-30 dBm","-93 dBm","63 dB","Beacon frame, SN=3450, FN=0, Flags=........C, BI=100, SSID=""Z5319476"""
"52134","19.466262","7a:e1:e2:e2:29:8a","ff:ff:ff:ff:ff:ff","802.11","444","-30 dBm","-93 dBm","63 dB","Beacon frame, SN=3451, FN=0, Flags=........C, BI=100, SSID=""Z5319476"""
"52444","19.568868","7a:e1:e2:e2:29:8a","ff:ff:ff:ff:ff:ff","802.11","444","-32 dBm","-93 dBm","61 dB","Beacon frame, SN=3452, FN=0, Flags=........C, BI=100, SSID=""Z5319476"""
"52801","19.671172","7a:e1:e2:e2:29:8a","ff:ff:ff:ff:ff:ff","802.11","444","-32 dBm","-93 dBm","61 dB","Beacon frame, SN=3453, FN=0, Flags=........C, BI=100, SSID=""Z5319476"""
"53107","19.773539","7a:e1:e2:e2:29:8a","ff:ff:ff:ff:ff:ff","802.11","444","-32 dBm","-93 dBm","61 dB","Beacon frame, SN=3454, FN=0, Flags=........C, BI=100, SSID=""Z5319476"""
"53455","19.876152","7a:e1:e2:e2:29:8a","ff:ff:ff:ff:ff:ff","802.11","444","-31 dBm","-93 dBm","62 dB","Beacon frame, SN=3455, FN=0, Flags=........C, BI=100, SSID=""Z5319476"""
"53803","19.977086","7a:e1:e2:e2:29:8a","ff:ff:ff:ff:ff:ff","802.11","444","-32 dBm","-93 dBm","61 dB","Beacon frame, SN=3456, FN=0, Flags=........C, BI=100, SSID=""Z5319476"""
"54141","20.079456","7a:e1:e2:e2:29:8a","ff:ff:ff:ff:ff:ff","802.11","444","-32 dBm","-93 dBm","61 dB","Beacon frame, SN=3457, FN=0, Flags=........C, BI=100, SSID=""Z5319476"""
"54427","20.182934","7a:e1:e2:e2:29:8a","ff:ff:ff:ff:ff:ff","802.11","444","-32 dBm","-93 dBm","61 dB","Beacon frame, SN=3458, FN=0, Flags=........C, BI=100, SSID=""Z5319476"""
"54696","20.285317","7a:e1:e2:e2:29:8a","ff:ff:ff:ff:ff:ff","802.11","444","-31 dBm","-93 dBm","62 dB","Beacon frame, SN=3459, FN=0, Flags=........C, BI=100, SSID=""Z5319476"""
"55675","20.592765","7a:e1:e2:e2:29:8a","ff:ff:ff:ff:ff:ff","802.11","444","-32 dBm","-93 dBm","61 dB","Beacon frame, SN=3462, FN=0, Flags=........C, BI=100, SSID=""Z5319476"""
"56052","20.695150","7a:e1:e2:e2:29:8a","ff:ff:ff:ff:ff:ff","802.11","444","-32 dBm","-93 dBm","61 dB","Beacon frame, SN=3463, FN=0, Flags=........C, BI=100, SSID=""Z5319476"""
"56380","20.797388","7a:e1:e2:e2:29:8a","ff:ff:ff:ff:ff:ff","802.11","444","-33 dBm","-93 dBm","60 dB","Beacon frame, SN=3464, FN=0, Flags=........C, BI=100, SSID=""Z5319476"""
"56725","20.898655","7a:e1:e2:e2:29:8a","ff:ff:ff:ff:ff:ff","802.11","444","-32 dBm","-93 dBm","61 dB","Beacon frame, SN=3465, FN=0, Flags=........C, BI=100, SSID=""Z5319476"""
"57087","21.002216","7a:e1:e2:e2:29:8a","ff:ff:ff:ff:ff:ff","802.11","444","-30 dBm","-93 dBm","63 dB","Beacon frame, SN=3466, FN=0, Flags=........C, BI=100, SSID=""Z5319476"""
"57422","21.103457","7a:e1:e2:e2:29:8a","ff:ff:ff:ff:ff:ff","802.11","444","-30 dBm","-93 dBm","63 dB","Beacon frame, SN=3467, FN=0, Flags=........C, BI=100, SSID=""Z5319476"""
"57780","21.205892","7a:e1:e2:e2:29:8a","ff:ff:ff:ff:ff:ff","802.11","444","-32 dBm","-93 dBm","61 dB","Beacon frame, SN=3468, FN=0, Flags=........C, BI=100, SSID=""Z5319476"""
"58176","21.309386","7a:e1:e2:e2:29:8a","ff:ff:ff:ff:ff:ff","802.11","444","-31 dBm","-93 dBm","62 dB","Beacon frame, SN=3469, FN=0, Flags=........C, BI=100, SSID=""Z5319476"""
"58843","21.514166","7a:e1:e2:e2:29:8a","ff:ff:ff:ff:ff:ff","802.11","444","-29 dBm","-93 dBm","64 dB","Beacon frame, SN=3471, FN=0, Flags=........C, BI=100, SSID=""Z5319476"""
"59175","21.616560","7a:e1:e2:e2:29:8a","ff:ff:ff:ff:ff:ff","802.11","444","-31 dBm","-93 dBm","62 dB","Beacon frame, SN=3472, FN=0, Flags=........C, BI=100, SSID=""Z5319476"""
"59548","21.718887","7a:e1:e2:e2:29:8a","ff:ff:ff:ff:ff:ff","802.11","444","-30 dBm","-93 dBm","63 dB","Beacon frame, SN=3473, FN=0, Flags=........C, BI=100, SSID=""Z5319476"""
"59843","21.821442","7a:e1:e2:e2:29:8a","ff:ff:ff:ff:ff:ff","802.11","444","-29 dBm","-93 dBm","64 dB","Beacon frame, SN=3474, FN=0, Flags=........C, BI=100, SSID=""Z5319476"""
"60146","21.923791","7a:e1:e2:e2:29:8a","ff:ff:ff:ff:ff:ff","802.11","444","-32 dBm","-93 dBm","61 dB","Beacon frame, SN=3475, FN=0, Flags=........C, BI=100, SSID=""Z5319476"""
"60436","22.025406","7a:e1:e2:e2:29:8a","ff:ff:ff:ff:ff:ff","802.11","444","-32 dBm","-93 dBm","61 dB","Beacon frame, SN=3476, FN=0, Flags=........C, BI=100, SSID=""Z5319476"""
"60744","22.127954","7a:e1:e2:e2:29:8a","ff:ff:ff:ff:ff:ff","802.11","444","-30 dBm","-93 dBm","63 dB","Beacon frame, SN=3477, FN=0, Flags=........C, BI=100, SSID=""Z5319476"""
"61103","22.230288","7a:e1:e2:e2:29:8a","ff:ff:ff:ff:ff:ff","802.11","444","-32 dBm","-93 dBm","61 dB","Beacon frame, SN=3478, FN=0, Flags=........C, BI=100, SSID=""Z5319476"""
"61427","22.333556","7a:e1:e2:e2:29:8a","ff:ff:ff:ff:ff:ff","802.11","444","-31 dBm","-93 dBm","62 dB","Beacon frame, SN=3479, FN=0, Flags=........C, BI=100, SSID=""Z5319476"""
"61753","22.435606","7a:e1:e2:e2:29:8a","ff:ff:ff:ff:ff:ff","802.11","444","-29 dBm","-93 dBm","64 dB","Beacon frame, SN=3480, FN=0, Flags=........C, BI=100, SSID=""Z5319476"""
"62440","22.640532","7a:e1:e2:e2:29:8a","ff:ff:ff:ff:ff:ff","802.11","444","-31 dBm","-93 dBm","62 dB","Beacon frame, SN=3482, FN=0, Flags=........C, BI=100, SSID=""Z5319476"""
"63034","22.844193","7a:e1:e2:e2:29:8a","ff:ff:ff:ff:ff:ff","802.11","444","-32 dBm","-93 dBm","61 dB","Beacon frame, SN=3484, FN=0, Flags=........C, BI=100, SSID=""Z5319476"""
"63338","22.947747","7a:e1:e2:e2:29:8a","ff:ff:ff:ff:ff:ff","802.11","444","-31 dBm","-93 dBm","62 dB","Beacon frame, SN=3485, FN=0, Flags=........C, BI=100, SSID=""Z5319476"""
"63643","23.050057","7a:e1:e2:e2:29:8a","ff:ff:ff:ff:ff:ff","802.11","444","-31 dBm","-93 dBm","62 dB","Beacon frame, SN=3486, FN=0, Flags=........C, BI=100, SSID=""Z5319476"""
"63937","23.151686","7a:e1:e2:e2:29:8a","ff:ff:ff:ff:ff:ff","802.11","444","-31 dBm","-93 dBm","62 dB","Beacon frame, SN=3487, FN=0, Flags=........C, BI=100, SSID=""Z5319476"""
"64273","23.253836","7a:e1:e2:e2:29:8a","ff:ff:ff:ff:ff:ff","802.11","444","-30 dBm","-93 dBm","63 dB","Beacon frame, SN=3488, FN=0, Flags=........C, BI=100, SSID=""Z5319476"""
"64593","23.357359","7a:e1:e2:e2:29:8a","ff:ff:ff:ff:ff:ff","802.11","444","-31 dBm","-93 dBm","62 dB","Beacon frame, SN=3489, FN=0, Flags=........C, BI=100, SSID=""Z5319476"""
"65228","23.562031","7a:e1:e2:e2:29:8a","ff:ff:ff:ff:ff:ff","802.11","444","-31 dBm","-93 dBm","62 dB","Beacon frame, SN=3491, FN=0, Flags=........C, BI=100, SSID=""Z5319476"""
"65514","23.664510","7a:e1:e2:e2:29:8a","ff:ff:ff:ff:ff:ff","802.11","444","-31 dBm","-93 dBm","62 dB","Beacon frame, SN=3492, FN=0, Flags=........C, BI=100, SSID=""Z5319476"""
"66185","23.868136","7a:e1:e2:e2:29:8a","ff:ff:ff:ff:ff:ff","802.11","444","-29 dBm","-93 dBm","64 dB","Beacon frame, SN=3494, FN=0, Flags=........C, BI=100, SSID=""Z5319476"""
"66549","23.971645","7a:e1:e2:e2:29:8a","ff:ff:ff:ff:ff:ff","802.11","444","-31 dBm","-93 dBm","62 dB","Beacon frame, SN=3495, FN=0, Flags=........C, BI=100, SSID=""Z5319476"""
"66895","24.074358","7a:e1:e2:e2:29:8a","ff:ff:ff:ff:ff:ff","802.11","444","-30 dBm","-93 dBm","63 dB","Beacon frame, SN=3496, FN=0, Flags=........C, BI=100, SSID=""Z5319476"""
"67597","24.279249","7a:e1:e2:e2:29:8a","ff:ff:ff:ff:ff:ff","802.11","444","-30 dBm","-93 dBm","63 dB","Beacon frame, SN=3498, FN=0, Flags=........C, BI=100, SSID=""Z5319476"""
"68288","24.483608","7a:e1:e2:e2:29:8a","ff:ff:ff:ff:ff:ff","802.11","444","-30 dBm","-93 dBm","63 dB","Beacon frame, SN=3500, FN=0, Flags=........C, BI=100, SSID=""Z5319476"""
"68642","24.586286","7a:e1:e2:e2:29:8a","ff:ff:ff:ff:ff:ff","802.11","444","-31 dBm","-93 dBm","62 dB","Beacon frame, SN=3501, FN=0, Flags=........C, BI=100, SSID=""Z5319476"""
"68961","24.688542","7a:e1:e2:e2:29:8a","ff:ff:ff:ff:ff:ff","802.11","444","-29 dBm","-93 dBm","64 dB","Beacon frame, SN=3502, FN=0, Flags=........C, BI=100, SSID=""Z5319476"""
"69308","24.790809","7a:e1:e2:e2:29:8a","ff:ff:ff:ff:ff:ff","802.11","444","-29 dBm","-93 dBm","64 dB","Beacon frame, SN=3503, FN=0, Flags=........C, BI=100, SSID=""Z5319476"""
"69667","24.893479","7a:e1:e2:e2:29:8a","ff:ff:ff:ff:ff:ff","802.11","444","-30 dBm","-93 dBm","63 dB","Beacon frame, SN=3504, FN=0, Flags=........C, BI=100, SSID=""Z5319476"""
"70383","25.097966","7a:e1:e2:e2:29:8a","ff:ff:ff:ff:ff:ff","802.11","444","-30 dBm","-93 dBm","63 dB","Beacon frame, SN=3506, FN=0, Flags=........C, BI=100, SSID=""Z5319476"""
"70743","25.199268","7a:e1:e2:e2:29:8a","ff:ff:ff:ff:ff:ff","802.11","444","-30 dBm","-93 dBm","63 dB","Beacon frame, SN=3507, FN=0, Flags=........C, BI=100, SSID=""Z5319476"""
"71072","25.302793","7a:e1:e2:e2:29:8a","ff:ff:ff:ff:ff:ff","802.11","444","-30 dBm","-93 dBm","63 dB","Beacon frame, SN=3508, FN=0, Flags=........C, BI=100, SSID=""Z5319476"""
"71396","25.405261","7a:e1:e2:e2:29:8a","ff:ff:ff:ff:ff:ff","802.11","444","-30 dBm","-93 dBm","63 dB","Beacon frame, SN=3509, FN=0, Flags=........C, BI=100, SSID=""Z5319476"""
"71720","25.507765","7a:e1:e2:e2:29:8a","ff:ff:ff:ff:ff:ff","802.11","444","-31 dBm","-93 dBm","62 dB","Beacon frame, SN=3510, FN=0, Flags=........C, BI=100, SSID=""Z5319476"""
"72407","25.712627","7a:e1:e2:e2:29:8a","ff:ff:ff:ff:ff:ff","802.11","444","-31 dBm","-93 dBm","62 dB","Beacon frame, SN=3512, FN=0, Flags=........C, BI=100, SSID=""Z5319476"""
"73024","25.916041","7a:e1:e2:e2:29:8a","ff:ff:ff:ff:ff:ff","802.11","444","-29 dBm","-93 dBm","64 dB","Beacon frame, SN=3514, FN=0, Flags=........C, BI=100, SSID=""Z5319476"""
"73665","26.121930","7a:e1:e2:e2:29:8a","ff:ff:ff:ff:ff:ff","802.11","444","-31 dBm","-93 dBm","62 dB","Beacon frame, SN=3516, FN=0, Flags=........C, BI=100, SSID=""Z5319476"""
"73937","26.224386","7a:e1:e2:e2:29:8a","ff:ff:ff:ff:ff:ff","802.11","444","-31 dBm","-93 dBm","62 dB","Beacon frame, SN=3517, FN=0, Flags=........C, BI=100, SSID=""Z5319476"""
"74193","26.325913","7a:e1:e2:e2:29:8a","ff:ff:ff:ff:ff:ff","802.11","444","-31 dBm","-93 dBm","62 dB","Beacon frame, SN=3518, FN=0, Flags=........C, BI=100, SSID=""Z5319476"""
"74491","26.429314","7a:e1:e2:e2:29:8a","ff:ff:ff:ff:ff:ff","802.11","444","-31 dBm","-93 dBm","62 dB","Beacon frame, SN=3519, FN=0, Flags=........C, BI=100, SSID=""Z5319476"""
"74776","26.531640","7a:e1:e2:e2:29:8a","ff:ff:ff:ff:ff:ff","802.11","444","-32 dBm","-93 dBm","61 dB","Beacon frame, SN=3520, FN=0, Flags=........C, BI=100, SSID=""Z5319476"""
"75124","26.634027","7a:e1:e2:e2:29:8a","ff:ff:ff:ff:ff:ff","802.11","444","-31 dBm","-93 dBm","62 dB","Beacon frame, SN=3521, FN=0, Flags=........C, BI=100, SSID=""Z5319476"""
"75414","26.736524","7a:e1:e2:e2:29:8a","ff:ff:ff:ff:ff:ff","802.11","444","-29 dBm","-93 dBm","64 dB","Beacon frame, SN=3522, FN=0, Flags=........C, BI=100, SSID=""Z5319476"""
"75749","26.839033","7a:e1:e2:e2:29:8a","ff:ff:ff:ff:ff:ff","802.11","444","-31 dBm","-93 dBm","62 dB","Beacon frame, SN=3523, FN=0, Flags=........C, BI=100, SSID=""Z5319476"""
"76096","26.941167","7a:e1:e2:e2:29:8a","ff:ff:ff:ff:ff:ff","802.11","444","-29 dBm","-93 dBm","64 dB","Beacon frame, SN=3524, FN=0, Flags=........C, BI=100, SSID=""Z5319476"""
"76425","27.043835","7a:e1:e2:e2:29:8a","ff:ff:ff:ff:ff:ff","802.11","444","-31 dBm","-93 dBm","62 dB","Beacon frame, SN=3525, FN=0, Flags=........C, BI=100, SSID=""Z5319476"""
"76721","27.146030","7a:e1:e2:e2:29:8a","ff:ff:ff:ff:ff:ff","802.11","444","-32 dBm","-93 dBm","61 dB","Beacon frame, SN=3526, FN=0, Flags=........C, BI=100, SSID=""Z5319476"""
"77046","27.247211","7a:e1:e2:e2:29:8a","ff:ff:ff:ff:ff:ff","802.11","444","-32 dBm","-93 dBm","61 dB","Beacon frame, SN=3527, FN=0, Flags=........C, BI=100, SSID=""Z5319476"""
"77359","27.350706","7a:e1:e2:e2:29:8a","ff:ff:ff:ff:ff:ff","802.11","444","-30 dBm","-93 dBm","63 dB","Beacon frame, SN=3528, FN=0, Flags=........C, BI=100, SSID=""Z5319476"""
"77942","27.555556","7a:e1:e2:e2:29:8a","ff:ff:ff:ff:ff:ff","802.11","444","-31 dBm","-93 dBm","62 dB","Beacon frame, SN=3530, FN=0, Flags=........C, BI=100, SSID=""Z5319476"""
"78264","27.656787","7a:e1:e2:e2:29:8a","ff:ff:ff:ff:ff:ff","802.11","444","-31 dBm","-93 dBm","62 dB","Beacon frame, SN=3531, FN=0, Flags=........C, BI=100, SSID=""Z5319476"""
"78526","27.760443","7a:e1:e2:e2:29:8a","ff:ff:ff:ff:ff:ff","802.11","444","-31 dBm","-93 dBm","62 dB","Beacon frame, SN=3532, FN=0, Flags=........C, BI=100, SSID=""Z5319476"""
"78805","27.863053","7a:e1:e2:e2:29:8a","ff:ff:ff:ff:ff:ff","802.11","444","-31 dBm","-93 dBm","62 dB","Beacon frame, SN=3533, FN=0, Flags=........C, BI=100, SSID=""Z5319476"""
"79142","27.965306","7a:e1:e2:e2:29:8a","ff:ff:ff:ff:ff:ff","802.11","444","-30 dBm","-93 dBm","63 dB","Beacon frame, SN=3534, FN=0, Flags=........C, BI=100, SSID=""Z5319476"""
"79390","28.067588","7a:e1:e2:e2:29:8a","ff:ff:ff:ff:ff:ff","802.11","444","-32 dBm","-93 dBm","61 dB","Beacon frame, SN=3535, FN=0, Flags=........C, BI=100, SSID=""Z5319476"""
"79666","28.169704","7a:e1:e2:e2:29:8a","ff:ff:ff:ff:ff:ff","802.11","444","-31 dBm","-93 dBm","62 dB","Beacon frame, SN=3536, FN=0, Flags=........C, BI=100, SSID=""Z5319476"""
"79956","28.272348","7a:e1:e2:e2:29:8a","ff:ff:ff:ff:ff:ff","802.11","444","-32 dBm","-93 dBm","61 dB","Beacon frame, SN=3537, FN=0, Flags=........C, BI=100, SSID=""Z5319476"""
"80266","28.374978","7a:e1:e2:e2:29:8a","ff:ff:ff:ff:ff:ff","802.11","444","-32 dBm","-93 dBm","61 dB","Beacon frame, SN=3538, FN=0, Flags=........C, BI=100, SSID=""Z5319476"""
"80525","28.476964","7a:e1:e2:e2:29:8a","ff:ff:ff:ff:ff:ff","802.11","444","-31 dBm","-93 dBm","62 dB","Beacon frame, SN=3539, FN=0, Flags=........C, BI=100, SSID=""Z5319476"""
"80831","28.578297","7a:e1:e2:e2:29:8a","ff:ff:ff:ff:ff:ff","802.11","444","-31 dBm","-93 dBm","62 dB","Beacon frame, SN=3540, FN=0, Flags=........C, BI=100, SSID=""Z5319476"""
"81166","28.681042","7a:e1:e2:e2:29:8a","ff:ff:ff:ff:ff:ff","802.11","444","-29 dBm","-93 dBm","64 dB","Beacon frame, SN=3541, FN=0, Flags=........C, BI=100, SSID=""Z5319476"""
"81447","28.783389","7a:e1:e2:e2:29:8a","ff:ff:ff:ff:ff:ff","802.11","444","-31 dBm","-93 dBm","62 dB","Beacon frame, SN=3542, FN=0, Flags=........C, BI=100, SSID=""Z5319476"""
"81783","28.886663","7a:e1:e2:e2:29:8a","ff:ff:ff:ff:ff:ff","802.11","444","-31 dBm","-93 dBm","62 dB","Beacon frame, SN=3543, FN=0, Flags=........C, BI=100, SSID=""Z5319476"""
"82067","28.987913","7a:e1:e2:e2:29:8a","ff:ff:ff:ff:ff:ff","802.11","444","-30 dBm","-93 dBm","63 dB","Beacon frame, SN=3544, FN=0, Flags=........C, BI=100, SSID=""Z5319476"""
"82384","29.091776","7a:e1:e2:e2:29:8a","ff:ff:ff:ff:ff:ff","802.11","444","-30 dBm","-93 dBm","63 dB","Beacon frame, SN=3545, FN=0, Flags=........C, BI=100, SSID=""Z5319476"""
"82646","29.192715","7a:e1:e2:e2:29:8a","ff:ff:ff:ff:ff:ff","802.11","444","-31 dBm","-93 dBm","62 dB","Beacon frame, SN=3546, FN=0, Flags=........C, BI=100, SSID=""Z5319476"""
"82906","29.296370","7a:e1:e2:e2:29:8a","ff:ff:ff:ff:ff:ff","802.11","444","-31 dBm","-93 dBm","62 dB","Beacon frame, SN=3547, FN=0, Flags=........C, BI=100, SSID=""Z5319476"""
"83247","29.398643","7a:e1:e2:e2:29:8a","ff:ff:ff:ff:ff:ff","802.11","444","-31 dBm","-93 dBm","62 dB","Beacon frame, SN=3548, FN=0, Flags=........C, BI=100, SSID=""Z5319476"""
"83567","29.501539","7a:e1:e2:e2:29:8a","ff:ff:ff:ff:ff:ff","802.11","444","-32 dBm","-93 dBm","61 dB","Beacon frame, SN=3549, FN=0, Flags=........C, BI=100, SSID=""Z5319476"""
"83852","29.603959","7a:e1:e2:e2:29:8a","ff:ff:ff:ff:ff:ff","802.11","444","-32 dBm","-93 dBm","61 dB","Beacon frame, SN=3550, FN=0, Flags=........C, BI=100, SSID=""Z5319476"""
"84106","29.704939","7a:e1:e2:e2:29:8a","ff:ff:ff:ff:ff:ff","802.11","444","-31 dBm","-93 dBm","62 dB","Beacon frame, SN=3551, FN=0, Flags=........C, BI=100, SSID=""Z5319476"""
"84386","29.808640","7a:e1:e2:e2:29:8a","ff:ff:ff:ff:ff:ff","802.11","444","-28 dBm","-93 dBm","65 dB","Beacon frame, SN=3552, FN=0, Flags=........C, BI=100, SSID=""Z5319476"""
"84671","29.909729","7a:e1:e2:e2:29:8a","ff:ff:ff:ff:ff:ff","802.11","444","-31 dBm","-93 dBm","62 dB","Beacon frame, SN=3553, FN=0, Flags=........C, BI=100, SSID=""Z5319476"""
"84957","30.013025","7a:e1:e2:e2:29:8a","ff:ff:ff:ff:ff:ff","802.11","444","-29 dBm","-93 dBm","64 dB","Beacon frame, SN=3554, FN=0, Flags=........C, BI=100, SSID=""Z5319476"""
"85256","30.115452","7a:e1:e2:e2:29:8a","ff:ff:ff:ff:ff:ff","802.11","444","-31 dBm","-93 dBm","62 dB","Beacon frame, SN=3555, FN=0, Flags=........C, BI=100, SSID=""Z5319476"""
"85512","30.216694","7a:e1:e2:e2:29:8a","ff:ff:ff:ff:ff:ff","802.11","444","-31 dBm","-93 dBm","62 dB","Beacon frame, SN=3556, FN=0, Flags=........C, BI=100, SSID=""Z5319476"""
"85775","30.319174","7a:e1:e2:e2:29:8a","ff:ff:ff:ff:ff:ff","802.11","444","-30 dBm","-93 dBm","63 dB","Beacon frame, SN=3557, FN=0, Flags=........C, BI=100, SSID=""Z5319476"""
"86042","30.422705","7a:e1:e2:e2:29:8a","ff:ff:ff:ff:ff:ff","802.11","444","-31 dBm","-93 dBm","62 dB","Beacon frame, SN=3558, FN=0, Flags=........C, BI=100, SSID=""Z5319476"""
"86284","30.523850","7a:e1:e2:e2:29:8a","ff:ff:ff:ff:ff:ff","802.11","444","-32 dBm","-93 dBm","61 dB","Beacon frame, SN=3559, FN=0, Flags=........C, BI=100, SSID=""Z5319476"""
"86530","30.627507","7a:e1:e2:e2:29:8a","ff:ff:ff:ff:ff:ff","802.11","444","-32 dBm","-93 dBm","61 dB","Beacon frame, SN=3560, FN=0, Flags=........C, BI=100, SSID=""Z5319476"""
"86769","30.730141","7a:e1:e2:e2:29:8a","ff:ff:ff:ff:ff:ff","802.11","444","-30 dBm","-93 dBm","63 dB","Beacon frame, SN=3561, FN=0, Flags=........C, BI=100, SSID=""Z5319476"""
"87078","30.831378","7a:e1:e2:e2:29:8a","ff:ff:ff:ff:ff:ff","802.11","444","-31 dBm","-93 dBm","62 dB","Beacon frame, SN=3562, FN=0, Flags=........C, BI=100, SSID=""Z5319476"""
"87323","30.934674","7a:e1:e2:e2:29:8a","ff:ff:ff:ff:ff:ff","802.11","444","-29 dBm","-93 dBm","64 dB","Beacon frame, SN=3563, FN=0, Flags=........C, BI=100, SSID=""Z5319476"""
"87551","31.035821","7a:e1:e2:e2:29:8a","ff:ff:ff:ff:ff:ff","802.11","444","-29 dBm","-93 dBm","64 dB","Beacon frame, SN=3564, FN=0, Flags=........C, BI=100, SSID=""Z5319476"""
"87806","31.138209","7a:e1:e2:e2:29:8a","ff:ff:ff:ff:ff:ff","802.11","444","-29 dBm","-93 dBm","64 dB","Beacon frame, SN=3565, FN=0, Flags=........C, BI=100, SSID=""Z5319476"""
"88103","31.241068","7a:e1:e2:e2:29:8a","ff:ff:ff:ff:ff:ff","802.11","444","-30 dBm","-93 dBm","63 dB","Beacon frame, SN=3566, FN=0, Flags=........C, BI=100, SSID=""Z5319476"""
"88385","31.343033","7a:e1:e2:e2:29:8a","ff:ff:ff:ff:ff:ff","802.11","444","-31 dBm","-93 dBm","62 dB","Beacon frame, SN=3567, FN=0, Flags=........C, BI=100, SSID=""Z5319476"""
"88657","31.446906","7a:e1:e2:e2:29:8a","ff:ff:ff:ff:ff:ff","802.11","444","-31 dBm","-93 dBm","62 dB","Beacon frame, SN=3568, FN=0, Flags=........C, BI=100, SSID=""Z5319476"""
"88907","31.549146","7a:e1:e2:e2:29:8a","ff:ff:ff:ff:ff:ff","802.11","444","-30 dBm","-93 dBm","63 dB","Beacon frame, SN=3569, FN=0, Flags=........C, BI=100, SSID=""Z5319476"""
"89146","31.651746","7a:e1:e2:e2:29:8a","ff:ff:ff:ff:ff:ff","802.11","444","-30 dBm","-93 dBm","63 dB","Beacon frame, SN=3570, FN=0, Flags=........C, BI=100, SSID=""Z5319476"""
"89449","31.752638","7a:e1:e2:e2:29:8a","ff:ff:ff:ff:ff:ff","802.11","444","-31 dBm","-93 dBm","62 dB","Beacon frame, SN=3571, FN=0, Flags=........C, BI=100, SSID=""Z5319476"""
"89732","31.856602","7a:e1:e2:e2:29:8a","ff:ff:ff:ff:ff:ff","802.11","444","-32 dBm","-93 dBm","61 dB","Beacon frame, SN=3572, FN=0, Flags=........C, BI=100, SSID=""Z5319476"""
"90028","31.957966","7a:e1:e2:e2:29:8a","ff:ff:ff:ff:ff:ff","802.11","444","-30 dBm","-93 dBm","63 dB","Beacon frame, SN=3573, FN=0, Flags=........C, BI=100, SSID=""Z5319476"""
"90336","32.061365","7a:e1:e2:e2:29:8a","ff:ff:ff:ff:ff:ff","802.11","444","-31 dBm","-93 dBm","62 dB","Beacon frame, SN=3574, FN=0, Flags=........C, BI=100, SSID=""Z5319476"""
"90653","32.162204","7a:e1:e2:e2:29:8a","ff:ff:ff:ff:ff:ff","802.11","444","-31 dBm","-93 dBm","62 dB","Beacon frame, SN=3575, FN=0, Flags=........C, BI=100, SSID=""Z5319476"""
"90948","32.264681","7a:e1:e2:e2:29:8a","ff:ff:ff:ff:ff:ff","802.11","444","-32 dBm","-93 dBm","61 dB","Beacon frame, SN=3576, FN=0, Flags=........C, BI=100, SSID=""Z5319476"""
"91291","32.368154","7a:e1:e2:e2:29:8a","ff:ff:ff:ff:ff:ff","802.11","444","-30 dBm","-93 dBm","63 dB","Beacon frame, SN=3577, FN=0, Flags=........C, BI=100, SSID=""Z5319476"""
"91576","32.469420","7a:e1:e2:e2:29:8a","ff:ff:ff:ff:ff:ff","802.11","444","-31 dBm","-93 dBm","62 dB","Beacon frame, SN=3578, FN=0, Flags=........C, BI=100, SSID=""Z5319476"""
"91882","32.573015","7a:e1:e2:e2:29:8a","ff:ff:ff:ff:ff:ff","802.11","444","-32 dBm","-93 dBm","61 dB","Beacon frame, SN=3579, FN=0, Flags=........C, BI=100, SSID=""Z5319476"""
"92168","32.674188","7a:e1:e2:e2:29:8a","ff:ff:ff:ff:ff:ff","802.11","444","-32 dBm","-93 dBm","61 dB","Beacon frame, SN=3580, FN=0, Flags=........C, BI=100, SSID=""Z5319476"""
"92474","32.777768","7a:e1:e2:e2:29:8a","ff:ff:ff:ff:ff:ff","802.11","444","-32 dBm","-93 dBm","61 dB","Beacon frame, SN=3581, FN=0, Flags=........C, BI=100, SSID=""Z5319476"""
"92785","32.879220","7a:e1:e2:e2:29:8a","ff:ff:ff:ff:ff:ff","802.11","444","-32 dBm","-93 dBm","61 dB","Beacon frame, SN=3582, FN=0, Flags=........C, BI=100, SSID=""Z5319476"""
"93121","32.982656","7a:e1:e2:e2:29:8a","ff:ff:ff:ff:ff:ff","802.11","444","-31 dBm","-93 dBm","62 dB","Beacon frame, SN=3583, FN=0, Flags=........C, BI=100, SSID=""Z5319476"""
"93439","33.083777","7a:e1:e2:e2:29:8a","ff:ff:ff:ff:ff:ff","802.11","444","-31 dBm","-93 dBm","62 dB","Beacon frame, SN=3584, FN=0, Flags=........C, BI=100, SSID=""Z5319476"""
"93728","33.185849","7a:e1:e2:e2:29:8a","ff:ff:ff:ff:ff:ff","802.11","444","-32 dBm","-93 dBm","61 dB","Beacon frame, SN=3585, FN=0, Flags=........C, BI=100, SSID=""Z5319476"""
"94040","33.288536","7a:e1:e2:e2:29:8a","ff:ff:ff:ff:ff:ff","802.11","444","-32 dBm","-93 dBm","61 dB","Beacon frame, SN=3586, FN=0, Flags=........C, BI=100, SSID=""Z5319476"""
"94345","33.392431","7a:e1:e2:e2:29:8a","ff:ff:ff:ff:ff:ff","802.11","444","-30 dBm","-93 dBm","63 dB","Beacon frame, SN=3587, FN=0, Flags=........C, BI=100, SSID=""Z5319476"""
"94615","33.494574","7a:e1:e2:e2:29:8a","ff:ff:ff:ff:ff:ff","802.11","444","-30 dBm","-93 dBm","63 dB","Beacon frame, SN=3588, FN=0, Flags=........C, BI=100, SSID=""Z5319476"""
"94876","33.596904","7a:e1:e2:e2:29:8a","ff:ff:ff:ff:ff:ff","802.11","444","-30 dBm","-93 dBm","63 dB","Beacon frame, SN=3589, FN=0, Flags=........C, BI=100, SSID=""Z5319476"""
"95089","33.698409","7a:e1:e2:e2:29:8a","ff:ff:ff:ff:ff:ff","802.11","444","-30 dBm","-93 dBm","63 dB","Beacon frame, SN=3590, FN=0, Flags=........C, BI=100, SSID=""Z5319476"""
"95366","33.800556","7a:e1:e2:e2:29:8a","ff:ff:ff:ff:ff:ff","802.11","444","-32 dBm","-93 dBm","61 dB","Beacon frame, SN=3591, FN=0, Flags=........C, BI=100, SSID=""Z5319476"""
"95691","33.904227","7a:e1:e2:e2:29:8a","ff:ff:ff:ff:ff:ff","802.11","444","-32 dBm","-93 dBm","61 dB","Beacon frame, SN=3592, FN=0, Flags=........C, BI=100, SSID=""Z5319476"""
"96021","34.006559","7a:e1:e2:e2:29:8a","ff:ff:ff:ff:ff:ff","802.11","444","-30 dBm","-93 dBm","63 dB","Beacon frame, SN=3593, FN=0, Flags=........C, BI=100, SSID=""Z5319476"""
"96267","34.107727","7a:e1:e2:e2:29:8a","ff:ff:ff:ff:ff:ff","802.11","444","-30 dBm","-93 dBm","63 dB","Beacon frame, SN=3594, FN=0, Flags=........C, BI=100, SSID=""Z5319476"""
"96570","34.210995","7a:e1:e2:e2:29:8a","ff:ff:ff:ff:ff:ff","802.11","444","-32 dBm","-93 dBm","61 dB","Beacon frame, SN=3595, FN=0, Flags=........C, BI=100, SSID=""Z5319476"""
"96899","34.313854","7a:e1:e2:e2:29:8a","ff:ff:ff:ff:ff:ff","802.11","444","-30 dBm","-93 dBm","63 dB","Beacon frame, SN=3596, FN=0, Flags=........C, BI=100, SSID=""Z5319476"""
"97228","34.416160","7a:e1:e2:e2:29:8a","ff:ff:ff:ff:ff:ff","802.11","444","-31 dBm","-93 dBm","62 dB","Beacon frame, SN=3597, FN=0, Flags=........C, BI=100, SSID=""Z5319476"""
"97509","34.518537","7a:e1:e2:e2:29:8a","ff:ff:ff:ff:ff:ff","802.11","444","-32 dBm","-93 dBm","61 dB","Beacon frame, SN=3598, FN=0, Flags=........C, BI=100, SSID=""Z5319476"""
"97828","34.621225","7a:e1:e2:e2:29:8a","ff:ff:ff:ff:ff:ff","802.11","444","-31 dBm","-93 dBm","62 dB","Beacon frame, SN=3599, FN=0, Flags=........C, BI=100, SSID=""Z5319476"""
"98190","34.723332","7a:e1:e2:e2:29:8a","ff:ff:ff:ff:ff:ff","802.11","444","-32 dBm","-93 dBm","61 dB","Beacon frame, SN=3600, FN=0, Flags=........C, BI=100, SSID=""Z5319476"""
"98500","34.825965","7a:e1:e2:e2:29:8a","ff:ff:ff:ff:ff:ff","802.11","444","-32 dBm","-93 dBm","61 dB","Beacon frame, SN=3601, FN=0, Flags=........C, BI=100, SSID=""Z5319476"""
"98786","34.928081","7a:e1:e2:e2:29:8a","ff:ff:ff:ff:ff:ff","802.11","444","-32 dBm","-93 dBm","61 dB","Beacon frame, SN=3602, FN=0, Flags=........C, BI=100, SSID=""Z5319476"""
"99100","35.029889","7a:e1:e2:e2:29:8a","ff:ff:ff:ff:ff:ff","802.11","444","-30 dBm","-93 dBm","63 dB","Beacon frame, SN=3603, FN=0, Flags=........C, BI=100, SSID=""Z5319476"""
"99448","35.131670","7a:e1:e2:e2:29:8a","ff:ff:ff:ff:ff:ff","802.11","444","-31 dBm","-93 dBm","62 dB","Beacon frame, SN=3604, FN=0, Flags=........C, BI=100, SSID=""Z5319476"""
"99746","35.234104","7a:e1:e2:e2:29:8a","ff:ff:ff:ff:ff:ff","802.11","444","-32 dBm","-93 dBm","61 dB","Beacon frame, SN=3605, FN=0, Flags=........C, BI=100, SSID=""Z5319476"""
