"No.","Time","Source","Destination","Protocol","Length","Signal strength (RSSI)","Noise level (dBm)","Signal/noise ratio (dB)","Info"
"287","0.084718","7a:e1:e2:e2:29:8a","ff:ff:ff:ff:ff:ff","802.11","444","-48 dBm","-93 dBm","45 dB","Beacon frame, SN=147, FN=0, Flags=........C, BI=100, SSID=""Z5319476"""
"561","0.187116","7a:e1:e2:e2:29:8a","ff:ff:ff:ff:ff:ff","802.11","444","-50 dBm","-93 dBm","43 dB","Beacon frame, SN=148, FN=0, Flags=........C, BI=100, SSID=""Z5319476"""
"895","0.289801","7a:e1:e2:e2:29:8a","ff:ff:ff:ff:ff:ff","802.11","444","-51 dBm","-93 dBm","42 dB","Beacon frame, SN=149, FN=0, Flags=........C, BI=100, SSID=""Z5319476"""
"1203","0.391896","7a:e1:e2:e2:29:8a","ff:ff:ff:ff:ff:ff","802.11","444","-50 dBm","-93 dBm","43 dB","Beacon frame, SN=150, FN=0, Flags=........C, BI=100, SSID=""Z5319476"""
"1517","0.494282","7a:e1:e2:e2:29:8a","ff:ff:ff:ff:ff:ff","802.11","444","-51 dBm","-93 dBm","42 dB","Beacon frame, SN=151, FN=0, Flags=........C, BI=100, SSID=""Z5319476"""
"1796","0.596931","7a:e1:e2:e2:29:8a","ff:ff:ff:ff:ff:ff","802.11","444","-50 dBm","-93 dBm","43 dB","Beacon frame, SN=152, FN=0, Flags=........C, BI=100, SSID=""Z5319476"""
"2130","0.699162","7a:e1:e2:e2:29:8a","ff:ff:ff:ff:ff:ff","802.11","444","-50 dBm","-93 dBm","43 dB","Beacon frame, SN=153, FN=0, Flags=........C, BI=100, SSID=""Z5319476"""
"2467","0.801490","7a:e1:e2:e2:29:8a","ff:ff:ff:ff:ff:ff","802.11","444","-49 dBm","-93 dBm","44 dB","Beacon frame, SN=154, FN=0, Flags=........C, BI=100, SSID=""Z5319476"""
"2784","0.903873","7a:e1:e2:e2:29:8a","ff:ff:ff:ff:ff:ff","802.11","444","-49 dBm","-93 dBm","44 dB","Beacon frame, SN=155, FN=0, Flags=........C, BI=100, SSID=""Z5319476"""
"3106","1.006295","7a:e1:e2:e2:29:8a","ff:ff:ff:ff:ff:ff","802.11","444","-49 dBm","-93 dBm","44 dB","Beacon frame, SN=156, FN=0, Flags=........C, BI=100, SSID=""Z5319476"""
"3756","1.211086","7a:e1:e2:e2:29:8a","ff:ff:ff:ff:ff:ff","802.11","444","-49 dBm","-93 dBm","44 dB","Beacon frame, SN=158, FN=0, Flags=........C, BI=100, SSID=""Z5319476"""
"4073","1.313482","7a:e1:e2:e2:29:8a","ff:ff:ff:ff:ff:ff","802.11","444","-49 dBm","-93 dBm","44 dB","Beacon frame, SN=159, FN=0, Flags=........C, BI=100, SSID=""Z5319476"""
"4341","1.415884","7a:e1:e2:e2:29:8a","ff:ff:ff:ff:ff:ff","802.11","444","-49 dBm","-93 dBm","44 dB","Beacon frame, SN=160, FN=0, Flags=........C, BI=100, SSID=""Z5319476"""
"4645","1.518236","7a:e1:e2:e2:29:8a","ff:ff:ff:ff:ff:ff","802.11","444","-49 dBm","-93 dBm","44 dB","Beacon frame, SN=161, FN=0, Flags=........C, BI=100, SSID=""Z5319476"""
"4920","1.620839","7a:e1:e2:e2:29:8a","ff:ff:ff:ff:ff:ff","802.11","444","-49 dBm","-93 dBm","44 dB","Beacon frame, SN=162, FN=0, Flags=........C, BI=100, SSID=""Z5319476"""
"5235","1.725400","7a:e1:e2:e2:29:8a","ff:ff:ff:ff:ff:ff","802.11","444","-49 dBm","-93 dBm","44 dB","Beacon frame, SN=163, FN=0, Flags=........C, BI=100, SSID=""Z5319476"""
"5523","1.825469","7a:e1:e2:e2:29:8a","ff:ff:ff:ff:ff:ff","802.11","444","-49 dBm","-93 dBm","44 dB","Beacon frame, SN=164, FN=0, Flags=........C, BI=100, SSID=""Z5319476"""
"5874","1.927848","7a:e1:e2:e2:29:8a","ff:ff:ff:ff:ff:ff","802.11","444","-50 dBm","-93 dBm","43 dB","Beacon frame, SN=165, FN=0, Flags=........C, BI=100, SSID=""Z5319476"""
"6199","2.030239","7a:e1:e2:e2:29:8a","ff:ff:ff:ff:ff:ff","802.11","444","-49 dBm","-93 dBm","44 dB","Beacon frame, SN=166, FN=0, Flags=........C, BI=100, SSID=""Z5319476"""
"6528","2.132663","7a:e1:e2:e2:29:8a","ff:ff:ff:ff:ff:ff","802.11","444","-49 dBm","-93 dBm","44 dB","Beacon frame, SN=167, FN=0, Flags=........C, BI=100, SSID=""Z5319476"""
"6789","2.235286","7a:e1:e2:e2:29:8a","ff:ff:ff:ff:ff:ff","802.11","444","-50 dBm","-93 dBm","43 dB","Beacon frame, SN=168, FN=0, Flags=........C, BI=100, SSID=""Z5319476"""
"7091","2.337627","7a:e1:e2:e2:29:8a","ff:ff:ff:ff:ff:ff","802.11","444","-50 dBm","-93 dBm","43 dB","Beacon frame, SN=169, FN=0, Flags=........C, BI=100, SSID=""Z5319476"""
"7372","2.439843","7a:e1:e2:e2:29:8a","ff:ff:ff:ff:ff:ff","802.11","444","-49 dBm","-93 dBm","44 dB","Beacon frame, SN=170, FN=0, Flags=........C, BI=100, SSID=""Z5319476"""
"7636","2.542232","7a:e1:e2:e2:29:8a","ff:ff:ff:ff:ff:ff","802.11","444","-50 dBm","-93 dBm","43 dB","Beacon frame, SN=171, FN=0, Flags=........C, BI=100, SSID=""Z5319476"""
"7890","2.644623","7a:e1:e2:e2:29:8a","ff:ff:ff:ff:ff:ff","802.11","444","-49 dBm","-93 dBm","44 dB","Beacon frame, SN=172, FN=0, Flags=........C, BI=100, SSID=""Z5319476"""
"8200","2.747023","7a:e1:e2:e2:29:8a","ff:ff:ff:ff:ff:ff","802.11","444","-50 dBm","-93 dBm","43 dB","Beacon frame, SN=173, FN=0, Flags=........C, BI=100, SSID=""Z5319476"""
"8479","2.849379","7a:e1:e2:e2:29:8a","ff:ff:ff:ff:ff:ff","802.11","444","-49 dBm","-93 dBm","44 dB","Beacon frame, SN=174, FN=0, Flags=........C, BI=100, SSID=""Z5319476"""
"8814","2.952064","7a:e1:e2:e2:29:8a","ff:ff:ff:ff:ff:ff","802.11","444","-48 dBm","-93 dBm","45 dB","Beacon frame, SN=175, FN=0, Flags=........C, BI=100, SSID=""Z5319476"""
"9139","3.054196","7a:e1:e2:e2:29:8a","ff:ff:ff:ff:ff:ff","802.11","444","-49 dBm","-93 dBm","44 dB","Beacon frame, SN=176, FN=0, Flags=........C, BI=100, SSID=""Z5319476"""
"9447","3.156859","7a:e1:e2:e2:29:8a","ff:ff:ff:ff:ff:ff","802.11","444","-45 dBm","-93 dBm","48 dB","Beacon frame, SN=177, FN=0, Flags=........C, BI=100, SSID=""Z5319476"""
"9743","3.259006","7a:e1:e2:e2:29:8a","ff:ff:ff:ff:ff:ff","802.11","444","-44 dBm","-93 dBm","49 dB","Beacon frame, SN=178, FN=0, Flags=........C, BI=100, SSID=""Z5319476"""
"10050","3.361761","7a:e1:e2:e2:29:8a","ff:ff:ff:ff:ff:ff","802.11","444","-44 dBm","-93 dBm","49 dB","Beacon frame, SN=179, FN=0, Flags=........C, BI=100, SSID=""Z5319476"""
"10356","3.463795","7a:e1:e2:e2:29:8a","ff:ff:ff:ff:ff:ff","802.11","444","-44 dBm","-93 dBm","49 dB","Beacon frame, SN=180, FN=0, Flags=........C, BI=100, SSID=""Z5319476"""
"10704","3.566166","7a:e1:e2:e2:29:8a","ff:ff:ff:ff:ff:ff","802.11","444","-44 dBm","-93 dBm","49 dB","Beacon frame, SN=181, FN=0, Flags=........C, BI=100, SSID=""Z5319476"""
"11066","3.668873","7a:e1:e2:e2:29:8a","ff:ff:ff:ff:ff:ff","802.11","444","-45 dBm","-93 dBm","48 dB","Beacon frame, SN=182, FN=0, Flags=........C, BI=100, SSID=""Z5319476"""
"11424","3.771259","7a:e1:e2:e2:29:8a","ff:ff:ff:ff:ff:ff","802.11","444","-42 dBm","-93 dBm","51 dB","Beacon frame, SN=183, FN=0, Flags=........C, BI=100, SSID=""Z5319476"""
"11812","3.873383","7a:e1:e2:e2:29:8a","ff:ff:ff:ff:ff:ff","802.11","444","-44 dBm","-93 dBm","49 dB","Beacon frame, SN=184, FN=0, Flags=........C, BI=100, SSID=""Z5319476"""
"12158","3.975789","7a:e1:e2:e2:29:8a","ff:ff:ff:ff:ff:ff","802.11","444","-43 dBm","-93 dBm","50 dB","Beacon frame, SN=185, FN=0, Flags=........C, BI=100, SSID=""Z5319476"""
"12540","4.078145","7a:e1:e2:e2:29:8a","ff:ff:ff:ff:ff:ff","802.11","444","-45 dBm","-93 dBm","48 dB","Beacon frame, SN=186, FN=0, Flags=........C, BI=100, SSID=""Z5319476"""
"12921","4.180563","7a:e1:e2:e2:29:8a","ff:ff:ff:ff:ff:ff","802.11","444","-44 dBm","-93 dBm","49 dB","Beacon frame, SN=187, FN=0, Flags=........C, BI=100, SSID=""Z5319476"""
"13315","4.283182","7a:e1:e2:e2:29:8a","ff:ff:ff:ff:ff:ff","802.11","444","-43 dBm","-93 dBm","50 dB","Beacon frame, SN=188, FN=0, Flags=........C, BI=100, SSID=""Z5319476"""
"13716","4.385384","7a:e1:e2:e2:29:8a","ff:ff:ff:ff:ff:ff","802.11","444","-44 dBm","-93 dBm","49 dB","Beacon frame, SN=189, FN=0, Flags=........C, BI=100, SSID=""Z5319476"""
"14046","4.487458","7a:e1:e2:e2:29:8a","ff:ff:ff:ff:ff:ff","802.11","444","-44 dBm","-93 dBm","49 dB","Beacon frame, SN=190, FN=0, Flags=........C, BI=100, SSID=""Z5319476"""
"14405","4.590139","7a:e1:e2:e2:29:8a","ff:ff:ff:ff:ff:ff","802.11","444","-43 dBm","-93 dBm","50 dB","Beacon frame, SN=191, FN=0, Flags=........C, BI=100, SSID=""Z5319476"""
"14738","4.692550","7a:e1:e2:e2:29:8a","ff:ff:ff:ff:ff:ff","802.11","444","-42 dBm","-93 dBm","51 dB","Beacon frame, SN=192, FN=0, Flags=........C, BI=100, SSID=""Z5319476"""
"15043","4.794912","7a:e1:e2:e2:29:8a","ff:ff:ff:ff:ff:ff","802.11","444","-43 dBm","-93 dBm","50 dB","Beacon frame, SN=193, FN=0, Flags=........C, BI=100, SSID=""Z5319476"""
"15346","4.897351","7a:e1:e2:e2:29:8a","ff:ff:ff:ff:ff:ff","802.11","444","-44 dBm","-93 dBm","49 dB","Beacon frame, SN=194, FN=0, Flags=........C, BI=100, SSID=""Z5319476"""
"15708","4.999999","7a:e1:e2:e2:29:8a","ff:ff:ff:ff:ff:ff","802.11","444","-45 dBm","-93 dBm","48 dB","Beacon frame, SN=195, FN=0, Flags=........C, BI=100, SSID=""Z5319476"""
"16008","5.102182","7a:e1:e2:e2:29:8a","ff:ff:ff:ff:ff:ff","802.11","444","-43 dBm","-93 dBm","50 dB","Beacon frame, SN=196, FN=0, Flags=........C, BI=100, SSID=""Z5319476"""
"16332","5.204561","7a:e1:e2:e2:29:8a","ff:ff:ff:ff:ff:ff","802.11","444","-43 dBm","-93 dBm","50 dB","Beacon frame, SN=197, FN=0, Flags=........C, BI=100, SSID=""Z5319476"""
"16613","5.307179","7a:e1:e2:e2:29:8a","ff:ff:ff:ff:ff:ff","802.11","444","-44 dBm","-93 dBm","49 dB","Beacon frame, SN=198, FN=0, Flags=........C, BI=100, SSID=""Z5319476"""
"16918","5.409335","7a:e1:e2:e2:29:8a","ff:ff:ff:ff:ff:ff","802.11","444","-44 dBm","-93 dBm","49 dB","Beacon frame, SN=199, FN=0, Flags=........C, BI=100, SSID=""Z5319476"""
"17257","5.511981","7a:e1:e2:e2:29:8a","ff:ff:ff:ff:ff:ff","802.11","444","-43 dBm","-93 dBm","50 dB","Beacon frame, SN=200, FN=0, Flags=........C, BI=100, SSID=""Z5319476"""
"17529","5.614368","7a:e1:e2:e2:29:8a","ff:ff:ff:ff:ff:ff","802.11","444","-44 dBm","-93 dBm","49 dB","Beacon frame, SN=201, FN=0, Flags=........C, BI=100, SSID=""Z5319476"""
"17836","5.716527","7a:e1:e2:e2:29:8a","ff:ff:ff:ff:ff:ff","802.11","444","-47 dBm","-93 dBm","46 dB","Beacon frame, SN=202, FN=0, Flags=........C, BI=100, SSID=""Z5319476"""
"18167","5.819225","7a:e1:e2:e2:29:8a","ff:ff:ff:ff:ff:ff","802.11","444","-43 dBm","-93 dBm","50 dB","Beacon frame, SN=203, FN=0, Flags=........C, BI=100, SSID=""Z5319476"""
"18520","5.921427","7a:e1:e2:e2:29:8a","ff:ff:ff:ff:ff:ff","802.11","444","-45 dBm","-93 dBm","48 dB","Beacon frame, SN=204, FN=0, Flags=........C, BI=100, SSID=""Z5319476"""
"18860","6.023666","7a:e1:e2:e2:29:8a","ff:ff:ff:ff:ff:ff","802.11","444","-43 dBm","-93 dBm","50 dB","Beacon frame, SN=205, FN=0, Flags=........C, BI=100, SSID=""Z5319476"""
"19210","6.126185","7a:e1:e2:e2:29:8a","ff:ff:ff:ff:ff:ff","802.11","444","-46 dBm","-93 dBm","47 dB","Beacon frame, SN=206, FN=0, Flags=........C, BI=100, SSID=""Z5319476"""
"19557","6.228788","7a:e1:e2:e2:29:8a","ff:ff:ff:ff:ff:ff","802.11","444","-45 dBm","-93 dBm","48 dB","Beacon frame, SN=207, FN=0, Flags=........C, BI=100, SSID=""Z5319476"""
"19879","6.330868","7a:e1:e2:e2:29:8a","ff:ff:ff:ff:ff:ff","802.11","444","-44 dBm","-93 dBm","49 dB","Beacon frame, SN=208, FN=0, Flags=........C, BI=100, SSID=""Z5319476"""
"20246","6.433548","7a:e1:e2:e2:29:8a","ff:ff:ff:ff:ff:ff","802.11","444","-45 dBm","-93 dBm","48 dB","Beacon frame, SN=209, FN=0, Flags=........C, BI=100, SSID=""Z5319476"""
"20600","6.535669","7a:e1:e2:e2:29:8a","ff:ff:ff:ff:ff:ff","802.11","444","-46 dBm","-93 dBm","47 dB","Beacon frame, SN=210, FN=0, Flags=........C, BI=100, SSID=""Z5319476"""
"20928","6.638397","7a:e1:e2:e2:29:8a","ff:ff:ff:ff:ff:ff","802.11","444","-46 dBm","-93 dBm","47 dB","Beacon frame, SN=211, FN=0, Flags=........C, BI=100, SSID=""Z5319476"""
"21272","6.740461","7a:e1:e2:e2:29:8a","ff:ff:ff:ff:ff:ff","802.11","444","-45 dBm","-93 dBm","48 dB","Beacon frame, SN=212, FN=0, Flags=........C, BI=100, SSID=""Z5319476"""
"21637","6.843086","7a:e1:e2:e2:29:8a","ff:ff:ff:ff:ff:ff","802.11","444","-45 dBm","-93 dBm","48 dB","Beacon frame, SN=213, FN=0, Flags=........C, BI=100, SSID=""Z5319476"""
"21992","6.945524","7a:e1:e2:e2:29:8a","ff:ff:ff:ff:ff:ff","802.11","444","-46 dBm","-93 dBm","47 dB","Beacon frame, SN=214, FN=0, Flags=........C, BI=100, SSID=""Z5319476"""
"22361","7.047923","7a:e1:e2:e2:29:8a","ff:ff:ff:ff:ff:ff","802.11","444","-46 dBm","-93 dBm","47 dB","Beacon frame, SN=215, FN=0, Flags=........C, BI=100, SSID=""Z5319476"""
"22742","7.150049","7a:e1:e2:e2:29:8a","ff:ff:ff:ff:ff:ff","802.11","444","-46 dBm","-93 dBm","47 dB","Beacon frame, SN=216, FN=0, Flags=........C, BI=100, SSID=""Z5319476"""
"23099","7.252444","7a:e1:e2:e2:29:8a","ff:ff:ff:ff:ff:ff","802.11","444","-45 dBm","-93 dBm","48 dB","Beacon frame, SN=217, FN=0, Flags=........C, BI=100, SSID=""Z5319476"""
"23464","7.354964","7a:e1:e2:e2:29:8a","ff:ff:ff:ff:ff:ff","802.11","444","-44 dBm","-93 dBm","49 dB","Beacon frame, SN=218, FN=0, Flags=........C, BI=100, SSID=""Z5319476"""
"23837","7.457230","7a:e1:e2:e2:29:8a","ff:ff:ff:ff:ff:ff","802.11","444","-43 dBm","-93 dBm","50 dB","Beacon frame, SN=219, FN=0, Flags=........C, BI=100, SSID=""Z5319476"""
"24243","7.560052","7a:e1:e2:e2:29:8a","ff:ff:ff:ff:ff:ff","802.11","444","-43 dBm","-93 dBm","50 dB","Beacon frame, SN=220, FN=0, Flags=........C, BI=100, SSID=""Z5319476"""
"24613","7.662290","7a:e1:e2:e2:29:8a","ff:ff:ff:ff:ff:ff","802.11","444","-44 dBm","-93 dBm","49 dB","Beacon frame, SN=221, FN=0, Flags=........C, BI=100, SSID=""Z5319476"""
"24993","7.764725","7a:e1:e2:e2:29:8a","ff:ff:ff:ff:ff:ff","802.11","444","-43 dBm","-93 dBm","50 dB","Beacon frame, SN=222, FN=0, Flags=........C, BI=100, SSID=""Z5319476"""
"25337","7.867095","7a:e1:e2:e2:29:8a","ff:ff:ff:ff:ff:ff","802.11","444","-43 dBm","-93 dBm","50 dB","Beacon frame, SN=223, FN=0, Flags=........C, BI=100, SSID=""Z5319476"""
"25734","7.969477","7a:e1:e2:e2:29:8a","ff:ff:ff:ff:ff:ff","802.11","444","-43 dBm","-93 dBm","50 dB","Beacon frame, SN=224, FN=0, Flags=........C, BI=100, SSID=""Z5319476"""
"26094","8.071893","7a:e1:e2:e2:29:8a","ff:ff:ff:ff:ff:ff","802.11","444","-41 dBm","-93 dBm","52 dB","Beacon frame, SN=225, FN=0, Flags=........C, BI=100, SSID=""Z5319476"""
"26490","8.173959","7a:e1:e2:e2:29:8a","ff:ff:ff:ff:ff:ff","802.11","444","-40 dBm","-93 dBm","53 dB","Beacon frame, SN=226, FN=0, Flags=........C, BI=100, SSID=""Z5319476"""
"26863","8.276399","7a:e1:e2:e2:29:8a","ff:ff:ff:ff:ff:ff","802.11","444","-42 dBm","-93 dBm","51 dB","Beacon frame, SN=227, FN=0, Flags=........C, BI=100, SSID=""Z5319476"""
"27245","8.378761","7a:e1:e2:e2:29:8a","ff:ff:ff:ff:ff:ff","802.11","444","-44 dBm","-93 dBm","49 dB","Beacon frame, SN=228, FN=0, Flags=........C, BI=100, SSID=""Z5319476"""
"27558","8.481204","7a:e1:e2:e2:29:8a","ff:ff:ff:ff:ff:ff","802.11","444","-44 dBm","-93 dBm","49 dB","Beacon frame, SN=229, FN=0, Flags=........C, BI=100, SSID=""Z5319476"""
"27903","8.583512","7a:e1:e2:e2:29:8a","ff:ff:ff:ff:ff:ff","802.11","444","-44 dBm","-93 dBm","49 dB","Beacon frame, SN=230, FN=0, Flags=........C, BI=100, SSID=""Z5319476"""
"28314","8.685965","7a:e1:e2:e2:29:8a","ff:ff:ff:ff:ff:ff","802.11","444","-46 dBm","-93 dBm","47 dB","Beacon frame, SN=231, FN=0, Flags=........C, BI=100, SSID=""Z5319476"""
"28680","8.788344","7a:e1:e2:e2:29:8a","ff:ff:ff:ff:ff:ff","802.11","444","-43 dBm","-93 dBm","50 dB","Beacon frame, SN=232, FN=0, Flags=........C, BI=100, SSID=""Z5319476"""
"29041","8.890735","7a:e1:e2:e2:29:8a","ff:ff:ff:ff:ff:ff","802.11","444","-43 dBm","-93 dBm","50 dB","Beacon frame, SN=233, FN=0, Flags=........C, BI=100, SSID=""Z5319476"""
"29392","8.993162","7a:e1:e2:e2:29:8a","ff:ff:ff:ff:ff:ff","802.11","444","-45 dBm","-93 dBm","48 dB","Beacon frame, SN=234, FN=0, Flags=........C, BI=100, SSID=""Z5319476"""
"29736","9.097799","7a:e1:e2:e2:29:8a","ff:ff:ff:ff:ff:ff","802.11","444","-43 dBm","-93 dBm","50 dB","Beacon frame, SN=235, FN=0, Flags=........C, BI=100, SSID=""Z5319476"""
"30096","9.197965","7a:e1:e2:e2:29:8a","ff:ff:ff:ff:ff:ff","802.11","444","-45 dBm","-93 dBm","48 dB","Beacon frame, SN=236, FN=0, Flags=........C, BI=100, SSID=""Z5319476"""
"30443","9.300594","7a:e1:e2:e2:29:8a","ff:ff:ff:ff:ff:ff","802.11","444","-45 dBm","-93 dBm","48 dB","Beacon frame, SN=237, FN=0, Flags=........C, BI=100, SSID=""Z5319476"""
"30770","9.403016","7a:e1:e2:e2:29:8a","ff:ff:ff:ff:ff:ff","802.11","444","-43 dBm","-93 dBm","50 dB","Beacon frame, SN=238, FN=0, Flags=........C, BI=100, SSID=""Z5319476"""
"31137","9.505157","7a:e1:e2:e2:29:8a","ff:ff:ff:ff:ff:ff","802.11","444","-43 dBm","-93 dBm","50 dB","Beacon frame, SN=239, FN=0, Flags=........C, BI=100, SSID=""Z5319476"""
"31468","9.607765","7a:e1:e2:e2:29:8a","ff:ff:ff:ff:ff:ff","802.11","444","-45 dBm","-93 dBm","48 dB","Beacon frame, SN=240, FN=0, Flags=........C, BI=100, SSID=""Z5319476"""
"31796","9.709917","7a:e1:e2:e2:29:8a","ff:ff:ff:ff:ff:ff","802.11","444","-45 dBm","-93 dBm","48 dB","Beacon frame, SN=241, FN=0, Flags=........C, BI=100, SSID=""Z5319476"""
"32163","9.812328","7a:e1:e2:e2:29:8a","ff:ff:ff:ff:ff:ff","802.11","444","-44 dBm","-93 dBm","49 dB","Beacon frame, SN=242, FN=0, Flags=........C, BI=100, SSID=""Z5319476"""
"32534","9.914726","7a:e1:e2:e2:29:8a","ff:ff:ff:ff:ff:ff","802.11","444","0 dBm","-93 dBm","93 dB","Beacon frame, SN=243, FN=0, Flags=........C, BI=100, SSID=""Z5319476""[Malformed Packet]"
"32909","10.017162","7a:e1:e2:e2:29:8a","ff:ff:ff:ff:ff:ff","802.11","444","-44 dBm","-93 dBm","49 dB","Beacon frame, SN=244, FN=0, Flags=........C, BI=100, SSID=""Z5319476"""
"33553","10.221926","7a:e1:e2:e2:29:8a","ff:ff:ff:ff:ff:ff","802.11","444","-45 dBm","-93 dBm","48 dB","Beacon frame, SN=246, FN=0, Flags=........C, BI=100, SSID=""Z5319476"""
"33880","10.324592","7a:e1:e2:e2:29:8a","ff:ff:ff:ff:ff:ff","802.11","444","-46 dBm","-93 dBm","47 dB","Beacon frame, SN=247, FN=0, Flags=........C, BI=100, SSID=""Z5319476"""
"34230","10.426781","7a:e1:e2:e2:29:8a","ff:ff:ff:ff:ff:ff","802.11","444","-45 dBm","-93 dBm","48 dB","Beacon frame, SN=248, FN=0, Flags=........C, BI=100, SSID=""Z5319476"""
"34572","10.529128","7a:e1:e2:e2:29:8a","ff:ff:ff:ff:ff:ff","802.11","444","-43 dBm","-93 dBm","50 dB","Beacon frame, SN=249, FN=0, Flags=........C, BI=100, SSID=""Z5319476"""
"34956","10.631550","7a:e1:e2:e2:29:8a","ff:ff:ff:ff:ff:ff","802.11","444","-43 dBm","-93 dBm","50 dB","Beacon frame, SN=250, FN=0, Flags=........C, BI=100, SSID=""Z5319476"""
"35631","10.835927","7a:e1:e2:e2:29:8a","ff:ff:ff:ff:ff:ff","802.11","444","-45 dBm","-93 dBm","48 dB","Beacon frame, SN=253, FN=0, Flags=........C, BI=100, SSID=""Z5319476"""
"35954","10.938751","7a:e1:e2:e2:29:8a","ff:ff:ff:ff:ff:ff","802.11","444","-45 dBm","-93 dBm","48 dB","Beacon frame, SN=254, FN=0, Flags=........C, BI=100, SSID=""Z5319476"""
"36296","11.041308","7a:e1:e2:e2:29:8a","ff:ff:ff:ff:ff:ff","802.11","444","-43 dBm","-93 dBm","50 dB","Beacon frame, SN=255, FN=0, Flags=........C, BI=100, SSID=""Z5319476"""
"36628","11.143477","7a:e1:e2:e2:29:8a","ff:ff:ff:ff:ff:ff","802.11","444","-43 dBm","-93 dBm","50 dB","Beacon frame, SN=256, FN=0, Flags=........C, BI=100, SSID=""Z5319476"""
"37405","11.349699","7a:e1:e2:e2:29:8a","ff:ff:ff:ff:ff:ff","802.11","444","-45 dBm","-93 dBm","48 dB","Beacon frame, SN=258, FN=0, Flags=........C, BI=100, SSID=""Z5319476"""
"37748","11.450650","7a:e1:e2:e2:29:8a","ff:ff:ff:ff:ff:ff","802.11","444","-43 dBm","-93 dBm","50 dB","Beacon frame, SN=259, FN=0, Flags=........C, BI=100, SSID=""Z5319476"""
"38090","11.553071","7a:e1:e2:e2:29:8a","ff:ff:ff:ff:ff:ff","802.11","444","-44 dBm","-93 dBm","49 dB","Beacon frame, SN=260, FN=0, Flags=........C, BI=100, SSID=""Z5319476"""
"38438","11.655471","7a:e1:e2:e2:29:8a","ff:ff:ff:ff:ff:ff","802.11","444","-44 dBm","-93 dBm","49 dB","Beacon frame, SN=261, FN=0, Flags=........C, BI=100, SSID=""Z5319476"""
"38749","11.757883","7a:e1:e2:e2:29:8a","ff:ff:ff:ff:ff:ff","802.11","444","-44 dBm","-93 dBm","49 dB","Beacon frame, SN=262, FN=0, Flags=........C, BI=100, SSID=""Z5319476"""
"39032","11.860275","7a:e1:e2:e2:29:8a","ff:ff:ff:ff:ff:ff","802.11","444","-43 dBm","-93 dBm","50 dB","Beacon frame, SN=263, FN=0, Flags=........C, BI=100, SSID=""Z5319476"""
"39367","11.962693","7a:e1:e2:e2:29:8a","ff:ff:ff:ff:ff:ff","802.11","444","-44 dBm","-93 dBm","49 dB","Beacon frame, SN=264, FN=0, Flags=........C, BI=100, SSID=""Z5319476"""
"39697","12.065036","7a:e1:e2:e2:29:8a","ff:ff:ff:ff:ff:ff","802.11","444","-45 dBm","-93 dBm","48 dB","Beacon frame, SN=265, FN=0, Flags=........C, BI=100, SSID=""Z5319476"""
"40034","12.167414","7a:e1:e2:e2:29:8a","ff:ff:ff:ff:ff:ff","802.11","444","-43 dBm","-93 dBm","50 dB","Beacon frame, SN=266, FN=0, Flags=........C, BI=100, SSID=""Z5319476"""
"40401","12.269808","7a:e1:e2:e2:29:8a","ff:ff:ff:ff:ff:ff","802.11","444","-45 dBm","-93 dBm","48 dB","Beacon frame, SN=267, FN=0, Flags=........C, BI=100, SSID=""Z5319476"""
"41094","12.474599","7a:e1:e2:e2:29:8a","ff:ff:ff:ff:ff:ff","802.11","444","-45 dBm","-93 dBm","48 dB","Beacon frame, SN=269, FN=0, Flags=........C, BI=100, SSID=""Z5319476"""
"41406","12.577375","7a:e1:e2:e2:29:8a","ff:ff:ff:ff:ff:ff","802.11","444","-46 dBm","-93 dBm","47 dB","Beacon frame, SN=270, FN=0, Flags=........C, BI=100, SSID=""Z5319476"""
"41676","12.679381","7a:e1:e2:e2:29:8a","ff:ff:ff:ff:ff:ff","802.11","444","-46 dBm","-93 dBm","47 dB","Beacon frame, SN=271, FN=0, Flags=........C, BI=100, SSID=""Z5319476"""
"42025","12.782131","7a:e1:e2:e2:29:8a","ff:ff:ff:ff:ff:ff","802.11","444","-48 dBm","-93 dBm","45 dB","Beacon frame, SN=272, FN=0, Flags=........C, BI=100, SSID=""Z5319476"""
"42301","12.884100","7a:e1:e2:e2:29:8a","ff:ff:ff:ff:ff:ff","802.11","444","-48 dBm","-93 dBm","45 dB","Beacon frame, SN=273, FN=0, Flags=........C, BI=100, SSID=""Z5319476"""
"42630","12.986586","7a:e1:e2:e2:29:8a","ff:ff:ff:ff:ff:ff","802.11","444","-48 dBm","-93 dBm","45 dB","Beacon frame, SN=274, FN=0, Flags=........C, BI=100, SSID=""Z5319476"""
"42989","13.089013","7a:e1:e2:e2:29:8a","ff:ff:ff:ff:ff:ff","802.11","444","-48 dBm","-93 dBm","45 dB","Beacon frame, SN=275, FN=0, Flags=........C, BI=100, SSID=""Z5319476"""
"43320","13.191357","7a:e1:e2:e2:29:8a","ff:ff:ff:ff:ff:ff","802.11","444","-49 dBm","-93 dBm","44 dB","Beacon frame, SN=276, FN=0, Flags=........C, BI=100, SSID=""Z5319476"""
"43656","13.293791","7a:e1:e2:e2:29:8a","ff:ff:ff:ff:ff:ff","802.11","444","-48 dBm","-93 dBm","45 dB","Beacon frame, SN=277, FN=0, Flags=........C, BI=100, SSID=""Z5319476"""
"43996","13.396408","7a:e1:e2:e2:29:8a","ff:ff:ff:ff:ff:ff","802.11","444","-48 dBm","-93 dBm","45 dB","Beacon frame, SN=278, FN=0, Flags=........C, BI=100, SSID=""Z5319476"""
"44355","13.498575","7a:e1:e2:e2:29:8a","ff:ff:ff:ff:ff:ff","802.11","444","-48 dBm","-93 dBm","45 dB","Beacon frame, SN=279, FN=0, Flags=........C, BI=100, SSID=""Z5319476"""
"44672","13.600903","7a:e1:e2:e2:29:8a","ff:ff:ff:ff:ff:ff","802.11","444","-48 dBm","-93 dBm","45 dB","Beacon frame, SN=280, FN=0, Flags=........C, BI=100, SSID=""Z5319476"""
"45371","13.807900","7a:e1:e2:e2:29:8a","ff:ff:ff:ff:ff:ff","802.11","444","-48 dBm","-93 dBm","45 dB","Beacon frame, SN=282, FN=0, Flags=........C, BI=100, SSID=""Z5319476"""
"45688","13.908147","7a:e1:e2:e2:29:8a","ff:ff:ff:ff:ff:ff","802.11","444","-48 dBm","-93 dBm","45 dB","Beacon frame, SN=283, FN=0, Flags=........C, BI=100, SSID=""Z5319476"""
"46000","14.010580","7a:e1:e2:e2:29:8a","ff:ff:ff:ff:ff:ff","802.11","444","-48 dBm","-93 dBm","45 dB","Beacon frame, SN=284, FN=0, Flags=........C, BI=100, SSID=""Z5319476"""
"46314","14.112932","7a:e1:e2:e2:29:8a","ff:ff:ff:ff:ff:ff","802.11","444","-47 dBm","-93 dBm","46 dB","Beacon frame, SN=285, FN=0, Flags=........C, BI=100, SSID=""Z5319476"""
"46638","14.215689","7a:e1:e2:e2:29:8a","ff:ff:ff:ff:ff:ff","802.11","444","-48 dBm","-93 dBm","45 dB","Beacon frame, SN=286, FN=0, Flags=........C, BI=100, SSID=""Z5319476"""
"46977","14.317756","7a:e1:e2:e2:29:8a","ff:ff:ff:ff:ff:ff","802.11","444","-48 dBm","-93 dBm","45 dB","Beacon frame, SN=287, FN=0, Flags=........C, BI=100, SSID=""Z5319476"""
"47306","14.420134","7a:e1:e2:e2:29:8a","ff:ff:ff:ff:ff:ff","802.11","444","-48 dBm","-93 dBm","45 dB","Beacon frame, SN=288, FN=0, Flags=........C, BI=100, SSID=""Z5319476"""
"47654","14.522530","7a:e1:e2:e2:29:8a","ff:ff:ff:ff:ff:ff","802.11","444","-48 dBm","-93 dBm","45 dB","Beacon frame, SN=289, FN=0, Flags=........C, BI=100, SSID=""Z5319476"""
"47949","14.625082","7a:e1:e2:e2:29:8a","ff:ff:ff:ff:ff:ff","802.11","444","-48 dBm","-93 dBm","45 dB","Beacon frame, SN=290, FN=0, Flags=........C, BI=100, SSID=""Z5319476"""
"48479","14.829716","7a:e1:e2:e2:29:8a","ff:ff:ff:ff:ff:ff","802.11","444","-49 dBm","-93 dBm","44 dB","Beacon frame, SN=292, FN=0, Flags=........C, BI=100, SSID=""Z5319476"""
"48710","14.932110","7a:e1:e2:e2:29:8a","ff:ff:ff:ff:ff:ff","802.11","444","-49 dBm","-93 dBm","44 dB","Beacon frame, SN=293, FN=0, Flags=........C, BI=100, SSID=""Z5319476"""
"49026","15.034751","7a:e1:e2:e2:29:8a","ff:ff:ff:ff:ff:ff","802.11","444","-48 dBm","-93 dBm","45 dB","Beacon frame, SN=294, FN=0, Flags=........C, BI=100, SSID=""Z5319476"""
"49379","15.136938","7a:e1:e2:e2:29:8a","ff:ff:ff:ff:ff:ff","802.11","444","-49 dBm","-93 dBm","44 dB","Beacon frame, SN=295, FN=0, Flags=........C, BI=100, SSID=""Z5319476"""
"49691","15.238982","7a:e1:e2:e2:29:8a","ff:ff:ff:ff:ff:ff","802.11","444","-49 dBm","-93 dBm","44 dB","Beacon frame, SN=296, FN=0, Flags=........C, BI=100, SSID=""Z5319476"""
"50029","15.341703","7a:e1:e2:e2:29:8a","ff:ff:ff:ff:ff:ff","802.11","444","-48 dBm","-93 dBm","45 dB","Beacon frame, SN=297, FN=0, Flags=........C, BI=100, SSID=""Z5319476"""
"50322","15.444098","7a:e1:e2:e2:29:8a","ff:ff:ff:ff:ff:ff","802.11","444","-49 dBm","-93 dBm","44 dB","Beacon frame, SN=298, FN=0, Flags=........C, BI=100, SSID=""Z5319476"""
"50593","15.546469","7a:e1:e2:e2:29:8a","ff:ff:ff:ff:ff:ff","802.11","444","-48 dBm","-93 dBm","45 dB","Beacon frame, SN=299, FN=0, Flags=........C, BI=100, SSID=""Z5319476"""
"50907","15.648880","7a:e1:e2:e2:29:8a","ff:ff:ff:ff:ff:ff","802.11","444","-49 dBm","-93 dBm","44 dB","Beacon frame, SN=300, FN=0, Flags=........C, BI=100, SSID=""Z5319476"""
"51188","15.751308","7a:e1:e2:e2:29:8a","ff:ff:ff:ff:ff:ff","802.11","444","-48 dBm","-93 dBm","45 dB","Beacon frame, SN=301, FN=0, Flags=........C, BI=100, SSID=""Z5319476"""
"51509","15.853444","7a:e1:e2:e2:29:8a","ff:ff:ff:ff:ff:ff","802.11","444","-49 dBm","-93 dBm","44 dB","Beacon frame, SN=302, FN=0, Flags=........C, BI=100, SSID=""Z5319476"""
"51779","15.956164","7a:e1:e2:e2:29:8a","ff:ff:ff:ff:ff:ff","802.11","444","-49 dBm","-93 dBm","44 dB","Beacon frame, SN=303, FN=0, Flags=........C, BI=100, SSID=""Z5319476"""
"52077","16.058484","7a:e1:e2:e2:29:8a","ff:ff:ff:ff:ff:ff","802.11","444","-49 dBm","-93 dBm","44 dB","Beacon frame, SN=304, FN=0, Flags=........C, BI=100, SSID=""Z5319476"""
"52406","16.161140","7a:e1:e2:e2:29:8a","ff:ff:ff:ff:ff:ff","802.11","444","-49 dBm","-93 dBm","44 dB","Beacon frame, SN=305, FN=0, Flags=........C, BI=100, SSID=""Z5319476"""
"52666","16.263263","7a:e1:e2:e2:29:8a","ff:ff:ff:ff:ff:ff","802.11","444","-49 dBm","-93 dBm","44 dB","Beacon frame, SN=306, FN=0, Flags=........C, BI=100, SSID=""Z5319476"""
"52952","16.365896","7a:e1:e2:e2:29:8a","ff:ff:ff:ff:ff:ff","802.11","444","-49 dBm","-93 dBm","44 dB","Beacon frame, SN=307, FN=0, Flags=........C, BI=100, SSID=""Z5319476"""
"53217","16.468069","7a:e1:e2:e2:29:8a","ff:ff:ff:ff:ff:ff","802.11","444","-48 dBm","-93 dBm","45 dB","Beacon frame, SN=308, FN=0, Flags=........C, BI=100, SSID=""Z5319476"""
"53505","16.570457","7a:e1:e2:e2:29:8a","ff:ff:ff:ff:ff:ff","802.11","444","-49 dBm","-93 dBm","44 dB","Beacon frame, SN=309, FN=0, Flags=........C, BI=100, SSID=""Z5319476"""
"53782","16.672818","7a:e1:e2:e2:29:8a","ff:ff:ff:ff:ff:ff","802.11","444","-49 dBm","-93 dBm","44 dB","Beacon frame, SN=310, FN=0, Flags=........C, BI=100, SSID=""Z5319476"""
"54012","16.775245","7a:e1:e2:e2:29:8a","ff:ff:ff:ff:ff:ff","802.11","444","-48 dBm","-93 dBm","45 dB","Beacon frame, SN=311, FN=0, Flags=........C, BI=100, SSID=""Z5319476"""
"54592","16.980067","7a:e1:e2:e2:29:8a","ff:ff:ff:ff:ff:ff","802.11","444","-49 dBm","-93 dBm","44 dB","Beacon frame, SN=313, FN=0, Flags=........C, BI=100, SSID=""Z5319476"""
"54902","17.082422","7a:e1:e2:e2:29:8a","ff:ff:ff:ff:ff:ff","802.11","444","-49 dBm","-93 dBm","44 dB","Beacon frame, SN=314, FN=0, Flags=........C, BI=100, SSID=""Z5319476"""
"55217","17.184838","7a:e1:e2:e2:29:8a","ff:ff:ff:ff:ff:ff","802.11","444","-49 dBm","-93 dBm","44 dB","Beacon frame, SN=315, FN=0, Flags=........C, BI=100, SSID=""Z5319476"""
"55526","17.287192","7a:e1:e2:e2:29:8a","ff:ff:ff:ff:ff:ff","802.11","444","-49 dBm","-93 dBm","44 dB","Beacon frame, SN=316, FN=0, Flags=........C, BI=100, SSID=""Z5319476"""
"55904","17.389623","7a:e1:e2:e2:29:8a","ff:ff:ff:ff:ff:ff","802.11","444","-49 dBm","-93 dBm","44 dB","Beacon frame, SN=317, FN=0, Flags=........C, BI=100, SSID=""Z5319476"""
"56230","17.492011","7a:e1:e2:e2:29:8a","ff:ff:ff:ff:ff:ff","802.11","444","-48 dBm","-93 dBm","45 dB","Beacon frame, SN=318, FN=0, Flags=........C, BI=100, SSID=""Z5319476"""
"56527","17.594668","7a:e1:e2:e2:29:8a","ff:ff:ff:ff:ff:ff","802.11","444","-48 dBm","-93 dBm","45 dB","Beacon frame, SN=319, FN=0, Flags=........C, BI=100, SSID=""Z5319476"""
"56776","17.696789","7a:e1:e2:e2:29:8a","ff:ff:ff:ff:ff:ff","802.11","444","-43 dBm","-93 dBm","50 dB","Beacon frame, SN=320, FN=0, Flags=........C, BI=100, SSID=""Z5319476"""
"57025","17.799185","7a:e1:e2:e2:29:8a","ff:ff:ff:ff:ff:ff","802.11","444","-45 dBm","-93 dBm","48 dB","Beacon frame, SN=321, FN=0, Flags=........C, BI=100, SSID=""Z5319476"""
"57361","17.901603","7a:e1:e2:e2:29:8a","ff:ff:ff:ff:ff:ff","802.11","444","-45 dBm","-93 dBm","48 dB","Beacon frame, SN=322, FN=0, Flags=........C, BI=100, SSID=""Z5319476"""
"57707","18.003992","7a:e1:e2:e2:29:8a","ff:ff:ff:ff:ff:ff","802.11","444","-46 dBm","-93 dBm","47 dB","Beacon frame, SN=323, FN=0, Flags=........C, BI=100, SSID=""Z5319476"""
"58058","18.106659","7a:e1:e2:e2:29:8a","ff:ff:ff:ff:ff:ff","802.11","444","-47 dBm","-93 dBm","46 dB","Beacon frame, SN=324, FN=0, Flags=........C, BI=100, SSID=""Z5319476"""
"58376","18.208841","7a:e1:e2:e2:29:8a","ff:ff:ff:ff:ff:ff","802.11","444","-46 dBm","-93 dBm","47 dB","Beacon frame, SN=325, FN=0, Flags=........C, BI=100, SSID=""Z5319476"""
"58727","18.311449","7a:e1:e2:e2:29:8a","ff:ff:ff:ff:ff:ff","802.11","444","-46 dBm","-93 dBm","47 dB","Beacon frame, SN=326, FN=0, Flags=........C, BI=100, SSID=""Z5319476"""
"59054","18.413590","7a:e1:e2:e2:29:8a","ff:ff:ff:ff:ff:ff","802.11","444","-46 dBm","-93 dBm","47 dB","Beacon frame, SN=327, FN=0, Flags=........C, BI=100, SSID=""Z5319476"""
"59402","18.515950","7a:e1:e2:e2:29:8a","ff:ff:ff:ff:ff:ff","802.11","444","-46 dBm","-93 dBm","47 dB","Beacon frame, SN=328, FN=0, Flags=........C, BI=100, SSID=""Z5319476"""
"60120","18.720717","7a:e1:e2:e2:29:8a","ff:ff:ff:ff:ff:ff","802.11","444","-44 dBm","-93 dBm","49 dB","Beacon frame, SN=330, FN=0, Flags=........C, BI=100, SSID=""Z5319476"""
"60438","18.823411","7a:e1:e2:e2:29:8a","ff:ff:ff:ff:ff:ff","802.11","444","-44 dBm","-93 dBm","49 dB","Beacon frame, SN=331, FN=0, Flags=........C, BI=100, SSID=""Z5319476"""
"60792","18.925535","7a:e1:e2:e2:29:8a","ff:ff:ff:ff:ff:ff","802.11","444","-45 dBm","-93 dBm","48 dB","Beacon frame, SN=332, FN=0, Flags=........C, BI=100, SSID=""Z5319476"""
"61135","19.028313","7a:e1:e2:e2:29:8a","ff:ff:ff:ff:ff:ff","802.11","444","-44 dBm","-93 dBm","49 dB","Beacon frame, SN=334, FN=0, Flags=........C, BI=100, SSID=""Z5319476"""
"61506","19.130221","7a:e1:e2:e2:29:8a","ff:ff:ff:ff:ff:ff","802.11","444","-44 dBm","-93 dBm","49 dB","Beacon frame, SN=335, FN=0, Flags=........C, BI=100, SSID=""Z5319476"""
"61869","19.232753","7a:e1:e2:e2:29:8a","ff:ff:ff:ff:ff:ff","802.11","444","-45 dBm","-93 dBm","48 dB","Beacon frame, SN=336, FN=0, Flags=........C, BI=100, SSID=""Z5319476"""
"62225","19.335105","7a:e1:e2:e2:29:8a","ff:ff:ff:ff:ff:ff","802.11","444","-45 dBm","-93 dBm","48 dB","Beacon frame, SN=337, FN=0, Flags=........C, BI=100, SSID=""Z5319476"""
"62622","19.437812","7a:e1:e2:e2:29:8a","ff:ff:ff:ff:ff:ff","802.11","444","-45 dBm","-93 dBm","48 dB","Beacon frame, SN=338, FN=0, Flags=........C, BI=100, SSID=""Z5319476"""
"62977","19.539606","7a:e1:e2:e2:29:8a","ff:ff:ff:ff:ff:ff","802.11","444","-45 dBm","-93 dBm","48 dB","Beacon frame, SN=339, FN=0, Flags=........C, BI=100, SSID=""Z5319476"""
"63337","19.642033","7a:e1:e2:e2:29:8a","ff:ff:ff:ff:ff:ff","802.11","444","-45 dBm","-93 dBm","48 dB","Beacon frame, SN=340, FN=0, Flags=........C, BI=100, SSID=""Z5319476"""
"63707","19.744789","7a:e1:e2:e2:29:8a","ff:ff:ff:ff:ff:ff","802.11","444","-45 dBm","-93 dBm","48 dB","Beacon frame, SN=341, FN=0, Flags=........C, BI=100, SSID=""Z5319476"""
"64107","19.847392","7a:e1:e2:e2:29:8a","ff:ff:ff:ff:ff:ff","802.11","444","-45 dBm","-93 dBm","48 dB","Beacon frame, SN=342, FN=0, Flags=........C, BI=100, SSID=""Z5319476"""
"64485","19.949281","7a:e1:e2:e2:29:8a","ff:ff:ff:ff:ff:ff","802.11","444","-45 dBm","-93 dBm","48 dB","Beacon frame, SN=343, FN=0, Flags=........C, BI=100, SSID=""Z5319476"""
"64846","20.052183","7a:e1:e2:e2:29:8a","ff:ff:ff:ff:ff:ff","802.11","444","-45 dBm","-93 dBm","48 dB","Beacon frame, SN=344, FN=0, Flags=........C, BI=100, SSID=""Z5319476"""
"65162","20.154282","7a:e1:e2:e2:29:8a","ff:ff:ff:ff:ff:ff","802.11","444","-45 dBm","-93 dBm","48 dB","Beacon frame, SN=345, FN=0, Flags=........C, BI=100, SSID=""Z5319476"""
"65520","20.256726","7a:e1:e2:e2:29:8a","ff:ff:ff:ff:ff:ff","802.11","444","-44 dBm","-93 dBm","49 dB","Beacon frame, SN=346, FN=0, Flags=........C, BI=100, SSID=""Z5319476"""
"65867","20.359071","7a:e1:e2:e2:29:8a","ff:ff:ff:ff:ff:ff","802.11","444","-44 dBm","-93 dBm","49 dB","Beacon frame, SN=347, FN=0, Flags=........C, BI=100, SSID=""Z5319476"""
"66193","20.461493","7a:e1:e2:e2:29:8a","ff:ff:ff:ff:ff:ff","802.11","444","-45 dBm","-93 dBm","48 dB","Beacon frame, SN=348, FN=0, Flags=........C, BI=100, SSID=""Z5319476"""
"66552","20.564049","7a:e1:e2:e2:29:8a","ff:ff:ff:ff:ff:ff","802.11","444","-45 dBm","-93 dBm","48 dB","Beacon frame, SN=349, FN=0, Flags=........C, BI=100, SSID=""Z5319476"""
"66837","20.666519","7a:e1:e2:e2:29:8a","ff:ff:ff:ff:ff:ff","802.11","444","-45 dBm","-93 dBm","48 dB","Beacon frame, SN=350, FN=0, Flags=........C, BI=100, SSID=""Z5319476"""
"67183","20.768711","7a:e1:e2:e2:29:8a","ff:ff:ff:ff:ff:ff","802.11","444","-45 dBm","-93 dBm","48 dB","Beacon frame, SN=351, FN=0, Flags=........C, BI=100, SSID=""Z5319476"""
"67513","20.870767","7a:e1:e2:e2:29:8a","ff:ff:ff:ff:ff:ff","802.11","444","-45 dBm","-93 dBm","48 dB","Beacon frame, SN=352, FN=0, Flags=........C, BI=100, SSID=""Z5319476"""
"67858","20.973495","7a:e1:e2:e2:29:8a","ff:ff:ff:ff:ff:ff","802.11","444","-44 dBm","-93 dBm","49 dB","Beacon frame, SN=353, FN=0, Flags=........C, BI=100, SSID=""Z5319476"""
"68165","21.075955","7a:e1:e2:e2:29:8a","ff:ff:ff:ff:ff:ff","802.11","444","-44 dBm","-93 dBm","49 dB","Beacon frame, SN=354, FN=0, Flags=........C, BI=100, SSID=""Z5319476"""
"68524","21.178249","7a:e1:e2:e2:29:8a","ff:ff:ff:ff:ff:ff","802.11","444","-44 dBm","-93 dBm","49 dB","Beacon frame, SN=355, FN=0, Flags=........C, BI=100, SSID=""Z5319476"""
"68836","21.280770","7a:e1:e2:e2:29:8a","ff:ff:ff:ff:ff:ff","802.11","444","-44 dBm","-93 dBm","49 dB","Beacon frame, SN=356, FN=0, Flags=........C, BI=100, SSID=""Z5319476"""
"69158","21.383288","7a:e1:e2:e2:29:8a","ff:ff:ff:ff:ff:ff","802.11","444","-44 dBm","-93 dBm","49 dB","Beacon frame, SN=357, FN=0, Flags=........C, BI=100, SSID=""Z5319476"""
"69483","21.485469","7a:e1:e2:e2:29:8a","ff:ff:ff:ff:ff:ff","802.11","444","-44 dBm","-93 dBm","49 dB","Beacon frame, SN=358, FN=0, Flags=........C, BI=100, SSID=""Z5319476"""
"69824","21.587517","7a:e1:e2:e2:29:8a","ff:ff:ff:ff:ff:ff","802.11","444","-44 dBm","-93 dBm","49 dB","Beacon frame, SN=359, FN=0, Flags=........C, BI=100, SSID=""Z5319476"""
"70144","21.690261","7a:e1:e2:e2:29:8a","ff:ff:ff:ff:ff:ff","802.11","444","-44 dBm","-93 dBm","49 dB","Beacon frame, SN=360, FN=0, Flags=........C, BI=100, SSID=""Z5319476"""
"70463","21.792754","7a:e1:e2:e2:29:8a","ff:ff:ff:ff:ff:ff","802.11","444","-45 dBm","-93 dBm","48 dB","Beacon frame, SN=361, FN=0, Flags=........C, BI=100, SSID=""Z5319476"""
"70768","21.895341","7a:e1:e2:e2:29:8a","ff:ff:ff:ff:ff:ff","802.11","444","-44 dBm","-93 dBm","49 dB","Beacon frame, SN=362, FN=0, Flags=........C, BI=100, SSID=""Z5319476"""
"71107","21.997455","7a:e1:e2:e2:29:8a","ff:ff:ff:ff:ff:ff","802.11","444","-44 dBm","-93 dBm","49 dB","Beacon frame, SN=363, FN=0, Flags=........C, BI=100, SSID=""Z5319476"""
"71413","22.099823","7a:e1:e2:e2:29:8a","ff:ff:ff:ff:ff:ff","802.11","444","-45 dBm","-93 dBm","48 dB","Beacon frame, SN=364, FN=0, Flags=........C, BI=100, SSID=""Z5319476"""
"71684","22.202222","7a:e1:e2:e2:29:8a","ff:ff:ff:ff:ff:ff","802.11","444","-45 dBm","-93 dBm","48 dB","Beacon frame, SN=365, FN=0, Flags=........C, BI=100, SSID=""Z5319476"""
"72008","22.304622","7a:e1:e2:e2:29:8a","ff:ff:ff:ff:ff:ff","802.11","444","-45 dBm","-93 dBm","48 dB","Beacon frame, SN=366, FN=0, Flags=........C, BI=100, SSID=""Z5319476"""
"72326","22.406699","7a:e1:e2:e2:29:8a","ff:ff:ff:ff:ff:ff","802.11","444","-44 dBm","-93 dBm","49 dB","Beacon frame, SN=367, FN=0, Flags=........C, BI=100, SSID=""Z5319476"""
"72638","22.509763","7a:e1:e2:e2:29:8a","ff:ff:ff:ff:ff:ff","802.11","444","-44 dBm","-93 dBm","49 dB","Beacon frame, SN=368, FN=0, Flags=........C, BI=100, SSID=""Z5319476"""
"72924","22.611834","7a:e1:e2:e2:29:8a","ff:ff:ff:ff:ff:ff","802.11","444","-45 dBm","-93 dBm","48 dB","Beacon frame, SN=369, FN=0, Flags=........C, BI=100, SSID=""Z5319476"""
"73295","22.714444","7a:e1:e2:e2:29:8a","ff:ff:ff:ff:ff:ff","802.11","444","-44 dBm","-93 dBm","49 dB","Beacon frame, SN=370, FN=0, Flags=........C, BI=100, SSID=""Z5319476"""
"73645","22.816685","7a:e1:e2:e2:29:8a","ff:ff:ff:ff:ff:ff","802.11","444","-44 dBm","-93 dBm","49 dB","Beacon frame, SN=371, FN=0, Flags=........C, BI=100, SSID=""Z5319476"""
"73932","22.918969","7a:e1:e2:e2:29:8a","ff:ff:ff:ff:ff:ff","802.11","444","-44 dBm","-93 dBm","49 dB","Beacon frame, SN=372, FN=0, Flags=........C, BI=100, SSID=""Z5319476"""
"74551","23.123803","7a:e1:e2:e2:29:8a","ff:ff:ff:ff:ff:ff","802.11","444","-45 dBm","-93 dBm","48 dB","Beacon frame, SN=374, FN=0, Flags=........C, BI=100, SSID=""Z5319476"""
"74890","23.226151","7a:e1:e2:e2:29:8a","ff:ff:ff:ff:ff:ff","802.11","444","-45 dBm","-93 dBm","48 dB","Beacon frame, SN=375, FN=0, Flags=........C, BI=100, SSID=""Z5319476"""
"75258","23.328554","7a:e1:e2:e2:29:8a","ff:ff:ff:ff:ff:ff","802.11","444","-45 dBm","-93 dBm","48 dB","Beacon frame, SN=376, FN=0, Flags=........C, BI=100, SSID=""Z5319476"""
"75641","23.431233","7a:e1:e2:e2:29:8a","ff:ff:ff:ff:ff:ff","802.11","444","-45 dBm","-93 dBm","48 dB","Beacon frame, SN=377, FN=0, Flags=........C, BI=100, SSID=""Z5319476"""
"75992","23.533395","7a:e1:e2:e2:29:8a","ff:ff:ff:ff:ff:ff","802.11","444","-44 dBm","-93 dBm","49 dB","Beacon frame, SN=378, FN=0, Flags=........C, BI=100, SSID=""Z5319476"""
"76329","23.635764","7a:e1:e2:e2:29:8a","ff:ff:ff:ff:ff:ff","802.11","444","-44 dBm","-93 dBm","49 dB","Beacon frame, SN=379, FN=0, Flags=........C, BI=100, SSID=""Z5319476"""
"76711","23.738219","7a:e1:e2:e2:29:8a","ff:ff:ff:ff:ff:ff","802.11","444","-45 dBm","-93 dBm","48 dB","Beacon frame, SN=380, FN=0, Flags=........C, BI=100, SSID=""Z5319476"""
"77034","23.840501","7a:e1:e2:e2:29:8a","ff:ff:ff:ff:ff:ff","802.11","444","-45 dBm","-93 dBm","48 dB","Beacon frame, SN=381, FN=0, Flags=........C, BI=100, SSID=""Z5319476"""
"77414","23.943197","7a:e1:e2:e2:29:8a","ff:ff:ff:ff:ff:ff","802.11","444","-44 dBm","-93 dBm","49 dB","Beacon frame, SN=382, FN=0, Flags=........C, BI=100, SSID=""Z5319476"""
"77751","24.045367","7a:e1:e2:e2:29:8a","ff:ff:ff:ff:ff:ff","802.11","444","-44 dBm","-93 dBm","49 dB","Beacon frame, SN=383, FN=0, Flags=........C, BI=100, SSID=""Z5319476"""
"78068","24.147710","7a:e1:e2:e2:29:8a","ff:ff:ff:ff:ff:ff","802.11","444","-44 dBm","-93 dBm","49 dB","Beacon frame, SN=384, FN=0, Flags=........C, BI=100, SSID=""Z5319476"""
"78375","24.250131","7a:e1:e2:e2:29:8a","ff:ff:ff:ff:ff:ff","802.11","444","-44 dBm","-93 dBm","49 dB","Beacon frame, SN=385, FN=0, Flags=........C, BI=100, SSID=""Z5319476"""
"78672","24.352536","7a:e1:e2:e2:29:8a","ff:ff:ff:ff:ff:ff","802.11","444","-43 dBm","-93 dBm","50 dB","Beacon frame, SN=386, FN=0, Flags=........C, BI=100, SSID=""Z5319476"""
"78979","24.454926","7a:e1:e2:e2:29:8a","ff:ff:ff:ff:ff:ff","802.11","444","-45 dBm","-93 dBm","48 dB","Beacon frame, SN=387, FN=0, Flags=........C, BI=100, SSID=""Z5319476"""
"79254","24.557327","7a:e1:e2:e2:29:8a","ff:ff:ff:ff:ff:ff","802.11","444","-46 dBm","-93 dBm","47 dB","Beacon frame, SN=388, FN=0, Flags=........C, BI=100, SSID=""Z5319476"""
"79584","24.659740","7a:e1:e2:e2:29:8a","ff:ff:ff:ff:ff:ff","802.11","444","-48 dBm","-93 dBm","45 dB","Beacon frame, SN=389, FN=0, Flags=........C, BI=100, SSID=""Z5319476"""
"79935","24.762462","7a:e1:e2:e2:29:8a","ff:ff:ff:ff:ff:ff","802.11","444","-46 dBm","-93 dBm","47 dB","Beacon frame, SN=390, FN=0, Flags=........C, BI=100, SSID=""Z5319476"""
"80255","24.864551","7a:e1:e2:e2:29:8a","ff:ff:ff:ff:ff:ff","802.11","444","-46 dBm","-93 dBm","47 dB","Beacon frame, SN=391, FN=0, Flags=........C, BI=100, SSID=""Z5319476"""
"80563","24.966894","7a:e1:e2:e2:29:8a","ff:ff:ff:ff:ff:ff","802.11","444","-46 dBm","-93 dBm","47 dB","Beacon frame, SN=392, FN=0, Flags=........C, BI=100, SSID=""Z5319476"""
"80850","25.069274","7a:e1:e2:e2:29:8a","ff:ff:ff:ff:ff:ff","802.11","444","-46 dBm","-93 dBm","47 dB","Beacon frame, SN=393, FN=0, Flags=........C, BI=100, SSID=""Z5319476"""
"81143","25.171747","7a:e1:e2:e2:29:8a","ff:ff:ff:ff:ff:ff","802.11","444","-46 dBm","-93 dBm","47 dB","Beacon frame, SN=394, FN=0, Flags=........C, BI=100, SSID=""Z5319476"""
"81431","25.274348","7a:e1:e2:e2:29:8a","ff:ff:ff:ff:ff:ff","802.11","444","-47 dBm","-93 dBm","46 dB","Beacon frame, SN=395, FN=0, Flags=........C, BI=100, SSID=""Z5319476"""
"81745","25.376568","7a:e1:e2:e2:29:8a","ff:ff:ff:ff:ff:ff","802.11","444","-48 dBm","-93 dBm","45 dB","Beacon frame, SN=396, FN=0, Flags=........C, BI=100, SSID=""Z5319476"""
"82043","25.478869","7a:e1:e2:e2:29:8a","ff:ff:ff:ff:ff:ff","802.11","444","-48 dBm","-93 dBm","45 dB","Beacon frame, SN=397, FN=0, Flags=........C, BI=100, SSID=""Z5319476"""
"82371","25.581259","7a:e1:e2:e2:29:8a","ff:ff:ff:ff:ff:ff","802.11","444","-48 dBm","-93 dBm","45 dB","Beacon frame, SN=398, FN=0, Flags=........C, BI=100, SSID=""Z5319476"""
"82712","25.683668","7a:e1:e2:e2:29:8a","ff:ff:ff:ff:ff:ff","802.11","444","-48 dBm","-93 dBm","45 dB","Beacon frame, SN=399, FN=0, Flags=........C, BI=100, SSID=""Z5319476"""
"83001","25.786071","7a:e1:e2:e2:29:8a","ff:ff:ff:ff:ff:ff","802.11","444","-47 dBm","-93 dBm","46 dB","Beacon frame, SN=400, FN=0, Flags=........C, BI=100, SSID=""Z5319476"""
"83297","25.888457","7a:e1:e2:e2:29:8a","ff:ff:ff:ff:ff:ff","802.11","444","-48 dBm","-93 dBm","45 dB","Beacon frame, SN=401, FN=0, Flags=........C, BI=100, SSID=""Z5319476"""
"83593","25.990839","7a:e1:e2:e2:29:8a","ff:ff:ff:ff:ff:ff","802.11","444","-48 dBm","-93 dBm","45 dB","Beacon frame, SN=402, FN=0, Flags=........C, BI=100, SSID=""Z5319476"""
"83868","26.092949","7a:e1:e2:e2:29:8a","ff:ff:ff:ff:ff:ff","802.11","444","-48 dBm","-93 dBm","45 dB","Beacon frame, SN=403, FN=0, Flags=........C, BI=100, SSID=""Z5319476"""
"84095","26.195955","7a:e1:e2:e2:29:8a","ff:ff:ff:ff:ff:ff","802.11","444","-48 dBm","-93 dBm","45 dB","Beacon frame, SN=404, FN=0, Flags=........C, BI=100, SSID=""Z5319476"""
"84394","26.298046","7a:e1:e2:e2:29:8a","ff:ff:ff:ff:ff:ff","802.11","444","-48 dBm","-93 dBm","45 dB","Beacon frame, SN=405, FN=0, Flags=........C, BI=100, SSID=""Z5319476"""
"84701","26.400448","7a:e1:e2:e2:29:8a","ff:ff:ff:ff:ff:ff","802.11","444","-47 dBm","-93 dBm","46 dB","Beacon frame, SN=406, FN=0, Flags=........C, BI=100, SSID=""Z5319476"""
"84944","26.502862","7a:e1:e2:e2:29:8a","ff:ff:ff:ff:ff:ff","802.11","444","-48 dBm","-93 dBm","45 dB","Beacon frame, SN=407, FN=0, Flags=........C, BI=100, SSID=""Z5319476"""
"85235","26.605305","7a:e1:e2:e2:29:8a","ff:ff:ff:ff:ff:ff","802.11","444","-47 dBm","-93 dBm","46 dB","Beacon frame, SN=408, FN=0, Flags=........C, BI=100, SSID=""Z5319476"""
"85508","26.707875","7a:e1:e2:e2:29:8a","ff:ff:ff:ff:ff:ff","802.11","444","-47 dBm","-93 dBm","46 dB","Beacon frame, SN=409, FN=0, Flags=........C, BI=100, SSID=""Z5319476"""
"85854","26.810034","7a:e1:e2:e2:29:8a","ff:ff:ff:ff:ff:ff","802.11","444","-49 dBm","-93 dBm","44 dB","Beacon frame, SN=410, FN=0, Flags=........C, BI=100, SSID=""Z5319476"""
"86146","26.912404","7a:e1:e2:e2:29:8a","ff:ff:ff:ff:ff:ff","802.11","444","-49 dBm","-93 dBm","44 dB","Beacon frame, SN=411, FN=0, Flags=........C, BI=100, SSID=""Z5319476"""
"86451","27.014806","7a:e1:e2:e2:29:8a","ff:ff:ff:ff:ff:ff","802.11","444","-48 dBm","-93 dBm","45 dB","Beacon frame, SN=412, FN=0, Flags=........C, BI=100, SSID=""Z5319476"""
"86785","27.117199","7a:e1:e2:e2:29:8a","ff:ff:ff:ff:ff:ff","802.11","444","-47 dBm","-93 dBm","46 dB","Beacon frame, SN=413, FN=0, Flags=........C, BI=100, SSID=""Z5319476"""
"87102","27.219920","7a:e1:e2:e2:29:8a","ff:ff:ff:ff:ff:ff","802.11","444","-47 dBm","-93 dBm","46 dB","Beacon frame, SN=414, FN=0, Flags=........C, BI=100, SSID=""Z5319476"""
"87408","27.322008","7a:e1:e2:e2:29:8a","ff:ff:ff:ff:ff:ff","802.11","444","-48 dBm","-93 dBm","45 dB","Beacon frame, SN=415, FN=0, Flags=........C, BI=100, SSID=""Z5319476"""
"87724","27.424393","7a:e1:e2:e2:29:8a","ff:ff:ff:ff:ff:ff","802.11","444","-48 dBm","-93 dBm","45 dB","Beacon frame, SN=416, FN=0, Flags=........C, BI=100, SSID=""Z5319476"""
"87979","27.526866","7a:e1:e2:e2:29:8a","ff:ff:ff:ff:ff:ff","802.11","444","-48 dBm","-93 dBm","45 dB","Beacon frame, SN=417, FN=0, Flags=........C, BI=100, SSID=""Z5319476"""
"88283","27.629177","7a:e1:e2:e2:29:8a","ff:ff:ff:ff:ff:ff","802.11","444","-47 dBm","-93 dBm","46 dB","Beacon frame, SN=418, FN=0, Flags=........C, BI=100, SSID=""Z5319476"""
"88539","27.731573","7a:e1:e2:e2:29:8a","ff:ff:ff:ff:ff:ff","802.11","444","-47 dBm","-93 dBm","46 dB","Beacon frame, SN=419, FN=0, Flags=........C, BI=100, SSID=""Z5319476"""
"88821","27.833947","7a:e1:e2:e2:29:8a","ff:ff:ff:ff:ff:ff","802.11","444","-48 dBm","-93 dBm","45 dB","Beacon frame, SN=420, FN=0, Flags=........C, BI=100, SSID=""Z5319476"""
"89117","27.936345","7a:e1:e2:e2:29:8a","ff:ff:ff:ff:ff:ff","802.11","444","-48 dBm","-93 dBm","45 dB","Beacon frame, SN=421, FN=0, Flags=........C, BI=100, SSID=""Z5319476"""
