"No.","Time","Source","Destination","Protocol","Length","Signal strength (RSSI)","Noise level (dBm)","Signal/noise ratio (dB)","Info"
"100","0.032987","86:f9:72:ce:b6:cd","ff:ff:ff:ff:ff:ff","802.11","444","-59 dBm","-93 dBm","34 dB","Beacon frame, SN=1850, FN=0, Flags=........C, BI=100, SSID=""Z5319476"""
"431","0.135531","86:f9:72:ce:b6:cd","ff:ff:ff:ff:ff:ff","802.11","444","-54 dBm","-93 dBm","39 dB","Beacon frame, SN=1851, FN=0, Flags=........C, BI=100, SSID=""Z5319476"""
"741","0.237786","86:f9:72:ce:b6:cd","ff:ff:ff:ff:ff:ff","802.11","444","-57 dBm","-93 dBm","36 dB","Beacon frame, SN=1852, FN=0, Flags=........C, BI=100, SSID=""Z5319476"""
"1060","0.340262","86:f9:72:ce:b6:cd","ff:ff:ff:ff:ff:ff","802.11","444","-57 dBm","-93 dBm","36 dB","Beacon frame, SN=1853, FN=0, Flags=........C, BI=100, SSID=""Z5319476"""
"1375","0.442598","86:f9:72:ce:b6:cd","ff:ff:ff:ff:ff:ff","802.11","444","-57 dBm","-93 dBm","36 dB","Beacon frame, SN=1854, FN=0, Flags=........C, BI=100, SSID=""Z5319476"""
"1687","0.545029","86:f9:72:ce:b6:cd","ff:ff:ff:ff:ff:ff","802.11","444","-54 dBm","-93 dBm","39 dB","Beacon frame, SN=1855, FN=0, Flags=........C, BI=100, SSID=""Z5319476"""
"1992","0.647704","86:f9:72:ce:b6:cd","ff:ff:ff:ff:ff:ff","802.11","444","-55 dBm","-93 dBm","38 dB","Beacon frame, SN=1856, FN=0, Flags=........C, BI=100, SSID=""Z5319476"""
"2294","0.749758","86:f9:72:ce:b6:cd","ff:ff:ff:ff:ff:ff","802.11","444","-55 dBm","-93 dBm","38 dB","Beacon frame, SN=1857, FN=0, Flags=........C, BI=100, SSID=""Z5319476"""
"2676","0.852174","86:f9:72:ce:b6:cd","ff:ff:ff:ff:ff:ff","802.11","444","-56 dBm","-93 dBm","37 dB","Beacon frame, SN=1858, FN=0, Flags=........C, BI=100, SSID=""Z5319476"""
"3029","0.954559","86:f9:72:ce:b6:cd","ff:ff:ff:ff:ff:ff","802.11","444","-56 dBm","-93 dBm","37 dB","Beacon frame, SN=1859, FN=0, Flags=........C, BI=100, SSID=""Z5319476"""
"3404","1.057194","86:f9:72:ce:b6:cd","ff:ff:ff:ff:ff:ff","802.11","444","-55 dBm","-93 dBm","38 dB","Beacon frame, SN=1860, FN=0, Flags=........C, BI=100, SSID=""Z5319476"""
"3791","1.159339","86:f9:72:ce:b6:cd","ff:ff:ff:ff:ff:ff","802.11","444","-56 dBm","-93 dBm","37 dB","Beacon frame, SN=1861, FN=0, Flags=........C, BI=100, SSID=""Z5319476"""
"4211","1.261852","86:f9:72:ce:b6:cd","ff:ff:ff:ff:ff:ff","802.11","444","-55 dBm","-93 dBm","38 dB","Beacon frame, SN=1862, FN=0, Flags=........C, BI=100, SSID=""Z5319476"""
"4605","1.364464","86:f9:72:ce:b6:cd","ff:ff:ff:ff:ff:ff","802.11","444","-56 dBm","-93 dBm","37 dB","Beacon frame, SN=1863, FN=0, Flags=........C, BI=100, SSID=""Z5319476"""
"4981","1.466839","86:f9:72:ce:b6:cd","ff:ff:ff:ff:ff:ff","802.11","444","-56 dBm","-93 dBm","37 dB","Beacon frame, SN=1864, FN=0, Flags=........C, BI=100, SSID=""Z5319476"""
"5357","1.569048","86:f9:72:ce:b6:cd","ff:ff:ff:ff:ff:ff","802.11","444","-56 dBm","-93 dBm","37 dB","Beacon frame, SN=1865, FN=0, Flags=........C, BI=100, SSID=""Z5319476"""
"5707","1.671608","86:f9:72:ce:b6:cd","ff:ff:ff:ff:ff:ff","802.11","444","-55 dBm","-93 dBm","38 dB","Beacon frame, SN=1866, FN=0, Flags=........C, BI=100, SSID=""Z5319476"""
"6046","1.773401","86:f9:72:ce:b6:cd","ff:ff:ff:ff:ff:ff","802.11","444","-56 dBm","-93 dBm","37 dB","Beacon frame, SN=1867, FN=0, Flags=........C, BI=100, SSID=""Z5319476"""
"6401","1.876286","86:f9:72:ce:b6:cd","ff:ff:ff:ff:ff:ff","802.11","444","-56 dBm","-93 dBm","37 dB","Beacon frame, SN=1868, FN=0, Flags=........C, BI=100, SSID=""Z5319476"""
"6783","1.978804","86:f9:72:ce:b6:cd","ff:ff:ff:ff:ff:ff","802.11","444","-58 dBm","-93 dBm","35 dB","Beacon frame, SN=1869, FN=0, Flags=........C, BI=100, SSID=""Z5319476"""
"7090","2.081299","86:f9:72:ce:b6:cd","ff:ff:ff:ff:ff:ff","802.11","444","-56 dBm","-93 dBm","37 dB","Beacon frame, SN=1870, FN=0, Flags=........C, BI=100, SSID=""Z5319476"""
"7429","2.183553","86:f9:72:ce:b6:cd","ff:ff:ff:ff:ff:ff","802.11","444","-56 dBm","-93 dBm","37 dB","Beacon frame, SN=1871, FN=0, Flags=........C, BI=100, SSID=""Z5319476"""
"7784","2.286006","86:f9:72:ce:b6:cd","ff:ff:ff:ff:ff:ff","802.11","444","-56 dBm","-93 dBm","37 dB","Beacon frame, SN=1872, FN=0, Flags=........C, BI=100, SSID=""Z5319476"""
"8119","2.388286","86:f9:72:ce:b6:cd","ff:ff:ff:ff:ff:ff","802.11","444","-56 dBm","-93 dBm","37 dB","Beacon frame, SN=1873, FN=0, Flags=........C, BI=100, SSID=""Z5319476"""
"8512","2.490468","86:f9:72:ce:b6:cd","ff:ff:ff:ff:ff:ff","802.11","444","-55 dBm","-93 dBm","38 dB","Beacon frame, SN=1874, FN=0, Flags=........C, BI=100, SSID=""Z5319476"""
"8901","2.593163","86:f9:72:ce:b6:cd","ff:ff:ff:ff:ff:ff","802.11","444","-54 dBm","-93 dBm","39 dB","Beacon frame, SN=1875, FN=0, Flags=........C, BI=100, SSID=""Z5319476"""
"9244","2.695304","86:f9:72:ce:b6:cd","ff:ff:ff:ff:ff:ff","802.11","444","-56 dBm","-93 dBm","37 dB","Beacon frame, SN=1876, FN=0, Flags=........C, BI=100, SSID=""Z5319476"""
"9610","2.797663","86:f9:72:ce:b6:cd","ff:ff:ff:ff:ff:ff","802.11","444","-56 dBm","-93 dBm","37 dB","Beacon frame, SN=1877, FN=0, Flags=........C, BI=100, SSID=""Z5319476"""
"9957","2.900071","86:f9:72:ce:b6:cd","ff:ff:ff:ff:ff:ff","802.11","444","-57 dBm","-93 dBm","36 dB","Beacon frame, SN=1878, FN=0, Flags=........C, BI=100, SSID=""Z5319476"""
"10289","3.002232","86:f9:72:ce:b6:cd","ff:ff:ff:ff:ff:ff","802.11","444","-57 dBm","-93 dBm","36 dB","Beacon frame, SN=1879, FN=0, Flags=........C, BI=100, SSID=""Z5319476"""
"10594","3.104837","86:f9:72:ce:b6:cd","ff:ff:ff:ff:ff:ff","802.11","444","-57 dBm","-93 dBm","36 dB","Beacon frame, SN=1880, FN=0, Flags=........C, BI=100, SSID=""Z5319476"""
"10982","3.207367","86:f9:72:ce:b6:cd","ff:ff:ff:ff:ff:ff","802.11","444","-58 dBm","-93 dBm","35 dB","Beacon frame, SN=1881, FN=0, Flags=........C, BI=100, SSID=""Z5319476"""
"11354","3.309721","86:f9:72:ce:b6:cd","ff:ff:ff:ff:ff:ff","802.11","444","-57 dBm","-93 dBm","36 dB","Beacon frame, SN=1882, FN=0, Flags=........C, BI=100, SSID=""Z5319476"""
"11742","3.412051","86:f9:72:ce:b6:cd","ff:ff:ff:ff:ff:ff","802.11","444","-57 dBm","-93 dBm","36 dB","Beacon frame, SN=1883, FN=0, Flags=........C, BI=100, SSID=""Z5319476"""
"12067","3.514450","86:f9:72:ce:b6:cd","ff:ff:ff:ff:ff:ff","802.11","444","-58 dBm","-93 dBm","35 dB","Beacon frame, SN=1884, FN=0, Flags=........C, BI=100, SSID=""Z5319476"""
"12389","3.616840","86:f9:72:ce:b6:cd","ff:ff:ff:ff:ff:ff","802.11","444","-58 dBm","-93 dBm","35 dB","Beacon frame, SN=1885, FN=0, Flags=........C, BI=100, SSID=""Z5319476"""
"12705","3.719288","86:f9:72:ce:b6:cd","ff:ff:ff:ff:ff:ff","802.11","444","-58 dBm","-93 dBm","35 dB","Beacon frame, SN=1886, FN=0, Flags=........C, BI=100, SSID=""Z5319476"""
"13058","3.821634","86:f9:72:ce:b6:cd","ff:ff:ff:ff:ff:ff","802.11","444","-58 dBm","-93 dBm","35 dB","Beacon frame, SN=1887, FN=0, Flags=........C, BI=100, SSID=""Z5319476"""
"13447","3.924085","86:f9:72:ce:b6:cd","ff:ff:ff:ff:ff:ff","802.11","444","-58 dBm","-93 dBm","35 dB","Beacon frame, SN=1888, FN=0, Flags=........C, BI=100, SSID=""Z5319476"""
"13800","4.026417","86:f9:72:ce:b6:cd","ff:ff:ff:ff:ff:ff","802.11","444","-55 dBm","-93 dBm","38 dB","Beacon frame, SN=1889, FN=0, Flags=........C, BI=100, SSID=""Z5319476"""
"14117","4.128734","86:f9:72:ce:b6:cd","ff:ff:ff:ff:ff:ff","802.11","444","-55 dBm","-93 dBm","38 dB","Beacon frame, SN=1890, FN=0, Flags=........C, BI=100, SSID=""Z5319476"""
"14505","4.230946","86:f9:72:ce:b6:cd","ff:ff:ff:ff:ff:ff","802.11","444","-56 dBm","-93 dBm","37 dB","Beacon frame, SN=1891, FN=0, Flags=........C, BI=100, SSID=""Z5319476"""
"14863","4.333659","86:f9:72:ce:b6:cd","ff:ff:ff:ff:ff:ff","802.11","444","-57 dBm","-93 dBm","36 dB","Beacon frame, SN=1892, FN=0, Flags=........C, BI=100, SSID=""Z5319476"""
"15568","4.538692","86:f9:72:ce:b6:cd","ff:ff:ff:ff:ff:ff","802.11","444","-58 dBm","-93 dBm","35 dB","Beacon frame, SN=1894, FN=0, Flags=........C, BI=100, SSID=""Z5319476"""
"15881","4.640819","86:f9:72:ce:b6:cd","ff:ff:ff:ff:ff:ff","802.11","444","-56 dBm","-93 dBm","37 dB","Beacon frame, SN=1895, FN=0, Flags=........C, BI=100, SSID=""Z5319476"""
"16229","4.743504","86:f9:72:ce:b6:cd","ff:ff:ff:ff:ff:ff","802.11","444","-56 dBm","-93 dBm","37 dB","Beacon frame, SN=1896, FN=0, Flags=........C, BI=100, SSID=""Z5319476"""
"16965","4.948272","86:f9:72:ce:b6:cd","ff:ff:ff:ff:ff:ff","802.11","444","-55 dBm","-93 dBm","38 dB","Beacon frame, SN=1898, FN=0, Flags=........C, BI=100, SSID=""Z5319476"""
"17308","5.050414","86:f9:72:ce:b6:cd","ff:ff:ff:ff:ff:ff","802.11","444","-55 dBm","-93 dBm","38 dB","Beacon frame, SN=1899, FN=0, Flags=........C, BI=100, SSID=""Z5319476"""
"17652","5.152739","86:f9:72:ce:b6:cd","ff:ff:ff:ff:ff:ff","802.11","444","-55 dBm","-93 dBm","38 dB","Beacon frame, SN=1900, FN=0, Flags=........C, BI=100, SSID=""Z5319476"""
"18012","5.255129","86:f9:72:ce:b6:cd","ff:ff:ff:ff:ff:ff","802.11","444","-55 dBm","-93 dBm","38 dB","Beacon frame, SN=1901, FN=0, Flags=........C, BI=100, SSID=""Z5319476"""
"18372","5.357605","86:f9:72:ce:b6:cd","ff:ff:ff:ff:ff:ff","802.11","444","-55 dBm","-93 dBm","38 dB","Beacon frame, SN=1902, FN=0, Flags=........C, BI=100, SSID=""Z5319476"""
"18765","5.459941","86:f9:72:ce:b6:cd","ff:ff:ff:ff:ff:ff","802.11","444","-55 dBm","-93 dBm","38 dB","Beacon frame, SN=1903, FN=0, Flags=........C, BI=100, SSID=""Z5319476"""
"19071","5.562872","86:f9:72:ce:b6:cd","ff:ff:ff:ff:ff:ff","802.11","444","-54 dBm","-93 dBm","39 dB","Beacon frame, SN=1904, FN=0, Flags=........C, BI=100, SSID=""Z5319476"""
"19411","5.664758","86:f9:72:ce:b6:cd","ff:ff:ff:ff:ff:ff","802.11","444","-55 dBm","-93 dBm","38 dB","Beacon frame, SN=1905, FN=0, Flags=........C, BI=100, SSID=""Z5319476"""
"19763","5.766939","86:f9:72:ce:b6:cd","ff:ff:ff:ff:ff:ff","802.11","444","-55 dBm","-93 dBm","38 dB","Beacon frame, SN=1906, FN=0, Flags=........C, BI=100, SSID=""Z5319476"""
"20108","5.869572","86:f9:72:ce:b6:cd","ff:ff:ff:ff:ff:ff","802.11","444","-55 dBm","-93 dBm","38 dB","Beacon frame, SN=1907, FN=0, Flags=........C, BI=100, SSID=""Z5319476"""
"20439","5.971763","86:f9:72:ce:b6:cd","ff:ff:ff:ff:ff:ff","802.11","444","-53 dBm","-93 dBm","40 dB","Beacon frame, SN=1908, FN=0, Flags=........C, BI=100, SSID=""Z5319476"""
"20826","6.074410","86:f9:72:ce:b6:cd","ff:ff:ff:ff:ff:ff","802.11","444","-56 dBm","-93 dBm","37 dB","Beacon frame, SN=1909, FN=0, Flags=........C, BI=100, SSID=""Z5319476"""
"21179","6.176793","86:f9:72:ce:b6:cd","ff:ff:ff:ff:ff:ff","802.11","444","-55 dBm","-93 dBm","38 dB","Beacon frame, SN=1910, FN=0, Flags=........C, BI=100, SSID=""Z5319476"""
"21530","6.279106","86:f9:72:ce:b6:cd","ff:ff:ff:ff:ff:ff","802.11","444","-55 dBm","-93 dBm","38 dB","Beacon frame, SN=1911, FN=0, Flags=........C, BI=100, SSID=""Z5319476"""
"21884","6.381605","86:f9:72:ce:b6:cd","ff:ff:ff:ff:ff:ff","802.11","444","-55 dBm","-93 dBm","38 dB","Beacon frame, SN=1912, FN=0, Flags=........C, BI=100, SSID=""Z5319476"""
"22286","6.484235","86:f9:72:ce:b6:cd","ff:ff:ff:ff:ff:ff","802.11","444","-55 dBm","-93 dBm","38 dB","Beacon frame, SN=1913, FN=0, Flags=........C, BI=100, SSID=""Z5319476"""
"22634","6.586449","86:f9:72:ce:b6:cd","ff:ff:ff:ff:ff:ff","802.11","444","-55 dBm","-93 dBm","38 dB","Beacon frame, SN=1914, FN=0, Flags=........C, BI=100, SSID=""Z5319476"""
"23016","6.688756","86:f9:72:ce:b6:cd","ff:ff:ff:ff:ff:ff","802.11","444","-55 dBm","-93 dBm","38 dB","Beacon frame, SN=1915, FN=0, Flags=........C, BI=100, SSID=""Z5319476"""
"23379","6.791362","86:f9:72:ce:b6:cd","ff:ff:ff:ff:ff:ff","802.11","444","-55 dBm","-93 dBm","38 dB","Beacon frame, SN=1916, FN=0, Flags=........C, BI=100, SSID=""Z5319476"""
"23787","6.893531","86:f9:72:ce:b6:cd","ff:ff:ff:ff:ff:ff","802.11","444","-55 dBm","-93 dBm","38 dB","Beacon frame, SN=1917, FN=0, Flags=........C, BI=100, SSID=""Z5319476"""
"24169","6.995922","86:f9:72:ce:b6:cd","ff:ff:ff:ff:ff:ff","802.11","444","-55 dBm","-93 dBm","38 dB","Beacon frame, SN=1918, FN=0, Flags=........C, BI=100, SSID=""Z5319476"""
"24502","7.098293","86:f9:72:ce:b6:cd","ff:ff:ff:ff:ff:ff","802.11","444","-55 dBm","-93 dBm","38 dB","Beacon frame, SN=1919, FN=0, Flags=........C, BI=100, SSID=""Z5319476"""
"24847","7.200690","86:f9:72:ce:b6:cd","ff:ff:ff:ff:ff:ff","802.11","444","-55 dBm","-93 dBm","38 dB","Beacon frame, SN=1920, FN=0, Flags=........C, BI=100, SSID=""Z5319476"""
"25200","7.303142","86:f9:72:ce:b6:cd","ff:ff:ff:ff:ff:ff","802.11","444","-55 dBm","-93 dBm","38 dB","Beacon frame, SN=1921, FN=0, Flags=........C, BI=100, SSID=""Z5319476"""
"25563","7.405909","86:f9:72:ce:b6:cd","ff:ff:ff:ff:ff:ff","802.11","444","-56 dBm","-93 dBm","37 dB","Beacon frame, SN=1922, FN=0, Flags=........C, BI=100, SSID=""Z5319476"""
"25892","7.508160","86:f9:72:ce:b6:cd","ff:ff:ff:ff:ff:ff","802.11","444","-55 dBm","-93 dBm","38 dB","Beacon frame, SN=1923, FN=0, Flags=........C, BI=100, SSID=""Z5319476"""
"26233","7.610563","86:f9:72:ce:b6:cd","ff:ff:ff:ff:ff:ff","802.11","444","-55 dBm","-93 dBm","38 dB","Beacon frame, SN=1924, FN=0, Flags=........C, BI=100, SSID=""Z5319476"""
"26542","7.712685","86:f9:72:ce:b6:cd","ff:ff:ff:ff:ff:ff","802.11","444","-56 dBm","-93 dBm","37 dB","Beacon frame, SN=1925, FN=0, Flags=........C, BI=100, SSID=""Z5319476"""
"26779","7.815384","86:f9:72:ce:b6:cd","ff:ff:ff:ff:ff:ff","802.11","444","-55 dBm","-93 dBm","38 dB","Beacon frame, SN=1926, FN=0, Flags=........C, BI=100, SSID=""Z5319476"""
"27099","7.917487","86:f9:72:ce:b6:cd","ff:ff:ff:ff:ff:ff","802.11","444","-56 dBm","-93 dBm","37 dB","Beacon frame, SN=1927, FN=0, Flags=........C, BI=100, SSID=""Z5319476"""
"27424","8.019829","86:f9:72:ce:b6:cd","ff:ff:ff:ff:ff:ff","802.11","444","-56 dBm","-93 dBm","37 dB","Beacon frame, SN=1928, FN=0, Flags=........C, BI=100, SSID=""Z5319476"""
"27753","8.122526","86:f9:72:ce:b6:cd","ff:ff:ff:ff:ff:ff","802.11","444","-56 dBm","-93 dBm","37 dB","Beacon frame, SN=1929, FN=0, Flags=........C, BI=100, SSID=""Z5319476"""
"28056","8.224737","86:f9:72:ce:b6:cd","ff:ff:ff:ff:ff:ff","802.11","444","-56 dBm","-93 dBm","37 dB","Beacon frame, SN=1930, FN=0, Flags=........C, BI=100, SSID=""Z5319476"""
"28700","8.429528","86:f9:72:ce:b6:cd","ff:ff:ff:ff:ff:ff","802.11","444","-54 dBm","-93 dBm","39 dB","Beacon frame, SN=1932, FN=0, Flags=........C, BI=100, SSID=""Z5319476"""
"28995","8.532204","86:f9:72:ce:b6:cd","ff:ff:ff:ff:ff:ff","802.11","444","-54 dBm","-93 dBm","39 dB","Beacon frame, SN=1933, FN=0, Flags=........C, BI=100, SSID=""Z5319476"""
"29272","8.634206","86:f9:72:ce:b6:cd","ff:ff:ff:ff:ff:ff","802.11","444","-55 dBm","-93 dBm","38 dB","Beacon frame, SN=1934, FN=0, Flags=........C, BI=100, SSID=""Z5319476"""
"29593","8.736637","86:f9:72:ce:b6:cd","ff:ff:ff:ff:ff:ff","802.11","444","-55 dBm","-93 dBm","38 dB","Beacon frame, SN=1935, FN=0, Flags=........C, BI=100, SSID=""Z5319476"""
"30003","8.839384","86:f9:72:ce:b6:cd","ff:ff:ff:ff:ff:ff","802.11","444","-55 dBm","-93 dBm","38 dB","Beacon frame, SN=1936, FN=0, Flags=........C, BI=100, SSID=""Z5319476"""
"30321","8.941695","86:f9:72:ce:b6:cd","ff:ff:ff:ff:ff:ff","802.11","444","-56 dBm","-93 dBm","37 dB","Beacon frame, SN=1937, FN=0, Flags=........C, BI=100, SSID=""Z5319476"""
"30607","9.043788","86:f9:72:ce:b6:cd","ff:ff:ff:ff:ff:ff","802.11","444","-56 dBm","-93 dBm","37 dB","Beacon frame, SN=1938, FN=0, Flags=........C, BI=100, SSID=""Z5319476"""
"30969","9.146244","86:f9:72:ce:b6:cd","ff:ff:ff:ff:ff:ff","802.11","444","-55 dBm","-93 dBm","38 dB","Beacon frame, SN=1939, FN=0, Flags=........C, BI=100, SSID=""Z5319476"""
"31314","9.248268","86:f9:72:ce:b6:cd","ff:ff:ff:ff:ff:ff","802.11","444","-55 dBm","-93 dBm","38 dB","Beacon frame, SN=1940, FN=0, Flags=........C, BI=100, SSID=""Z5319476"""
"31642","9.351263","86:f9:72:ce:b6:cd","ff:ff:ff:ff:ff:ff","802.11","444","-56 dBm","-93 dBm","37 dB","Beacon frame, SN=1941, FN=0, Flags=........C, BI=100, SSID=""Z5319476"""
"31985","9.453380","86:f9:72:ce:b6:cd","ff:ff:ff:ff:ff:ff","802.11","444","-56 dBm","-93 dBm","37 dB","Beacon frame, SN=1942, FN=0, Flags=........C, BI=100, SSID=""Z5319476"""
"32400","9.556966","86:f9:72:ce:b6:cd","ff:ff:ff:ff:ff:ff","802.11","444","-55 dBm","-93 dBm","38 dB","Beacon frame, SN=1943, FN=0, Flags=........C, BI=100, SSID=""Z5319476"""
"32677","9.658173","86:f9:72:ce:b6:cd","ff:ff:ff:ff:ff:ff","802.11","444","-56 dBm","-93 dBm","37 dB","Beacon frame, SN=1944, FN=0, Flags=........C, BI=100, SSID=""Z5319476"""
"33010","9.760601","86:f9:72:ce:b6:cd","ff:ff:ff:ff:ff:ff","802.11","444","-56 dBm","-93 dBm","37 dB","Beacon frame, SN=1945, FN=0, Flags=........C, BI=100, SSID=""Z5319476"""
"33344","9.863027","86:f9:72:ce:b6:cd","ff:ff:ff:ff:ff:ff","802.11","444","-55 dBm","-93 dBm","38 dB","Beacon frame, SN=1946, FN=0, Flags=........C, BI=100, SSID=""Z5319476"""
"33649","9.966557","86:f9:72:ce:b6:cd","ff:ff:ff:ff:ff:ff","802.11","444","-55 dBm","-93 dBm","38 dB","Beacon frame, SN=1947, FN=0, Flags=........C, BI=100, SSID=""Z5319476"""
"33976","10.069632","86:f9:72:ce:b6:cd","ff:ff:ff:ff:ff:ff","802.11","444","-56 dBm","-93 dBm","37 dB","Beacon frame, SN=1948, FN=0, Flags=........C, BI=100, SSID=""Z5319476"""
"34331","10.170031","86:f9:72:ce:b6:cd","ff:ff:ff:ff:ff:ff","802.11","444","-55 dBm","-93 dBm","38 dB","Beacon frame, SN=1949, FN=0, Flags=........C, BI=100, SSID=""Z5319476"""
"34620","10.272616","86:f9:72:ce:b6:cd","ff:ff:ff:ff:ff:ff","802.11","444","-54 dBm","-93 dBm","39 dB","Beacon frame, SN=1950, FN=0, Flags=........C, BI=100, SSID=""Z5319476"""
"34850","10.374964","86:f9:72:ce:b6:cd","ff:ff:ff:ff:ff:ff","802.11","444","-55 dBm","-93 dBm","38 dB","Beacon frame, SN=1951, FN=0, Flags=........C, BI=100, SSID=""Z5319476"""
"35121","10.477118","86:f9:72:ce:b6:cd","ff:ff:ff:ff:ff:ff","802.11","444","-56 dBm","-93 dBm","37 dB","Beacon frame, SN=1952, FN=0, Flags=........C, BI=100, SSID=""Z5319476"""
"35406","10.579857","86:f9:72:ce:b6:cd","ff:ff:ff:ff:ff:ff","802.11","444","-56 dBm","-93 dBm","37 dB","Beacon frame, SN=1953, FN=0, Flags=........C, BI=100, SSID=""Z5319476"""
"35698","10.682124","86:f9:72:ce:b6:cd","ff:ff:ff:ff:ff:ff","802.11","444","-54 dBm","-93 dBm","39 dB","Beacon frame, SN=1954, FN=0, Flags=........C, BI=100, SSID=""Z5319476"""
"35976","10.784855","86:f9:72:ce:b6:cd","ff:ff:ff:ff:ff:ff","802.11","444","-56 dBm","-93 dBm","37 dB","Beacon frame, SN=1955, FN=0, Flags=........C, BI=100, SSID=""Z5319476"""
"36246","10.886936","86:f9:72:ce:b6:cd","ff:ff:ff:ff:ff:ff","802.11","444","-55 dBm","-93 dBm","38 dB","Beacon frame, SN=1956, FN=0, Flags=........C, BI=100, SSID=""Z5319476"""
"36514","10.989359","86:f9:72:ce:b6:cd","ff:ff:ff:ff:ff:ff","802.11","444","-55 dBm","-93 dBm","38 dB","Beacon frame, SN=1957, FN=0, Flags=........C, BI=100, SSID=""Z5319476"""
"36739","11.091970","86:f9:72:ce:b6:cd","ff:ff:ff:ff:ff:ff","802.11","444","-55 dBm","-93 dBm","38 dB","Beacon frame, SN=1958, FN=0, Flags=........C, BI=100, SSID=""Z5319476"""
"37011","11.194381","86:f9:72:ce:b6:cd","ff:ff:ff:ff:ff:ff","802.11","444","-55 dBm","-93 dBm","38 dB","Beacon frame, SN=1959, FN=0, Flags=........C, BI=100, SSID=""Z5319476"""
"37283","11.296551","86:f9:72:ce:b6:cd","ff:ff:ff:ff:ff:ff","802.11","444","-55 dBm","-93 dBm","38 dB","Beacon frame, SN=1960, FN=0, Flags=........C, BI=100, SSID=""Z5319476"""
"37579","11.398938","86:f9:72:ce:b6:cd","ff:ff:ff:ff:ff:ff","802.11","444","-56 dBm","-93 dBm","37 dB","Beacon frame, SN=1961, FN=0, Flags=........C, BI=100, SSID=""Z5319476"""
"37863","11.501308","86:f9:72:ce:b6:cd","ff:ff:ff:ff:ff:ff","802.11","444","-55 dBm","-93 dBm","38 dB","Beacon frame, SN=1962, FN=0, Flags=........C, BI=100, SSID=""Z5319476"""
"38175","11.603703","86:f9:72:ce:b6:cd","ff:ff:ff:ff:ff:ff","802.11","444","-55 dBm","-93 dBm","38 dB","Beacon frame, SN=1963, FN=0, Flags=........C, BI=100, SSID=""Z5319476"""
"38479","11.706126","86:f9:72:ce:b6:cd","ff:ff:ff:ff:ff:ff","802.11","444","-55 dBm","-93 dBm","38 dB","Beacon frame, SN=1964, FN=0, Flags=........C, BI=100, SSID=""Z5319476"""
"38762","11.808500","86:f9:72:ce:b6:cd","ff:ff:ff:ff:ff:ff","802.11","444","-56 dBm","-93 dBm","37 dB","Beacon frame, SN=1965, FN=0, Flags=........C, BI=100, SSID=""Z5319476"""
"39062","11.911041","86:f9:72:ce:b6:cd","ff:ff:ff:ff:ff:ff","802.11","444","-55 dBm","-93 dBm","38 dB","Beacon frame, SN=1966, FN=0, Flags=........C, BI=100, SSID=""Z5319476"""
"39359","12.013276","86:f9:72:ce:b6:cd","ff:ff:ff:ff:ff:ff","802.11","444","-55 dBm","-93 dBm","38 dB","Beacon frame, SN=1967, FN=0, Flags=........C, BI=100, SSID=""Z5319476"""
"39617","12.115719","86:f9:72:ce:b6:cd","ff:ff:ff:ff:ff:ff","802.11","444","-55 dBm","-93 dBm","38 dB","Beacon frame, SN=1968, FN=0, Flags=........C, BI=100, SSID=""Z5319476"""
"39921","12.218202","86:f9:72:ce:b6:cd","ff:ff:ff:ff:ff:ff","802.11","444","-56 dBm","-93 dBm","37 dB","Beacon frame, SN=1969, FN=0, Flags=........C, BI=100, SSID=""Z5319476"""
"40224","12.320762","86:f9:72:ce:b6:cd","ff:ff:ff:ff:ff:ff","802.11","444","-56 dBm","-93 dBm","37 dB","Beacon frame, SN=1970, FN=0, Flags=........C, BI=100, SSID=""Z5319476"""
"40558","12.422849","86:f9:72:ce:b6:cd","ff:ff:ff:ff:ff:ff","802.11","444","-56 dBm","-93 dBm","37 dB","Beacon frame, SN=1971, FN=0, Flags=........C, BI=100, SSID=""Z5319476"""
"40835","12.525284","86:f9:72:ce:b6:cd","ff:ff:ff:ff:ff:ff","802.11","444","-55 dBm","-93 dBm","38 dB","Beacon frame, SN=1972, FN=0, Flags=........C, BI=100, SSID=""Z5319476"""
"41106","12.627929","86:f9:72:ce:b6:cd","ff:ff:ff:ff:ff:ff","802.11","444","-55 dBm","-93 dBm","38 dB","Beacon frame, SN=1973, FN=0, Flags=........C, BI=100, SSID=""Z5319476"""
"41309","12.730056","86:f9:72:ce:b6:cd","ff:ff:ff:ff:ff:ff","802.11","444","-55 dBm","-93 dBm","38 dB","Beacon frame, SN=1974, FN=0, Flags=........C, BI=100, SSID=""Z5319476"""
"41546","12.832437","86:f9:72:ce:b6:cd","ff:ff:ff:ff:ff:ff","802.11","444","-55 dBm","-93 dBm","38 dB","Beacon frame, SN=1975, FN=0, Flags=........C, BI=100, SSID=""Z5319476"""
"41889","12.935104","86:f9:72:ce:b6:cd","ff:ff:ff:ff:ff:ff","802.11","444","-55 dBm","-93 dBm","38 dB","Beacon frame, SN=1976, FN=0, Flags=........C, BI=100, SSID=""Z5319476"""
"42200","13.037257","86:f9:72:ce:b6:cd","ff:ff:ff:ff:ff:ff","802.11","444","-55 dBm","-93 dBm","38 dB","Beacon frame, SN=1977, FN=0, Flags=........C, BI=100, SSID=""Z5319476"""
"42517","13.139647","86:f9:72:ce:b6:cd","ff:ff:ff:ff:ff:ff","802.11","444","-55 dBm","-93 dBm","38 dB","Beacon frame, SN=1978, FN=0, Flags=........C, BI=100, SSID=""Z5319476"""
"42837","13.242055","86:f9:72:ce:b6:cd","ff:ff:ff:ff:ff:ff","802.11","444","-55 dBm","-93 dBm","38 dB","Beacon frame, SN=1979, FN=0, Flags=........C, BI=100, SSID=""Z5319476"""
"43150","13.344428","86:f9:72:ce:b6:cd","ff:ff:ff:ff:ff:ff","802.11","444","-55 dBm","-93 dBm","38 dB","Beacon frame, SN=1980, FN=0, Flags=........C, BI=100, SSID=""Z5319476"""
"43496","13.446915","86:f9:72:ce:b6:cd","ff:ff:ff:ff:ff:ff","802.11","444","-55 dBm","-93 dBm","38 dB","Beacon frame, SN=1981, FN=0, Flags=........C, BI=100, SSID=""Z5319476"""
"43797","13.549728","86:f9:72:ce:b6:cd","ff:ff:ff:ff:ff:ff","802.11","444","-55 dBm","-93 dBm","38 dB","Beacon frame, SN=1982, FN=0, Flags=........C, BI=100, SSID=""Z5319476"""
"44107","13.651687","86:f9:72:ce:b6:cd","ff:ff:ff:ff:ff:ff","802.11","444","-55 dBm","-93 dBm","38 dB","Beacon frame, SN=1983, FN=0, Flags=........C, BI=100, SSID=""Z5319476"""
"44344","13.754031","86:f9:72:ce:b6:cd","ff:ff:ff:ff:ff:ff","802.11","444","-55 dBm","-93 dBm","38 dB","Beacon frame, SN=1984, FN=0, Flags=........C, BI=100, SSID=""Z5319476"""
"44629","13.856655","86:f9:72:ce:b6:cd","ff:ff:ff:ff:ff:ff","802.11","444","-55 dBm","-93 dBm","38 dB","Beacon frame, SN=1985, FN=0, Flags=........C, BI=100, SSID=""Z5319476"""
"44913","13.959081","86:f9:72:ce:b6:cd","ff:ff:ff:ff:ff:ff","802.11","444","-55 dBm","-93 dBm","38 dB","Beacon frame, SN=1986, FN=0, Flags=........C, BI=100, SSID=""Z5319476"""
"45182","14.061230","86:f9:72:ce:b6:cd","ff:ff:ff:ff:ff:ff","802.11","444","-55 dBm","-93 dBm","38 dB","Beacon frame, SN=1987, FN=0, Flags=........C, BI=100, SSID=""Z5319476"""
"45433","14.163737","86:f9:72:ce:b6:cd","ff:ff:ff:ff:ff:ff","802.11","444","-55 dBm","-93 dBm","38 dB","Beacon frame, SN=1988, FN=0, Flags=........C, BI=100, SSID=""Z5319476"""
"45733","14.266294","86:f9:72:ce:b6:cd","ff:ff:ff:ff:ff:ff","802.11","444","-55 dBm","-93 dBm","38 dB","Beacon frame, SN=1989, FN=0, Flags=........C, BI=100, SSID=""Z5319476"""
"45997","14.368665","86:f9:72:ce:b6:cd","ff:ff:ff:ff:ff:ff","802.11","444","-55 dBm","-93 dBm","38 dB","Beacon frame, SN=1990, FN=0, Flags=........C, BI=100, SSID=""Z5319476"""
"46304","14.470792","86:f9:72:ce:b6:cd","ff:ff:ff:ff:ff:ff","802.11","444","-56 dBm","-93 dBm","37 dB","Beacon frame, SN=1991, FN=0, Flags=........C, BI=100, SSID=""Z5319476"""
"46574","14.573147","86:f9:72:ce:b6:cd","ff:ff:ff:ff:ff:ff","802.11","444","-55 dBm","-93 dBm","38 dB","Beacon frame, SN=1992, FN=0, Flags=........C, BI=100, SSID=""Z5319476"""
"46925","14.675857","86:f9:72:ce:b6:cd","ff:ff:ff:ff:ff:ff","802.11","444","-55 dBm","-93 dBm","38 dB","Beacon frame, SN=1993, FN=0, Flags=........C, BI=100, SSID=""Z5319476"""
"47231","14.777987","86:f9:72:ce:b6:cd","ff:ff:ff:ff:ff:ff","802.11","444","-55 dBm","-93 dBm","38 dB","Beacon frame, SN=1994, FN=0, Flags=........C, BI=100, SSID=""Z5319476"""
"47558","14.880542","86:f9:72:ce:b6:cd","ff:ff:ff:ff:ff:ff","802.11","444","-56 dBm","-93 dBm","37 dB","Beacon frame, SN=1995, FN=0, Flags=........C, BI=100, SSID=""Z5319476"""
"47815","14.982739","86:f9:72:ce:b6:cd","ff:ff:ff:ff:ff:ff","802.11","444","-56 dBm","-93 dBm","37 dB","Beacon frame, SN=1996, FN=0, Flags=........C, BI=100, SSID=""Z5319476"""
"48108","15.085189","86:f9:72:ce:b6:cd","ff:ff:ff:ff:ff:ff","802.11","444","-55 dBm","-93 dBm","38 dB","Beacon frame, SN=1997, FN=0, Flags=........C, BI=100, SSID=""Z5319476"""
"48429","15.187695","86:f9:72:ce:b6:cd","ff:ff:ff:ff:ff:ff","802.11","444","-56 dBm","-93 dBm","37 dB","Beacon frame, SN=1998, FN=0, Flags=........C, BI=100, SSID=""Z5319476"""
"48731","15.289950","86:f9:72:ce:b6:cd","ff:ff:ff:ff:ff:ff","802.11","444","-55 dBm","-93 dBm","38 dB","Beacon frame, SN=1999, FN=0, Flags=........C, BI=100, SSID=""Z5319476"""
"48959","15.392354","86:f9:72:ce:b6:cd","ff:ff:ff:ff:ff:ff","802.11","444","-55 dBm","-93 dBm","38 dB","Beacon frame, SN=2000, FN=0, Flags=........C, BI=100, SSID=""Z5319476"""
"49245","15.494758","86:f9:72:ce:b6:cd","ff:ff:ff:ff:ff:ff","802.11","444","-56 dBm","-93 dBm","37 dB","Beacon frame, SN=2001, FN=0, Flags=........C, BI=100, SSID=""Z5319476"""
"49509","15.597131","86:f9:72:ce:b6:cd","ff:ff:ff:ff:ff:ff","802.11","444","-56 dBm","-93 dBm","37 dB","Beacon frame, SN=2002, FN=0, Flags=........C, BI=100, SSID=""Z5319476"""
"49834","15.699504","86:f9:72:ce:b6:cd","ff:ff:ff:ff:ff:ff","802.11","444","-57 dBm","-93 dBm","36 dB","Beacon frame, SN=2003, FN=0, Flags=........C, BI=100, SSID=""Z5319476"""
"50162","15.801992","86:f9:72:ce:b6:cd","ff:ff:ff:ff:ff:ff","802.11","444","-57 dBm","-93 dBm","36 dB","Beacon frame, SN=2004, FN=0, Flags=........C, BI=100, SSID=""Z5319476"""
"50457","15.904386","86:f9:72:ce:b6:cd","ff:ff:ff:ff:ff:ff","802.11","444","-57 dBm","-93 dBm","36 dB","Beacon frame, SN=2005, FN=0, Flags=........C, BI=100, SSID=""Z5319476"""
"50782","16.006753","86:f9:72:ce:b6:cd","ff:ff:ff:ff:ff:ff","802.11","444","-55 dBm","-93 dBm","38 dB","Beacon frame, SN=2006, FN=0, Flags=........C, BI=100, SSID=""Z5319476"""
"51117","16.109115","86:f9:72:ce:b6:cd","ff:ff:ff:ff:ff:ff","802.11","444","-56 dBm","-93 dBm","37 dB","Beacon frame, SN=2007, FN=0, Flags=........C, BI=100, SSID=""Z5319476"""
"51464","16.211505","86:f9:72:ce:b6:cd","ff:ff:ff:ff:ff:ff","802.11","444","-56 dBm","-93 dBm","37 dB","Beacon frame, SN=2008, FN=0, Flags=........C, BI=100, SSID=""Z5319476"""
"51786","16.314017","86:f9:72:ce:b6:cd","ff:ff:ff:ff:ff:ff","802.11","444","-56 dBm","-93 dBm","37 dB","Beacon frame, SN=2009, FN=0, Flags=........C, BI=100, SSID=""Z5319476"""
"52162","16.416577","86:f9:72:ce:b6:cd","ff:ff:ff:ff:ff:ff","802.11","444","-56 dBm","-93 dBm","37 dB","Beacon frame, SN=2010, FN=0, Flags=........C, BI=100, SSID=""Z5319476"""
"52544","16.518980","86:f9:72:ce:b6:cd","ff:ff:ff:ff:ff:ff","802.11","444","-56 dBm","-93 dBm","37 dB","Beacon frame, SN=2011, FN=0, Flags=........C, BI=100, SSID=""Z5319476"""
"52895","16.621398","86:f9:72:ce:b6:cd","ff:ff:ff:ff:ff:ff","802.11","444","-56 dBm","-93 dBm","37 dB","Beacon frame, SN=2012, FN=0, Flags=........C, BI=100, SSID=""Z5319476"""
"53088","16.723521","86:f9:72:ce:b6:cd","ff:ff:ff:ff:ff:ff","802.11","444","-55 dBm","-93 dBm","38 dB","Beacon frame, SN=2013, FN=0, Flags=........C, BI=100, SSID=""Z5319476"""
"53565","16.826180","86:f9:72:ce:b6:cd","ff:ff:ff:ff:ff:ff","802.11","444","-56 dBm","-93 dBm","37 dB","Beacon frame, SN=2014, FN=0, Flags=........C, BI=100, SSID=""Z5319476"""
"53895","16.928543","86:f9:72:ce:b6:cd","ff:ff:ff:ff:ff:ff","802.11","444","-55 dBm","-93 dBm","38 dB","Beacon frame, SN=2015, FN=0, Flags=........C, BI=100, SSID=""Z5319476"""
"54166","17.030716","86:f9:72:ce:b6:cd","ff:ff:ff:ff:ff:ff","802.11","444","-55 dBm","-93 dBm","38 dB","Beacon frame, SN=2016, FN=0, Flags=........C, BI=100, SSID=""Z5319476"""
"54447","17.133079","86:f9:72:ce:b6:cd","ff:ff:ff:ff:ff:ff","802.11","444","-55 dBm","-93 dBm","38 dB","Beacon frame, SN=2017, FN=0, Flags=........C, BI=100, SSID=""Z5319476"""
"54765","17.235788","86:f9:72:ce:b6:cd","ff:ff:ff:ff:ff:ff","802.11","444","-55 dBm","-93 dBm","38 dB","Beacon frame, SN=2018, FN=0, Flags=........C, BI=100, SSID=""Z5319476"""
"55028","17.337845","86:f9:72:ce:b6:cd","ff:ff:ff:ff:ff:ff","802.11","444","-56 dBm","-93 dBm","37 dB","Beacon frame, SN=2019, FN=0, Flags=........C, BI=100, SSID=""Z5319476"""
"55413","17.440498","86:f9:72:ce:b6:cd","ff:ff:ff:ff:ff:ff","802.11","444","-56 dBm","-93 dBm","37 dB","Beacon frame, SN=2020, FN=0, Flags=........C, BI=100, SSID=""Z5319476"""
"55745","17.542746","86:f9:72:ce:b6:cd","ff:ff:ff:ff:ff:ff","802.11","444","-55 dBm","-93 dBm","38 dB","Beacon frame, SN=2021, FN=0, Flags=........C, BI=100, SSID=""Z5319476"""
"56070","17.645040","86:f9:72:ce:b6:cd","ff:ff:ff:ff:ff:ff","802.11","444","-55 dBm","-93 dBm","38 dB","Beacon frame, SN=2022, FN=0, Flags=........C, BI=100, SSID=""Z5319476"""
"56393","17.747445","86:f9:72:ce:b6:cd","ff:ff:ff:ff:ff:ff","802.11","444","-55 dBm","-93 dBm","38 dB","Beacon frame, SN=2023, FN=0, Flags=........C, BI=100, SSID=""Z5319476"""
"56705","17.849860","86:f9:72:ce:b6:cd","ff:ff:ff:ff:ff:ff","802.11","444","-55 dBm","-93 dBm","38 dB","Beacon frame, SN=2024, FN=0, Flags=........C, BI=100, SSID=""Z5319476"""
"57038","17.952254","86:f9:72:ce:b6:cd","ff:ff:ff:ff:ff:ff","802.11","444","-55 dBm","-93 dBm","38 dB","Beacon frame, SN=2025, FN=0, Flags=........C, BI=100, SSID=""Z5319476"""
"57323","18.054928","86:f9:72:ce:b6:cd","ff:ff:ff:ff:ff:ff","802.11","444","-56 dBm","-93 dBm","37 dB","Beacon frame, SN=2026, FN=0, Flags=........C, BI=100, SSID=""Z5319476"""
"57670","18.157117","86:f9:72:ce:b6:cd","ff:ff:ff:ff:ff:ff","802.11","444","-56 dBm","-93 dBm","37 dB","Beacon frame, SN=2027, FN=0, Flags=........C, BI=100, SSID=""Z5319476"""
"57964","18.259450","86:f9:72:ce:b6:cd","ff:ff:ff:ff:ff:ff","802.11","444","-55 dBm","-93 dBm","38 dB","Beacon frame, SN=2028, FN=0, Flags=........C, BI=100, SSID=""Z5319476"""
"58324","18.362092","86:f9:72:ce:b6:cd","ff:ff:ff:ff:ff:ff","802.11","444","-56 dBm","-93 dBm","37 dB","Beacon frame, SN=2029, FN=0, Flags=........C, BI=100, SSID=""Z5319476"""
"58683","18.464257","86:f9:72:ce:b6:cd","ff:ff:ff:ff:ff:ff","802.11","444","-56 dBm","-93 dBm","37 dB","Beacon frame, SN=2030, FN=0, Flags=........C, BI=100, SSID=""Z5319476"""
"58974","18.566888","86:f9:72:ce:b6:cd","ff:ff:ff:ff:ff:ff","802.11","444","-56 dBm","-93 dBm","37 dB","Beacon frame, SN=2031, FN=0, Flags=........C, BI=100, SSID=""Z5319476"""
"59345","18.669064","86:f9:72:ce:b6:cd","ff:ff:ff:ff:ff:ff","802.11","444","-56 dBm","-93 dBm","37 dB","Beacon frame, SN=2032, FN=0, Flags=........C, BI=100, SSID=""Z5319476"""
"59724","18.771462","86:f9:72:ce:b6:cd","ff:ff:ff:ff:ff:ff","802.11","444","-57 dBm","-93 dBm","36 dB","Beacon frame, SN=2033, FN=0, Flags=........C, BI=100, SSID=""Z5319476"""
"60061","18.873654","86:f9:72:ce:b6:cd","ff:ff:ff:ff:ff:ff","802.11","444","-58 dBm","-93 dBm","35 dB","Beacon frame, SN=2034, FN=0, Flags=........C, BI=100, SSID=""Z5319476"""
"60375","18.976218","86:f9:72:ce:b6:cd","ff:ff:ff:ff:ff:ff","802.11","444","-55 dBm","-93 dBm","38 dB","Beacon frame, SN=2035, FN=0, Flags=........C, BI=100, SSID=""Z5319476"""
"60716","19.078875","86:f9:72:ce:b6:cd","ff:ff:ff:ff:ff:ff","802.11","444","-55 dBm","-93 dBm","38 dB","Beacon frame, SN=2036, FN=0, Flags=........C, BI=100, SSID=""Z5319476"""
"61084","19.181005","86:f9:72:ce:b6:cd","ff:ff:ff:ff:ff:ff","802.11","444","-55 dBm","-93 dBm","38 dB","Beacon frame, SN=2037, FN=0, Flags=........C, BI=100, SSID=""Z5319476"""
"61428","19.283446","86:f9:72:ce:b6:cd","ff:ff:ff:ff:ff:ff","802.11","444","-55 dBm","-93 dBm","38 dB","Beacon frame, SN=2038, FN=0, Flags=........C, BI=100, SSID=""Z5319476"""
"61775","19.386076","86:f9:72:ce:b6:cd","ff:ff:ff:ff:ff:ff","802.11","444","-55 dBm","-93 dBm","38 dB","Beacon frame, SN=2039, FN=0, Flags=........C, BI=100, SSID=""Z5319476"""
"62079","19.488465","86:f9:72:ce:b6:cd","ff:ff:ff:ff:ff:ff","802.11","444","-56 dBm","-93 dBm","37 dB","Beacon frame, SN=2040, FN=0, Flags=........C, BI=100, SSID=""Z5319476"""
"62378","19.590886","86:f9:72:ce:b6:cd","ff:ff:ff:ff:ff:ff","802.11","444","-56 dBm","-93 dBm","37 dB","Beacon frame, SN=2041, FN=0, Flags=........C, BI=100, SSID=""Z5319476"""
"62681","19.692932","86:f9:72:ce:b6:cd","ff:ff:ff:ff:ff:ff","802.11","444","-56 dBm","-93 dBm","37 dB","Beacon frame, SN=2042, FN=0, Flags=........C, BI=100, SSID=""Z5319476"""
"63368","19.897801","86:f9:72:ce:b6:cd","ff:ff:ff:ff:ff:ff","802.11","444","-55 dBm","-93 dBm","38 dB","Beacon frame, SN=2044, FN=0, Flags=........C, BI=100, SSID=""Z5319476"""
"63666","20.000298","86:f9:72:ce:b6:cd","ff:ff:ff:ff:ff:ff","802.11","444","-56 dBm","-93 dBm","37 dB","Beacon frame, SN=2045, FN=0, Flags=........C, BI=100, SSID=""Z5319476"""
"64043","20.102830","86:f9:72:ce:b6:cd","ff:ff:ff:ff:ff:ff","802.11","444","-55 dBm","-93 dBm","38 dB","Beacon frame, SN=2046, FN=0, Flags=........C, BI=100, SSID=""Z5319476"""
"64569","20.205218","86:f9:72:ce:b6:cd","ff:ff:ff:ff:ff:ff","802.11","444","-54 dBm","-93 dBm","39 dB","Beacon frame, SN=2047, FN=0, Flags=........C, BI=100, SSID=""Z5319476"""
"64821","20.307248","86:f9:72:ce:b6:cd","ff:ff:ff:ff:ff:ff","802.11","444","-54 dBm","-93 dBm","39 dB","Beacon frame, SN=2048, FN=0, Flags=........C, BI=100, SSID=""Z5319476"""
"65171","20.410036","86:f9:72:ce:b6:cd","ff:ff:ff:ff:ff:ff","802.11","444","-54 dBm","-93 dBm","39 dB","Beacon frame, SN=2049, FN=0, Flags=........C, BI=100, SSID=""Z5319476"""
"65500","20.512459","86:f9:72:ce:b6:cd","ff:ff:ff:ff:ff:ff","802.11","444","-55 dBm","-93 dBm","38 dB","Beacon frame, SN=2050, FN=0, Flags=........C, BI=100, SSID=""Z5319476"""
"65872","20.614795","86:f9:72:ce:b6:cd","ff:ff:ff:ff:ff:ff","802.11","444","-56 dBm","-93 dBm","37 dB","Beacon frame, SN=2051, FN=0, Flags=........C, BI=100, SSID=""Z5319476"""
"66190","20.716943","86:f9:72:ce:b6:cd","ff:ff:ff:ff:ff:ff","802.11","444","-56 dBm","-93 dBm","37 dB","Beacon frame, SN=2052, FN=0, Flags=........C, BI=100, SSID=""Z5319476"""
"66593","20.819278","86:f9:72:ce:b6:cd","ff:ff:ff:ff:ff:ff","802.11","444","-54 dBm","-93 dBm","39 dB","Beacon frame, SN=2053, FN=0, Flags=........C, BI=100, SSID=""Z5319476"""
"66968","20.921961","86:f9:72:ce:b6:cd","ff:ff:ff:ff:ff:ff","802.11","444","-56 dBm","-93 dBm","37 dB","Beacon frame, SN=2054, FN=0, Flags=........C, BI=100, SSID=""Z5319476"""
"67303","21.024388","86:f9:72:ce:b6:cd","ff:ff:ff:ff:ff:ff","802.11","444","-56 dBm","-93 dBm","37 dB","Beacon frame, SN=2055, FN=0, Flags=........C, BI=100, SSID=""Z5319476"""
"67633","21.126654","86:f9:72:ce:b6:cd","ff:ff:ff:ff:ff:ff","802.11","444","-55 dBm","-93 dBm","38 dB","Beacon frame, SN=2056, FN=0, Flags=........C, BI=100, SSID=""Z5319476"""
"67994","21.229071","86:f9:72:ce:b6:cd","ff:ff:ff:ff:ff:ff","802.11","444","-55 dBm","-93 dBm","38 dB","Beacon frame, SN=2057, FN=0, Flags=........C, BI=100, SSID=""Z5319476"""
"68702","21.433716","86:f9:72:ce:b6:cd","ff:ff:ff:ff:ff:ff","802.11","444","-53 dBm","-93 dBm","40 dB","Beacon frame, SN=2059, FN=0, Flags=........C, BI=100, SSID=""Z5319476"""
"69071","21.536101","86:f9:72:ce:b6:cd","ff:ff:ff:ff:ff:ff","802.11","444","-54 dBm","-93 dBm","39 dB","Beacon frame, SN=2060, FN=0, Flags=........C, BI=100, SSID=""Z5319476"""
"69446","21.638803","86:f9:72:ce:b6:cd","ff:ff:ff:ff:ff:ff","802.11","444","-55 dBm","-93 dBm","38 dB","Beacon frame, SN=2061, FN=0, Flags=........C, BI=100, SSID=""Z5319476"""
"69819","21.741094","86:f9:72:ce:b6:cd","ff:ff:ff:ff:ff:ff","802.11","444","-56 dBm","-93 dBm","37 dB","Beacon frame, SN=2062, FN=0, Flags=........C, BI=100, SSID=""Z5319476"""
"70168","21.843293","86:f9:72:ce:b6:cd","ff:ff:ff:ff:ff:ff","802.11","444","-56 dBm","-93 dBm","37 dB","Beacon frame, SN=2063, FN=0, Flags=........C, BI=100, SSID=""Z5319476"""
"70544","21.945712","86:f9:72:ce:b6:cd","ff:ff:ff:ff:ff:ff","802.11","444","-55 dBm","-93 dBm","38 dB","Beacon frame, SN=2064, FN=0, Flags=........C, BI=100, SSID=""Z5319476"""
"70928","22.048084","86:f9:72:ce:b6:cd","ff:ff:ff:ff:ff:ff","802.11","444","-55 dBm","-93 dBm","38 dB","Beacon frame, SN=2065, FN=0, Flags=........C, BI=100, SSID=""Z5319476"""
"71304","22.150569","86:f9:72:ce:b6:cd","ff:ff:ff:ff:ff:ff","802.11","444","-55 dBm","-93 dBm","38 dB","Beacon frame, SN=2066, FN=0, Flags=........C, BI=100, SSID=""Z5319476"""
"71714","22.253158","86:f9:72:ce:b6:cd","ff:ff:ff:ff:ff:ff","802.11","444","-55 dBm","-93 dBm","38 dB","Beacon frame, SN=2067, FN=0, Flags=........C, BI=100, SSID=""Z5319476"""
"72109","22.355251","86:f9:72:ce:b6:cd","ff:ff:ff:ff:ff:ff","802.11","444","-55 dBm","-93 dBm","38 dB","Beacon frame, SN=2068, FN=0, Flags=........C, BI=100, SSID=""Z5319476"""
"72466","22.457685","86:f9:72:ce:b6:cd","ff:ff:ff:ff:ff:ff","802.11","444","-55 dBm","-93 dBm","38 dB","Beacon frame, SN=2069, FN=0, Flags=........C, BI=100, SSID=""Z5319476"""
"72833","22.560018","86:f9:72:ce:b6:cd","ff:ff:ff:ff:ff:ff","802.11","444","-55 dBm","-93 dBm","38 dB","Beacon frame, SN=2070, FN=0, Flags=........C, BI=100, SSID=""Z5319476"""
"73191","22.662494","86:f9:72:ce:b6:cd","ff:ff:ff:ff:ff:ff","802.11","444","-54 dBm","-93 dBm","39 dB","Beacon frame, SN=2071, FN=0, Flags=........C, BI=100, SSID=""Z5319476"""
"73534","22.765107","86:f9:72:ce:b6:cd","ff:ff:ff:ff:ff:ff","802.11","444","-54 dBm","-93 dBm","39 dB","Beacon frame, SN=2072, FN=0, Flags=........C, BI=100, SSID=""Z5319476"""
"73845","22.867356","86:f9:72:ce:b6:cd","ff:ff:ff:ff:ff:ff","802.11","444","-55 dBm","-93 dBm","38 dB","Beacon frame, SN=2073, FN=0, Flags=........C, BI=100, SSID=""Z5319476"""
"74218","22.969916","86:f9:72:ce:b6:cd","ff:ff:ff:ff:ff:ff","802.11","444","-54 dBm","-93 dBm","39 dB","Beacon frame, SN=2074, FN=0, Flags=........C, BI=100, SSID=""Z5319476"""
"74548","23.072022","86:f9:72:ce:b6:cd","ff:ff:ff:ff:ff:ff","802.11","444","-55 dBm","-93 dBm","38 dB","Beacon frame, SN=2075, FN=0, Flags=........C, BI=100, SSID=""Z5319476"""
"74915","23.174446","86:f9:72:ce:b6:cd","ff:ff:ff:ff:ff:ff","802.11","444","-55 dBm","-93 dBm","38 dB","Beacon frame, SN=2076, FN=0, Flags=........C, BI=100, SSID=""Z5319476"""
"75293","23.276823","86:f9:72:ce:b6:cd","ff:ff:ff:ff:ff:ff","802.11","444","-55 dBm","-93 dBm","38 dB","Beacon frame, SN=2077, FN=0, Flags=........C, BI=100, SSID=""Z5319476"""
"75643","23.379193","86:f9:72:ce:b6:cd","ff:ff:ff:ff:ff:ff","802.11","444","-55 dBm","-93 dBm","38 dB","Beacon frame, SN=2078, FN=0, Flags=........C, BI=100, SSID=""Z5319476"""
"75962","23.481978","86:f9:72:ce:b6:cd","ff:ff:ff:ff:ff:ff","802.11","444","-55 dBm","-93 dBm","38 dB","Beacon frame, SN=2079, FN=0, Flags=........C, BI=100, SSID=""Z5319476"""
"76289","23.584007","86:f9:72:ce:b6:cd","ff:ff:ff:ff:ff:ff","802.11","444","-55 dBm","-93 dBm","38 dB","Beacon frame, SN=2080, FN=0, Flags=........C, BI=100, SSID=""Z5319476"""
"77046","23.788790","86:f9:72:ce:b6:cd","ff:ff:ff:ff:ff:ff","802.11","444","-54 dBm","-93 dBm","39 dB","Beacon frame, SN=2082, FN=0, Flags=........C, BI=100, SSID=""Z5319476"""
"77417","23.891262","86:f9:72:ce:b6:cd","ff:ff:ff:ff:ff:ff","802.11","444","-55 dBm","-93 dBm","38 dB","Beacon frame, SN=2083, FN=0, Flags=........C, BI=100, SSID=""Z5319476"""
"77759","23.993574","86:f9:72:ce:b6:cd","ff:ff:ff:ff:ff:ff","802.11","444","-55 dBm","-93 dBm","38 dB","Beacon frame, SN=2084, FN=0, Flags=........C, BI=100, SSID=""Z5319476"""
"78106","24.096108","86:f9:72:ce:b6:cd","ff:ff:ff:ff:ff:ff","802.11","444","-56 dBm","-93 dBm","37 dB","Beacon frame, SN=2085, FN=0, Flags=........C, BI=100, SSID=""Z5319476"""
"78480","24.198418","86:f9:72:ce:b6:cd","ff:ff:ff:ff:ff:ff","802.11","444","-54 dBm","-93 dBm","39 dB","Beacon frame, SN=2086, FN=0, Flags=........C, BI=100, SSID=""Z5319476"""
"78906","24.300797","86:f9:72:ce:b6:cd","ff:ff:ff:ff:ff:ff","802.11","444","-54 dBm","-93 dBm","39 dB","Beacon frame, SN=2087, FN=0, Flags=........C, BI=100, SSID=""Z5319476"""
"79304","24.403175","86:f9:72:ce:b6:cd","ff:ff:ff:ff:ff:ff","802.11","444","-56 dBm","-93 dBm","37 dB","Beacon frame, SN=2088, FN=0, Flags=........C, BI=100, SSID=""Z5319476"""
"79690","24.505815","86:f9:72:ce:b6:cd","ff:ff:ff:ff:ff:ff","802.11","444","-56 dBm","-93 dBm","37 dB","Beacon frame, SN=2089, FN=0, Flags=........C, BI=100, SSID=""Z5319476"""
"80071","24.608187","86:f9:72:ce:b6:cd","ff:ff:ff:ff:ff:ff","802.11","444","-55 dBm","-93 dBm","38 dB","Beacon frame, SN=2090, FN=0, Flags=........C, BI=100, SSID=""Z5319476"""
"80470","24.710627","86:f9:72:ce:b6:cd","ff:ff:ff:ff:ff:ff","802.11","444","-55 dBm","-93 dBm","38 dB","Beacon frame, SN=2091, FN=0, Flags=........C, BI=100, SSID=""Z5319476"""
"80796","24.812789","86:f9:72:ce:b6:cd","ff:ff:ff:ff:ff:ff","802.11","444","-55 dBm","-93 dBm","38 dB","Beacon frame, SN=2092, FN=0, Flags=........C, BI=100, SSID=""Z5319476"""
"81144","24.915170","86:f9:72:ce:b6:cd","ff:ff:ff:ff:ff:ff","802.11","444","-55 dBm","-93 dBm","38 dB","Beacon frame, SN=2093, FN=0, Flags=........C, BI=100, SSID=""Z5319476"""
"81481","25.017568","86:f9:72:ce:b6:cd","ff:ff:ff:ff:ff:ff","802.11","444","-55 dBm","-93 dBm","38 dB","Beacon frame, SN=2094, FN=0, Flags=........C, BI=100, SSID=""Z5319476"""
"81820","25.119984","86:f9:72:ce:b6:cd","ff:ff:ff:ff:ff:ff","802.11","444","-56 dBm","-93 dBm","37 dB","Beacon frame, SN=2096, FN=0, Flags=........C, BI=100, SSID=""Z5319476"""
"82179","25.222424","86:f9:72:ce:b6:cd","ff:ff:ff:ff:ff:ff","802.11","444","-55 dBm","-93 dBm","38 dB","Beacon frame, SN=2097, FN=0, Flags=........C, BI=100, SSID=""Z5319476"""
"82524","25.324734","86:f9:72:ce:b6:cd","ff:ff:ff:ff:ff:ff","802.11","444","-55 dBm","-93 dBm","38 dB","Beacon frame, SN=2098, FN=0, Flags=........C, BI=100, SSID=""Z5319476"""
"82870","25.427127","86:f9:72:ce:b6:cd","ff:ff:ff:ff:ff:ff","802.11","444","-56 dBm","-93 dBm","37 dB","Beacon frame, SN=2099, FN=0, Flags=........C, BI=100, SSID=""Z5319476"""
"83189","25.529536","86:f9:72:ce:b6:cd","ff:ff:ff:ff:ff:ff","802.11","444","-56 dBm","-93 dBm","37 dB","Beacon frame, SN=2100, FN=0, Flags=........C, BI=100, SSID=""Z5319476"""
"83580","25.632026","86:f9:72:ce:b6:cd","ff:ff:ff:ff:ff:ff","802.11","444","-56 dBm","-93 dBm","37 dB","Beacon frame, SN=2101, FN=0, Flags=........C, BI=100, SSID=""Z5319476"""
"84022","25.734615","86:f9:72:ce:b6:cd","ff:ff:ff:ff:ff:ff","802.11","444","-54 dBm","-93 dBm","39 dB","Beacon frame, SN=2102, FN=0, Flags=........C, BI=100, SSID=""Z5319476"""
"84437","25.836970","86:f9:72:ce:b6:cd","ff:ff:ff:ff:ff:ff","802.11","444","-55 dBm","-93 dBm","38 dB","Beacon frame, SN=2103, FN=0, Flags=........C, BI=100, SSID=""Z5319476"""
"84991","25.939096","86:f9:72:ce:b6:cd","ff:ff:ff:ff:ff:ff","802.11","444","-56 dBm","-93 dBm","37 dB","Beacon frame, SN=2104, FN=0, Flags=........C, BI=100, SSID=""Z5319476"""
"85478","26.041604","86:f9:72:ce:b6:cd","ff:ff:ff:ff:ff:ff","802.11","444","-57 dBm","-93 dBm","36 dB","Beacon frame, SN=2105, FN=0, Flags=........C, BI=100, SSID=""Z5319476"""
"85877","26.143952","86:f9:72:ce:b6:cd","ff:ff:ff:ff:ff:ff","802.11","444","-57 dBm","-93 dBm","36 dB","Beacon frame, SN=2106, FN=0, Flags=........C, BI=100, SSID=""Z5319476"""
"86217","26.246375","86:f9:72:ce:b6:cd","ff:ff:ff:ff:ff:ff","802.11","444","-56 dBm","-93 dBm","37 dB","Beacon frame, SN=2107, FN=0, Flags=........C, BI=100, SSID=""Z5319476"""
"86505","26.348709","86:f9:72:ce:b6:cd","ff:ff:ff:ff:ff:ff","802.11","444","-55 dBm","-93 dBm","38 dB","Beacon frame, SN=2108, FN=0, Flags=........C, BI=100, SSID=""Z5319476"""
"86874","26.451102","86:f9:72:ce:b6:cd","ff:ff:ff:ff:ff:ff","802.11","444","-55 dBm","-93 dBm","38 dB","Beacon frame, SN=2109, FN=0, Flags=........C, BI=100, SSID=""Z5319476"""
"87223","26.553609","86:f9:72:ce:b6:cd","ff:ff:ff:ff:ff:ff","802.11","444","-55 dBm","-93 dBm","38 dB","Beacon frame, SN=2110, FN=0, Flags=........C, BI=100, SSID=""Z5319476"""
"87549","26.655909","86:f9:72:ce:b6:cd","ff:ff:ff:ff:ff:ff","802.11","444","-55 dBm","-93 dBm","38 dB","Beacon frame, SN=2111, FN=0, Flags=........C, BI=100, SSID=""Z5319476"""
"87889","26.758542","86:f9:72:ce:b6:cd","ff:ff:ff:ff:ff:ff","802.11","444","-55 dBm","-93 dBm","38 dB","Beacon frame, SN=2112, FN=0, Flags=........C, BI=100, SSID=""Z5319476"""
"88234","26.860652","86:f9:72:ce:b6:cd","ff:ff:ff:ff:ff:ff","802.11","444","-55 dBm","-93 dBm","38 dB","Beacon frame, SN=2113, FN=0, Flags=........C, BI=100, SSID=""Z5319476"""
"88621","26.963514","86:f9:72:ce:b6:cd","ff:ff:ff:ff:ff:ff","802.11","444","-56 dBm","-93 dBm","37 dB","Beacon frame, SN=2114, FN=0, Flags=........C, BI=100, SSID=""Z5319476"""
"89297","27.167913","86:f9:72:ce:b6:cd","ff:ff:ff:ff:ff:ff","802.11","444","-56 dBm","-93 dBm","37 dB","Beacon frame, SN=2116, FN=0, Flags=........C, BI=100, SSID=""Z5319476"""
"89622","27.270272","86:f9:72:ce:b6:cd","ff:ff:ff:ff:ff:ff","802.11","444","-56 dBm","-93 dBm","37 dB","Beacon frame, SN=2117, FN=0, Flags=........C, BI=100, SSID=""Z5319476"""
"90443","27.475712","86:f9:72:ce:b6:cd","ff:ff:ff:ff:ff:ff","802.11","444","-56 dBm","-93 dBm","37 dB","Beacon frame, SN=2119, FN=0, Flags=........C, BI=100, SSID=""Z5319476"""
"90797","27.577416","86:f9:72:ce:b6:cd","ff:ff:ff:ff:ff:ff","802.11","444","-56 dBm","-93 dBm","37 dB","Beacon frame, SN=2120, FN=0, Flags=........C, BI=100, SSID=""Z5319476"""
"91150","27.679922","86:f9:72:ce:b6:cd","ff:ff:ff:ff:ff:ff","802.11","444","-56 dBm","-93 dBm","37 dB","Beacon frame, SN=2121, FN=0, Flags=........C, BI=100, SSID=""Z5319476"""
"91472","27.782222","86:f9:72:ce:b6:cd","ff:ff:ff:ff:ff:ff","802.11","444","-56 dBm","-93 dBm","37 dB","Beacon frame, SN=2122, FN=0, Flags=........C, BI=100, SSID=""Z5319476"""
"91838","27.884682","86:f9:72:ce:b6:cd","ff:ff:ff:ff:ff:ff","802.11","444","-56 dBm","-93 dBm","37 dB","Beacon frame, SN=2123, FN=0, Flags=........C, BI=100, SSID=""Z5319476"""
"92148","27.987345","86:f9:72:ce:b6:cd","ff:ff:ff:ff:ff:ff","802.11","444","-56 dBm","-93 dBm","37 dB","Beacon frame, SN=2124, FN=0, Flags=........C, BI=100, SSID=""Z5319476"""
"92494","28.089544","86:f9:72:ce:b6:cd","ff:ff:ff:ff:ff:ff","802.11","444","-56 dBm","-93 dBm","37 dB","Beacon frame, SN=2125, FN=0, Flags=........C, BI=100, SSID=""Z5319476"""
"93155","28.294284","86:f9:72:ce:b6:cd","ff:ff:ff:ff:ff:ff","802.11","444","-56 dBm","-93 dBm","37 dB","Beacon frame, SN=2127, FN=0, Flags=........C, BI=100, SSID=""Z5319476"""
"93506","28.396610","86:f9:72:ce:b6:cd","ff:ff:ff:ff:ff:ff","802.11","444","-56 dBm","-93 dBm","37 dB","Beacon frame, SN=2128, FN=0, Flags=........C, BI=100, SSID=""Z5319476"""
"93905","28.499013","86:f9:72:ce:b6:cd","ff:ff:ff:ff:ff:ff","802.11","444","-56 dBm","-93 dBm","37 dB","Beacon frame, SN=2129, FN=0, Flags=........C, BI=100, SSID=""Z5319476"""
"94236","28.601415","86:f9:72:ce:b6:cd","ff:ff:ff:ff:ff:ff","802.11","444","-56 dBm","-93 dBm","37 dB","Beacon frame, SN=2130, FN=0, Flags=........C, BI=100, SSID=""Z5319476"""
"94673","28.703462","86:f9:72:ce:b6:cd","ff:ff:ff:ff:ff:ff","802.11","444","-56 dBm","-93 dBm","37 dB","Beacon frame, SN=2131, FN=0, Flags=........C, BI=100, SSID=""Z5319476"""
"94999","28.807530","86:f9:72:ce:b6:cd","ff:ff:ff:ff:ff:ff","802.11","444","-56 dBm","-93 dBm","37 dB","Beacon frame, SN=2132, FN=0, Flags=........C, BI=100, SSID=""Z5319476"""
"95385","28.908574","86:f9:72:ce:b6:cd","ff:ff:ff:ff:ff:ff","802.11","444","-56 dBm","-93 dBm","37 dB","Beacon frame, SN=2133, FN=0, Flags=........C, BI=100, SSID=""Z5319476"""
"95800","29.011314","86:f9:72:ce:b6:cd","ff:ff:ff:ff:ff:ff","802.11","444","-56 dBm","-93 dBm","37 dB","Beacon frame, SN=2134, FN=0, Flags=........C, BI=100, SSID=""Z5319476"""
"96218","29.113325","86:f9:72:ce:b6:cd","ff:ff:ff:ff:ff:ff","802.11","444","-56 dBm","-93 dBm","37 dB","Beacon frame, SN=2135, FN=0, Flags=........C, BI=100, SSID=""Z5319476"""
"96535","29.215801","86:f9:72:ce:b6:cd","ff:ff:ff:ff:ff:ff","802.11","444","-55 dBm","-93 dBm","38 dB","Beacon frame, SN=2136, FN=0, Flags=........C, BI=100, SSID=""Z5319476"""
"96834","29.318251","86:f9:72:ce:b6:cd","ff:ff:ff:ff:ff:ff","802.11","444","-54 dBm","-93 dBm","39 dB","Beacon frame, SN=2137, FN=0, Flags=........C, BI=100, SSID=""Z5319476"""
"97121","29.420594","86:f9:72:ce:b6:cd","ff:ff:ff:ff:ff:ff","802.11","444","-56 dBm","-93 dBm","37 dB","Beacon frame, SN=2138, FN=0, Flags=........C, BI=100, SSID=""Z5319476"""
"97513","29.523183","86:f9:72:ce:b6:cd","ff:ff:ff:ff:ff:ff","802.11","444","-55 dBm","-93 dBm","38 dB","Beacon frame, SN=2139, FN=0, Flags=........C, BI=100, SSID=""Z5319476"""
"97838","29.625420","86:f9:72:ce:b6:cd","ff:ff:ff:ff:ff:ff","802.11","444","-54 dBm","-93 dBm","39 dB","Beacon frame, SN=2140, FN=0, Flags=........C, BI=100, SSID=""Z5319476"""
"98153","29.727767","86:f9:72:ce:b6:cd","ff:ff:ff:ff:ff:ff","802.11","444","-55 dBm","-93 dBm","38 dB","Beacon frame, SN=2141, FN=0, Flags=........C, BI=100, SSID=""Z5319476"""
"98504","29.830169","86:f9:72:ce:b6:cd","ff:ff:ff:ff:ff:ff","802.11","444","-54 dBm","-93 dBm","39 dB","Beacon frame, SN=2142, FN=0, Flags=........C, BI=100, SSID=""Z5319476"""
"98828","29.932818","86:f9:72:ce:b6:cd","ff:ff:ff:ff:ff:ff","802.11","444","-55 dBm","-93 dBm","38 dB","Beacon frame, SN=2143, FN=0, Flags=........C, BI=100, SSID=""Z5319476"""
"99480","30.137651","86:f9:72:ce:b6:cd","ff:ff:ff:ff:ff:ff","802.11","444","-55 dBm","-93 dBm","38 dB","Beacon frame, SN=2145, FN=0, Flags=........C, BI=100, SSID=""Z5319476"""
"99821","30.239778","86:f9:72:ce:b6:cd","ff:ff:ff:ff:ff:ff","802.11","444","-55 dBm","-93 dBm","38 dB","Beacon frame, SN=2146, FN=0, Flags=........C, BI=100, SSID=""Z5319476"""
"100212","30.342437","86:f9:72:ce:b6:cd","ff:ff:ff:ff:ff:ff","802.11","444","-55 dBm","-93 dBm","38 dB","Beacon frame, SN=2147, FN=0, Flags=........C, BI=100, SSID=""Z5319476"""
"100548","30.444564","86:f9:72:ce:b6:cd","ff:ff:ff:ff:ff:ff","802.11","444","-55 dBm","-93 dBm","38 dB","Beacon frame, SN=2148, FN=0, Flags=........C, BI=100, SSID=""Z5319476"""
"101101","30.649397","86:f9:72:ce:b6:cd","ff:ff:ff:ff:ff:ff","802.11","444","-55 dBm","-93 dBm","38 dB","Beacon frame, SN=2150, FN=0, Flags=........C, BI=100, SSID=""Z5319476"""
"101419","30.751769","86:f9:72:ce:b6:cd","ff:ff:ff:ff:ff:ff","802.11","444","-57 dBm","-93 dBm","36 dB","Beacon frame, SN=2151, FN=0, Flags=........C, BI=100, SSID=""Z5319476"""
"101765","30.854137","86:f9:72:ce:b6:cd","ff:ff:ff:ff:ff:ff","802.11","444","-56 dBm","-93 dBm","37 dB","Beacon frame, SN=2152, FN=0, Flags=........C, BI=100, SSID=""Z5319476"""
"102119","30.956510","86:f9:72:ce:b6:cd","ff:ff:ff:ff:ff:ff","802.11","444","-57 dBm","-93 dBm","36 dB","Beacon frame, SN=2153, FN=0, Flags=........C, BI=100, SSID=""Z5319476"""
"102431","31.058942","86:f9:72:ce:b6:cd","ff:ff:ff:ff:ff:ff","802.11","444","-54 dBm","-93 dBm","39 dB","Beacon frame, SN=2154, FN=0, Flags=........C, BI=100, SSID=""Z5319476"""
"102782","31.161603","86:f9:72:ce:b6:cd","ff:ff:ff:ff:ff:ff","802.11","444","-54 dBm","-93 dBm","39 dB","Beacon frame, SN=2155, FN=0, Flags=........C, BI=100, SSID=""Z5319476"""
"103130","31.265239","86:f9:72:ce:b6:cd","ff:ff:ff:ff:ff:ff","802.11","444","-53 dBm","-93 dBm","40 dB","Beacon frame, SN=2156, FN=0, Flags=........C, BI=100, SSID=""Z5319476"""
"103416","31.366128","86:f9:72:ce:b6:cd","ff:ff:ff:ff:ff:ff","802.11","444","-54 dBm","-93 dBm","39 dB","Beacon frame, SN=2157, FN=0, Flags=........C, BI=100, SSID=""Z5319476"""
"103685","31.468493","86:f9:72:ce:b6:cd","ff:ff:ff:ff:ff:ff","802.11","444","-54 dBm","-93 dBm","39 dB","Beacon frame, SN=2158, FN=0, Flags=........C, BI=100, SSID=""Z5319476"""
"104034","31.570966","86:f9:72:ce:b6:cd","ff:ff:ff:ff:ff:ff","802.11","444","-54 dBm","-93 dBm","39 dB","Beacon frame, SN=2159, FN=0, Flags=........C, BI=100, SSID=""Z5319476"""
"104342","31.673238","86:f9:72:ce:b6:cd","ff:ff:ff:ff:ff:ff","802.11","444","-54 dBm","-93 dBm","39 dB","Beacon frame, SN=2160, FN=0, Flags=........C, BI=100, SSID=""Z5319476"""
"104690","31.775665","86:f9:72:ce:b6:cd","ff:ff:ff:ff:ff:ff","802.11","444","-55 dBm","-93 dBm","38 dB","Beacon frame, SN=2161, FN=0, Flags=........C, BI=100, SSID=""Z5319476"""
"105056","31.878114","86:f9:72:ce:b6:cd","ff:ff:ff:ff:ff:ff","802.11","444","-55 dBm","-93 dBm","38 dB","Beacon frame, SN=2162, FN=0, Flags=........C, BI=100, SSID=""Z5319476"""
"105369","31.980486","86:f9:72:ce:b6:cd","ff:ff:ff:ff:ff:ff","802.11","444","-55 dBm","-93 dBm","38 dB","Beacon frame, SN=2163, FN=0, Flags=........C, BI=100, SSID=""Z5319476"""
"105714","32.082813","86:f9:72:ce:b6:cd","ff:ff:ff:ff:ff:ff","802.11","444","-55 dBm","-93 dBm","38 dB","Beacon frame, SN=2164, FN=0, Flags=........C, BI=100, SSID=""Z5319476"""
"106065","32.185286","86:f9:72:ce:b6:cd","ff:ff:ff:ff:ff:ff","802.11","444","-54 dBm","-93 dBm","39 dB","Beacon frame, SN=2165, FN=0, Flags=........C, BI=100, SSID=""Z5319476"""
"106415","32.287604","86:f9:72:ce:b6:cd","ff:ff:ff:ff:ff:ff","802.11","444","-54 dBm","-93 dBm","39 dB","Beacon frame, SN=2166, FN=0, Flags=........C, BI=100, SSID=""Z5319476"""
"106747","32.390113","86:f9:72:ce:b6:cd","ff:ff:ff:ff:ff:ff","802.11","444","-55 dBm","-93 dBm","38 dB","Beacon frame, SN=2167, FN=0, Flags=........C, BI=100, SSID=""Z5319476"""
"107090","32.492489","86:f9:72:ce:b6:cd","ff:ff:ff:ff:ff:ff","802.11","444","-55 dBm","-93 dBm","38 dB","Beacon frame, SN=2168, FN=0, Flags=........C, BI=100, SSID=""Z5319476"""
"107391","32.594997","86:f9:72:ce:b6:cd","ff:ff:ff:ff:ff:ff","802.11","444","-55 dBm","-93 dBm","38 dB","Beacon frame, SN=2169, FN=0, Flags=........C, BI=100, SSID=""Z5319476"""
"107690","32.697512","86:f9:72:ce:b6:cd","ff:ff:ff:ff:ff:ff","802.11","444","-55 dBm","-93 dBm","38 dB","Beacon frame, SN=2170, FN=0, Flags=........C, BI=100, SSID=""Z5319476"""
"108026","32.799599","86:f9:72:ce:b6:cd","ff:ff:ff:ff:ff:ff","802.11","444","-54 dBm","-93 dBm","39 dB","Beacon frame, SN=2171, FN=0, Flags=........C, BI=100, SSID=""Z5319476"""
"108377","32.902402","86:f9:72:ce:b6:cd","ff:ff:ff:ff:ff:ff","802.11","444","-54 dBm","-93 dBm","39 dB","Beacon frame, SN=2172, FN=0, Flags=........C, BI=100, SSID=""Z5319476"""
"108716","33.004690","86:f9:72:ce:b6:cd","ff:ff:ff:ff:ff:ff","802.11","444","-55 dBm","-93 dBm","38 dB","Beacon frame, SN=2173, FN=0, Flags=........C, BI=100, SSID=""Z5319476"""
"109050","33.106842","86:f9:72:ce:b6:cd","ff:ff:ff:ff:ff:ff","802.11","444","-54 dBm","-93 dBm","39 dB","Beacon frame, SN=2174, FN=0, Flags=........C, BI=100, SSID=""Z5319476"""
"109358","33.209242","86:f9:72:ce:b6:cd","ff:ff:ff:ff:ff:ff","802.11","444","-55 dBm","-93 dBm","38 dB","Beacon frame, SN=2175, FN=0, Flags=........C, BI=100, SSID=""Z5319476"""
"109674","33.311634","86:f9:72:ce:b6:cd","ff:ff:ff:ff:ff:ff","802.11","444","-55 dBm","-93 dBm","38 dB","Beacon frame, SN=2176, FN=0, Flags=........C, BI=100, SSID=""Z5319476"""
"109987","33.414036","86:f9:72:ce:b6:cd","ff:ff:ff:ff:ff:ff","802.11","444","-55 dBm","-93 dBm","38 dB","Beacon frame, SN=2177, FN=0, Flags=........C, BI=100, SSID=""Z5319476"""
"110308","33.516323","86:f9:72:ce:b6:cd","ff:ff:ff:ff:ff:ff","802.11","444","-55 dBm","-93 dBm","38 dB","Beacon frame, SN=2178, FN=0, Flags=........C, BI=100, SSID=""Z5319476"""
"110630","33.618800","86:f9:72:ce:b6:cd","ff:ff:ff:ff:ff:ff","802.11","444","-55 dBm","-93 dBm","38 dB","Beacon frame, SN=2179, FN=0, Flags=........C, BI=100, SSID=""Z5319476"""
"110927","33.721212","86:f9:72:ce:b6:cd","ff:ff:ff:ff:ff:ff","802.11","444","-55 dBm","-93 dBm","38 dB","Beacon frame, SN=2180, FN=0, Flags=........C, BI=100, SSID=""Z5319476"""
"111214","33.823579","86:f9:72:ce:b6:cd","ff:ff:ff:ff:ff:ff","802.11","444","-55 dBm","-93 dBm","38 dB","Beacon frame, SN=2181, FN=0, Flags=........C, BI=100, SSID=""Z5319476"""
"111560","33.925977","86:f9:72:ce:b6:cd","ff:ff:ff:ff:ff:ff","802.11","444","-55 dBm","-93 dBm","38 dB","Beacon frame, SN=2182, FN=0, Flags=........C, BI=100, SSID=""Z5319476"""
"111871","34.028363","86:f9:72:ce:b6:cd","ff:ff:ff:ff:ff:ff","802.11","444","-55 dBm","-93 dBm","38 dB","Beacon frame, SN=2183, FN=0, Flags=........C, BI=100, SSID=""Z5319476"""
"112202","34.130776","86:f9:72:ce:b6:cd","ff:ff:ff:ff:ff:ff","802.11","444","-55 dBm","-93 dBm","38 dB","Beacon frame, SN=2184, FN=0, Flags=........C, BI=100, SSID=""Z5319476"""
"112507","34.233115","86:f9:72:ce:b6:cd","ff:ff:ff:ff:ff:ff","802.11","444","-55 dBm","-93 dBm","38 dB","Beacon frame, SN=2185, FN=0, Flags=........C, BI=100, SSID=""Z5319476"""
"112860","34.335596","86:f9:72:ce:b6:cd","ff:ff:ff:ff:ff:ff","802.11","444","-55 dBm","-93 dBm","38 dB","Beacon frame, SN=2186, FN=0, Flags=........C, BI=100, SSID=""Z5319476"""
"113217","34.438056","86:f9:72:ce:b6:cd","ff:ff:ff:ff:ff:ff","802.11","444","-55 dBm","-93 dBm","38 dB","Beacon frame, SN=2187, FN=0, Flags=........C, BI=100, SSID=""Z5319476"""
"113541","34.540356","86:f9:72:ce:b6:cd","ff:ff:ff:ff:ff:ff","802.11","444","-55 dBm","-93 dBm","38 dB","Beacon frame, SN=2188, FN=0, Flags=........C, BI=100, SSID=""Z5319476"""
"113854","34.642782","86:f9:72:ce:b6:cd","ff:ff:ff:ff:ff:ff","802.11","444","-55 dBm","-93 dBm","38 dB","Beacon frame, SN=2189, FN=0, Flags=........C, BI=100, SSID=""Z5319476"""
"114221","34.745153","86:f9:72:ce:b6:cd","ff:ff:ff:ff:ff:ff","802.11","444","-55 dBm","-93 dBm","38 dB","Beacon frame, SN=2190, FN=0, Flags=........C, BI=100, SSID=""Z5319476"""
"114545","34.847812","86:f9:72:ce:b6:cd","ff:ff:ff:ff:ff:ff","802.11","444","-55 dBm","-93 dBm","38 dB","Beacon frame, SN=2191, FN=0, Flags=........C, BI=100, SSID=""Z5319476"""
"114870","34.950229","86:f9:72:ce:b6:cd","ff:ff:ff:ff:ff:ff","802.11","444","-55 dBm","-93 dBm","38 dB","Beacon frame, SN=2192, FN=0, Flags=........C, BI=100, SSID=""Z5319476"""
"115195","35.052442","86:f9:72:ce:b6:cd","ff:ff:ff:ff:ff:ff","802.11","444","-54 dBm","-93 dBm","39 dB","Beacon frame, SN=2193, FN=0, Flags=........C, BI=100, SSID=""Z5319476"""
"115541","35.154987","86:f9:72:ce:b6:cd","ff:ff:ff:ff:ff:ff","802.11","444","-56 dBm","-93 dBm","37 dB","Beacon frame, SN=2194, FN=0, Flags=........C, BI=100, SSID=""Z5319476"""
"115883","35.257366","86:f9:72:ce:b6:cd","ff:ff:ff:ff:ff:ff","802.11","444","-55 dBm","-93 dBm","38 dB","Beacon frame, SN=2195, FN=0, Flags=........C, BI=100, SSID=""Z5319476"""
"116193","35.359784","86:f9:72:ce:b6:cd","ff:ff:ff:ff:ff:ff","802.11","444","-54 dBm","-93 dBm","39 dB","Beacon frame, SN=2196, FN=0, Flags=........C, BI=100, SSID=""Z5319476"""
"116481","35.461922","86:f9:72:ce:b6:cd","ff:ff:ff:ff:ff:ff","802.11","444","-55 dBm","-93 dBm","38 dB","Beacon frame, SN=2197, FN=0, Flags=........C, BI=100, SSID=""Z5319476"""
"116758","35.564614","86:f9:72:ce:b6:cd","ff:ff:ff:ff:ff:ff","802.11","444","-55 dBm","-93 dBm","38 dB","Beacon frame, SN=2198, FN=0, Flags=........C, BI=100, SSID=""Z5319476"""
"117022","35.666708","86:f9:72:ce:b6:cd","ff:ff:ff:ff:ff:ff","802.11","444","-55 dBm","-93 dBm","38 dB","Beacon frame, SN=2199, FN=0, Flags=........C, BI=100, SSID=""Z5319476"""
"117240","35.769105","86:f9:72:ce:b6:cd","ff:ff:ff:ff:ff:ff","802.11","444","-55 dBm","-93 dBm","38 dB","Beacon frame, SN=2200, FN=0, Flags=........C, BI=100, SSID=""Z5319476"""
"117513","35.871548","86:f9:72:ce:b6:cd","ff:ff:ff:ff:ff:ff","802.11","444","-55 dBm","-93 dBm","38 dB","Beacon frame, SN=2201, FN=0, Flags=........C, BI=100, SSID=""Z5319476"""
"117756","35.973872","86:f9:72:ce:b6:cd","ff:ff:ff:ff:ff:ff","802.11","444","-55 dBm","-93 dBm","38 dB","Beacon frame, SN=2202, FN=0, Flags=........C, BI=100, SSID=""Z5319476"""
"118032","36.076302","86:f9:72:ce:b6:cd","ff:ff:ff:ff:ff:ff","802.11","444","-55 dBm","-93 dBm","38 dB","Beacon frame, SN=2203, FN=0, Flags=........C, BI=100, SSID=""Z5319476"""
"118292","36.178695","86:f9:72:ce:b6:cd","ff:ff:ff:ff:ff:ff","802.11","444","-55 dBm","-93 dBm","38 dB","Beacon frame, SN=2204, FN=0, Flags=........C, BI=100, SSID=""Z5319476"""
"118640","36.281083","86:f9:72:ce:b6:cd","ff:ff:ff:ff:ff:ff","802.11","444","-55 dBm","-93 dBm","38 dB","Beacon frame, SN=2205, FN=0, Flags=........C, BI=100, SSID=""Z5319476"""
"118945","36.383761","86:f9:72:ce:b6:cd","ff:ff:ff:ff:ff:ff","802.11","444","-55 dBm","-93 dBm","38 dB","Beacon frame, SN=2206, FN=0, Flags=........C, BI=100, SSID=""Z5319476"""
"119289","36.485880","86:f9:72:ce:b6:cd","ff:ff:ff:ff:ff:ff","802.11","444","-56 dBm","-93 dBm","37 dB","Beacon frame, SN=2207, FN=0, Flags=........C, BI=100, SSID=""Z5319476"""
"119639","36.588255","86:f9:72:ce:b6:cd","ff:ff:ff:ff:ff:ff","802.11","444","-56 dBm","-93 dBm","37 dB","Beacon frame, SN=2208, FN=0, Flags=........C, BI=100, SSID=""Z5319476"""
"119994","36.690953","86:f9:72:ce:b6:cd","ff:ff:ff:ff:ff:ff","802.11","444","-56 dBm","-93 dBm","37 dB","Beacon frame, SN=2209, FN=0, Flags=........C, BI=100, SSID=""Z5319476"""
"120341","36.793176","86:f9:72:ce:b6:cd","ff:ff:ff:ff:ff:ff","802.11","444","-56 dBm","-93 dBm","37 dB","Beacon frame, SN=2210, FN=0, Flags=........C, BI=100, SSID=""Z5319476"""
"120723","36.895483","86:f9:72:ce:b6:cd","ff:ff:ff:ff:ff:ff","802.11","444","-56 dBm","-93 dBm","37 dB","Beacon frame, SN=2211, FN=0, Flags=........C, BI=100, SSID=""Z5319476"""
"121105","36.997841","86:f9:72:ce:b6:cd","ff:ff:ff:ff:ff:ff","802.11","444","-56 dBm","-93 dBm","37 dB","Beacon frame, SN=2212, FN=0, Flags=........C, BI=100, SSID=""Z5319476"""
"121403","37.100525","86:f9:72:ce:b6:cd","ff:ff:ff:ff:ff:ff","802.11","444","-55 dBm","-93 dBm","38 dB","Beacon frame, SN=2213, FN=0, Flags=........C, BI=100, SSID=""Z5319476"""
"121762","37.203055","86:f9:72:ce:b6:cd","ff:ff:ff:ff:ff:ff","802.11","444","-55 dBm","-93 dBm","38 dB","Beacon frame, SN=2214, FN=0, Flags=........C, BI=100, SSID=""Z5319476"""
"122130","37.305024","86:f9:72:ce:b6:cd","ff:ff:ff:ff:ff:ff","802.11","444","-55 dBm","-93 dBm","38 dB","Beacon frame, SN=2215, FN=0, Flags=........C, BI=100, SSID=""Z5319476"""
"122401","37.407451","86:f9:72:ce:b6:cd","ff:ff:ff:ff:ff:ff","802.11","444","-55 dBm","-93 dBm","38 dB","Beacon frame, SN=2216, FN=0, Flags=........C, BI=100, SSID=""Z5319476"""
"122754","37.509898","86:f9:72:ce:b6:cd","ff:ff:ff:ff:ff:ff","802.11","444","-55 dBm","-93 dBm","38 dB","Beacon frame, SN=2217, FN=0, Flags=........C, BI=100, SSID=""Z5319476"""
"123129","37.612230","86:f9:72:ce:b6:cd","ff:ff:ff:ff:ff:ff","802.11","444","-56 dBm","-93 dBm","37 dB","Beacon frame, SN=2218, FN=0, Flags=........C, BI=100, SSID=""Z5319476"""
"123520","37.714687","86:f9:72:ce:b6:cd","ff:ff:ff:ff:ff:ff","802.11","444","-55 dBm","-93 dBm","38 dB","Beacon frame, SN=2219, FN=0, Flags=........C, BI=100, SSID=""Z5319476"""
"123882","37.817182","86:f9:72:ce:b6:cd","ff:ff:ff:ff:ff:ff","802.11","444","-55 dBm","-93 dBm","38 dB","Beacon frame, SN=2220, FN=0, Flags=........C, BI=100, SSID=""Z5319476"""
"124221","37.919402","86:f9:72:ce:b6:cd","ff:ff:ff:ff:ff:ff","802.11","444","-54 dBm","-93 dBm","39 dB","Beacon frame, SN=2221, FN=0, Flags=........C, BI=100, SSID=""Z5319476"""
"124583","38.021984","86:f9:72:ce:b6:cd","ff:ff:ff:ff:ff:ff","802.11","444","-55 dBm","-93 dBm","38 dB","Beacon frame, SN=2222, FN=0, Flags=........C, BI=100, SSID=""Z5319476"""
"124956","38.124053","86:f9:72:ce:b6:cd","ff:ff:ff:ff:ff:ff","802.11","444","-55 dBm","-93 dBm","38 dB","Beacon frame, SN=2223, FN=0, Flags=........C, BI=100, SSID=""Z5319476"""
"125290","38.226628","86:f9:72:ce:b6:cd","ff:ff:ff:ff:ff:ff","802.11","444","-55 dBm","-93 dBm","38 dB","Beacon frame, SN=2224, FN=0, Flags=........C, BI=100, SSID=""Z5319476"""
"125625","38.328984","86:f9:72:ce:b6:cd","ff:ff:ff:ff:ff:ff","802.11","444","-55 dBm","-93 dBm","38 dB","Beacon frame, SN=2225, FN=0, Flags=........C, BI=100, SSID=""Z5319476"""
"125967","38.431413","86:f9:72:ce:b6:cd","ff:ff:ff:ff:ff:ff","802.11","444","-55 dBm","-93 dBm","38 dB","Beacon frame, SN=2226, FN=0, Flags=........C, BI=100, SSID=""Z5319476"""
"126300","38.533822","86:f9:72:ce:b6:cd","ff:ff:ff:ff:ff:ff","802.11","444","-55 dBm","-93 dBm","38 dB","Beacon frame, SN=2227, FN=0, Flags=........C, BI=100, SSID=""Z5319476"""
"126685","38.636262","86:f9:72:ce:b6:cd","ff:ff:ff:ff:ff:ff","802.11","444","-55 dBm","-93 dBm","38 dB","Beacon frame, SN=2228, FN=0, Flags=........C, BI=100, SSID=""Z5319476"""
"127037","38.738587","86:f9:72:ce:b6:cd","ff:ff:ff:ff:ff:ff","802.11","444","-55 dBm","-93 dBm","38 dB","Beacon frame, SN=2229, FN=0, Flags=........C, BI=100, SSID=""Z5319476"""
"127415","38.841029","86:f9:72:ce:b6:cd","ff:ff:ff:ff:ff:ff","802.11","444","-55 dBm","-93 dBm","38 dB","Beacon frame, SN=2230, FN=0, Flags=........C, BI=100, SSID=""Z5319476"""
"127772","38.943407","86:f9:72:ce:b6:cd","ff:ff:ff:ff:ff:ff","802.11","444","-55 dBm","-93 dBm","38 dB","Beacon frame, SN=2231, FN=0, Flags=........C, BI=100, SSID=""Z5319476"""
"128146","39.045813","86:f9:72:ce:b6:cd","ff:ff:ff:ff:ff:ff","802.11","444","-55 dBm","-93 dBm","38 dB","Beacon frame, SN=2232, FN=0, Flags=........C, BI=100, SSID=""Z5319476"""
"128469","39.148173","86:f9:72:ce:b6:cd","ff:ff:ff:ff:ff:ff","802.11","444","-55 dBm","-93 dBm","38 dB","Beacon frame, SN=2233, FN=0, Flags=........C, BI=100, SSID=""Z5319476"""
"128783","39.250878","86:f9:72:ce:b6:cd","ff:ff:ff:ff:ff:ff","802.11","444","-55 dBm","-93 dBm","38 dB","Beacon frame, SN=2234, FN=0, Flags=........C, BI=100, SSID=""Z5319476"""
"129124","39.352989","86:f9:72:ce:b6:cd","ff:ff:ff:ff:ff:ff","802.11","444","-55 dBm","-93 dBm","38 dB","Beacon frame, SN=2235, FN=0, Flags=........C, BI=100, SSID=""Z5319476"""
"129475","39.455337","86:f9:72:ce:b6:cd","ff:ff:ff:ff:ff:ff","802.11","444","-55 dBm","-93 dBm","38 dB","Beacon frame, SN=2236, FN=0, Flags=........C, BI=100, SSID=""Z5319476"""
"129840","39.557899","86:f9:72:ce:b6:cd","ff:ff:ff:ff:ff:ff","802.11","444","-55 dBm","-93 dBm","38 dB","Beacon frame, SN=2237, FN=0, Flags=........C, BI=100, SSID=""Z5319476"""
"130189","39.660439","86:f9:72:ce:b6:cd","ff:ff:ff:ff:ff:ff","802.11","444","-55 dBm","-93 dBm","38 dB","Beacon frame, SN=2238, FN=0, Flags=........C, BI=100, SSID=""Z5319476"""
"130548","39.762539","86:f9:72:ce:b6:cd","ff:ff:ff:ff:ff:ff","802.11","444","-55 dBm","-93 dBm","38 dB","Beacon frame, SN=2239, FN=0, Flags=........C, BI=100, SSID=""Z5319476"""
"130900","39.864923","86:f9:72:ce:b6:cd","ff:ff:ff:ff:ff:ff","802.11","444","-55 dBm","-93 dBm","38 dB","Beacon frame, SN=2240, FN=0, Flags=........C, BI=100, SSID=""Z5319476"""
"131188","39.967079","86:f9:72:ce:b6:cd","ff:ff:ff:ff:ff:ff","802.11","444","-55 dBm","-93 dBm","38 dB","Beacon frame, SN=2241, FN=0, Flags=........C, BI=100, SSID=""Z5319476"""
"131517","40.070399","86:f9:72:ce:b6:cd","ff:ff:ff:ff:ff:ff","802.11","444","-55 dBm","-93 dBm","38 dB","Beacon frame, SN=2242, FN=0, Flags=........C, BI=100, SSID=""Z5319476"""
"131832","40.172384","86:f9:72:ce:b6:cd","ff:ff:ff:ff:ff:ff","802.11","444","-56 dBm","-93 dBm","37 dB","Beacon frame, SN=2243, FN=0, Flags=........C, BI=100, SSID=""Z5319476"""
"132170","40.274533","86:f9:72:ce:b6:cd","ff:ff:ff:ff:ff:ff","802.11","444","-55 dBm","-93 dBm","38 dB","Beacon frame, SN=2244, FN=0, Flags=........C, BI=100, SSID=""Z5319476"""
"132529","40.376926","86:f9:72:ce:b6:cd","ff:ff:ff:ff:ff:ff","802.11","444","-55 dBm","-93 dBm","38 dB","Beacon frame, SN=2245, FN=0, Flags=........C, BI=100, SSID=""Z5319476"""
"132879","40.479326","86:f9:72:ce:b6:cd","ff:ff:ff:ff:ff:ff","802.11","444","-54 dBm","-93 dBm","39 dB","Beacon frame, SN=2246, FN=0, Flags=........C, BI=100, SSID=""Z5319476"""
"133221","40.581784","86:f9:72:ce:b6:cd","ff:ff:ff:ff:ff:ff","802.11","444","-55 dBm","-93 dBm","38 dB","Beacon frame, SN=2247, FN=0, Flags=........C, BI=100, SSID=""Z5319476"""
"133579","40.684191","86:f9:72:ce:b6:cd","ff:ff:ff:ff:ff:ff","802.11","444","-55 dBm","-93 dBm","38 dB","Beacon frame, SN=2248, FN=0, Flags=........C, BI=100, SSID=""Z5319476"""
"133915","40.786461","86:f9:72:ce:b6:cd","ff:ff:ff:ff:ff:ff","802.11","444","-56 dBm","-93 dBm","37 dB","Beacon frame, SN=2249, FN=0, Flags=........C, BI=100, SSID=""Z5319476"""
"134215","40.889004","86:f9:72:ce:b6:cd","ff:ff:ff:ff:ff:ff","802.11","444","-56 dBm","-93 dBm","37 dB","Beacon frame, SN=2250, FN=0, Flags=........C, BI=100, SSID=""Z5319476"""
"134528","40.991274","86:f9:72:ce:b6:cd","ff:ff:ff:ff:ff:ff","802.11","444","-55 dBm","-93 dBm","38 dB","Beacon frame, SN=2251, FN=0, Flags=........C, BI=100, SSID=""Z5319476"""
"134854","41.094038","86:f9:72:ce:b6:cd","ff:ff:ff:ff:ff:ff","802.11","444","-55 dBm","-93 dBm","38 dB","Beacon frame, SN=2252, FN=0, Flags=........C, BI=100, SSID=""Z5319476"""
