"No.","Time","Source","Destination","Protocol","Length","Signal strength (RSSI)","Noise level (dBm)","Signal/noise ratio (dB)","Info"
"231","0.066645","fa:b6:bc:57:2b:fd","ff:ff:ff:ff:ff:ff","802.11","444","-55 dBm","-93 dBm","38 dB","Beacon frame, SN=931, FN=0, Flags=........C, BI=100, SSID=""Z5319476"""
"539","0.168894","fa:b6:bc:57:2b:fd","ff:ff:ff:ff:ff:ff","802.11","444","-55 dBm","-93 dBm","38 dB","Beacon frame, SN=932, FN=0, Flags=........C, BI=100, SSID=""Z5319476"""
"825","0.271297","fa:b6:bc:57:2b:fd","ff:ff:ff:ff:ff:ff","802.11","444","-55 dBm","-93 dBm","38 dB","Beacon frame, SN=933, FN=0, Flags=........C, BI=100, SSID=""Z5319476"""
"1113","0.373706","fa:b6:bc:57:2b:fd","ff:ff:ff:ff:ff:ff","802.11","444","-55 dBm","-93 dBm","38 dB","Beacon frame, SN=934, FN=0, Flags=........C, BI=100, SSID=""Z5319476"""
"1408","0.476139","fa:b6:bc:57:2b:fd","ff:ff:ff:ff:ff:ff","802.11","444","-55 dBm","-93 dBm","38 dB","Beacon frame, SN=935, FN=0, Flags=........C, BI=100, SSID=""Z5319476"""
"1731","0.578895","fa:b6:bc:57:2b:fd","ff:ff:ff:ff:ff:ff","802.11","444","-55 dBm","-93 dBm","38 dB","Beacon frame, SN=936, FN=0, Flags=........C, BI=100, SSID=""Z5319476"""
"2015","0.680910","fa:b6:bc:57:2b:fd","ff:ff:ff:ff:ff:ff","802.11","444","-54 dBm","-93 dBm","39 dB","Beacon frame, SN=937, FN=0, Flags=........C, BI=100, SSID=""Z5319476"""
"2368","0.783345","fa:b6:bc:57:2b:fd","ff:ff:ff:ff:ff:ff","802.11","444","-55 dBm","-93 dBm","38 dB","Beacon frame, SN=938, FN=0, Flags=........C, BI=100, SSID=""Z5319476"""
"2703","0.885921","fa:b6:bc:57:2b:fd","ff:ff:ff:ff:ff:ff","802.11","444","-55 dBm","-93 dBm","38 dB","Beacon frame, SN=939, FN=0, Flags=........C, BI=100, SSID=""Z5319476"""
"3012","0.988469","fa:b6:bc:57:2b:fd","ff:ff:ff:ff:ff:ff","802.11","444","-51 dBm","-93 dBm","42 dB","Beacon frame, SN=940, FN=0, Flags=........C, BI=100, SSID=""Z5319476"""
"3320","1.090522","fa:b6:bc:57:2b:fd","ff:ff:ff:ff:ff:ff","802.11","444","-55 dBm","-93 dBm","38 dB","Beacon frame, SN=941, FN=0, Flags=........C, BI=100, SSID=""Z5319476"""
"3693","1.192901","fa:b6:bc:57:2b:fd","ff:ff:ff:ff:ff:ff","802.11","444","-54 dBm","-93 dBm","39 dB","Beacon frame, SN=942, FN=0, Flags=........C, BI=100, SSID=""Z5319476"""
"4069","1.295570","fa:b6:bc:57:2b:fd","ff:ff:ff:ff:ff:ff","802.11","444","-52 dBm","-93 dBm","41 dB","Beacon frame, SN=943, FN=0, Flags=........C, BI=100, SSID=""Z5319476"""
"4424","1.397677","fa:b6:bc:57:2b:fd","ff:ff:ff:ff:ff:ff","802.11","444","-54 dBm","-93 dBm","39 dB","Beacon frame, SN=944, FN=0, Flags=........C, BI=100, SSID=""Z5319476"""
"4776","1.500066","fa:b6:bc:57:2b:fd","ff:ff:ff:ff:ff:ff","802.11","444","-55 dBm","-93 dBm","38 dB","Beacon frame, SN=945, FN=0, Flags=........C, BI=100, SSID=""Z5319476"""
"5142","1.602655","fa:b6:bc:57:2b:fd","ff:ff:ff:ff:ff:ff","802.11","444","-53 dBm","-93 dBm","40 dB","Beacon frame, SN=946, FN=0, Flags=........C, BI=100, SSID=""Z5319476"""
"5529","1.705153","fa:b6:bc:57:2b:fd","ff:ff:ff:ff:ff:ff","802.11","444","-54 dBm","-93 dBm","39 dB","Beacon frame, SN=947, FN=0, Flags=........C, BI=100, SSID=""Z5319476"""
"5874","1.807517","fa:b6:bc:57:2b:fd","ff:ff:ff:ff:ff:ff","802.11","444","-53 dBm","-93 dBm","40 dB","Beacon frame, SN=948, FN=0, Flags=........C, BI=100, SSID=""Z5319476"""
"6218","1.909793","fa:b6:bc:57:2b:fd","ff:ff:ff:ff:ff:ff","802.11","444","-53 dBm","-93 dBm","40 dB","Beacon frame, SN=949, FN=0, Flags=........C, BI=100, SSID=""Z5319476"""
"6640","2.012362","fa:b6:bc:57:2b:fd","ff:ff:ff:ff:ff:ff","802.11","444","-53 dBm","-93 dBm","40 dB","Beacon frame, SN=950, FN=0, Flags=........C, BI=100, SSID=""Z5319476"""
"7017","2.114421","fa:b6:bc:57:2b:fd","ff:ff:ff:ff:ff:ff","802.11","444","-53 dBm","-93 dBm","40 dB","Beacon frame, SN=951, FN=0, Flags=........C, BI=100, SSID=""Z5319476"""
"7673","2.319277","fa:b6:bc:57:2b:fd","ff:ff:ff:ff:ff:ff","802.11","444","-52 dBm","-93 dBm","41 dB","Beacon frame, SN=953, FN=0, Flags=........C, BI=100, SSID=""Z5319476"""
"8022","2.421728","fa:b6:bc:57:2b:fd","ff:ff:ff:ff:ff:ff","802.11","444","-52 dBm","-93 dBm","41 dB","Beacon frame, SN=954, FN=0, Flags=........C, BI=100, SSID=""Z5319476"""
"8404","2.524034","fa:b6:bc:57:2b:fd","ff:ff:ff:ff:ff:ff","802.11","444","-53 dBm","-93 dBm","40 dB","Beacon frame, SN=955, FN=0, Flags=........C, BI=100, SSID=""Z5319476"""
"8799","2.626667","fa:b6:bc:57:2b:fd","ff:ff:ff:ff:ff:ff","802.11","444","-54 dBm","-93 dBm","39 dB","Beacon frame, SN=956, FN=0, Flags=........C, BI=100, SSID=""Z5319476"""
"9185","2.729092","fa:b6:bc:57:2b:fd","ff:ff:ff:ff:ff:ff","802.11","444","-53 dBm","-93 dBm","40 dB","Beacon frame, SN=957, FN=0, Flags=........C, BI=100, SSID=""Z5319476"""
"9508","2.831493","fa:b6:bc:57:2b:fd","ff:ff:ff:ff:ff:ff","802.11","444","-53 dBm","-93 dBm","40 dB","Beacon frame, SN=958, FN=0, Flags=........C, BI=100, SSID=""Z5319476"""
"9883","2.933526","fa:b6:bc:57:2b:fd","ff:ff:ff:ff:ff:ff","802.11","444","-53 dBm","-93 dBm","40 dB","Beacon frame, SN=959, FN=0, Flags=........C, BI=100, SSID=""Z5319476"""
"10205","3.036018","fa:b6:bc:57:2b:fd","ff:ff:ff:ff:ff:ff","802.11","444","-53 dBm","-93 dBm","40 dB","Beacon frame, SN=960, FN=0, Flags=........C, BI=100, SSID=""Z5319476"""
"10556","3.138456","fa:b6:bc:57:2b:fd","ff:ff:ff:ff:ff:ff","802.11","444","-53 dBm","-93 dBm","40 dB","Beacon frame, SN=961, FN=0, Flags=........C, BI=100, SSID=""Z5319476"""
"10953","3.240811","fa:b6:bc:57:2b:fd","ff:ff:ff:ff:ff:ff","802.11","444","-52 dBm","-93 dBm","41 dB","Beacon frame, SN=962, FN=0, Flags=........C, BI=100, SSID=""Z5319476"""
"11333","3.343495","fa:b6:bc:57:2b:fd","ff:ff:ff:ff:ff:ff","802.11","444","-52 dBm","-93 dBm","41 dB","Beacon frame, SN=963, FN=0, Flags=........C, BI=100, SSID=""Z5319476"""
"11650","3.445898","fa:b6:bc:57:2b:fd","ff:ff:ff:ff:ff:ff","802.11","444","-52 dBm","-93 dBm","41 dB","Beacon frame, SN=964, FN=0, Flags=........C, BI=100, SSID=""Z5319476"""
"12382","3.650371","fa:b6:bc:57:2b:fd","ff:ff:ff:ff:ff:ff","802.11","444","-52 dBm","-93 dBm","41 dB","Beacon frame, SN=966, FN=0, Flags=........C, BI=100, SSID=""Z5319476"""
"12744","3.753049","fa:b6:bc:57:2b:fd","ff:ff:ff:ff:ff:ff","802.11","444","-53 dBm","-93 dBm","40 dB","Beacon frame, SN=967, FN=0, Flags=........C, BI=100, SSID=""Z5319476"""
"13112","3.855403","fa:b6:bc:57:2b:fd","ff:ff:ff:ff:ff:ff","802.11","444","-53 dBm","-93 dBm","40 dB","Beacon frame, SN=968, FN=0, Flags=........C, BI=100, SSID=""Z5319476"""
"13467","3.958811","fa:b6:bc:57:2b:fd","ff:ff:ff:ff:ff:ff","802.11","444","-53 dBm","-93 dBm","40 dB","Beacon frame, SN=969, FN=0, Flags=........C, BI=100, SSID=""Z5319476"""
"13835","4.060234","fa:b6:bc:57:2b:fd","ff:ff:ff:ff:ff:ff","802.11","444","-53 dBm","-93 dBm","40 dB","Beacon frame, SN=970, FN=0, Flags=........C, BI=100, SSID=""Z5319476"""
"14565","4.264844","fa:b6:bc:57:2b:fd","ff:ff:ff:ff:ff:ff","802.11","444","-53 dBm","-93 dBm","40 dB","Beacon frame, SN=972, FN=0, Flags=........C, BI=100, SSID=""Z5319476"""
"14930","4.367166","fa:b6:bc:57:2b:fd","ff:ff:ff:ff:ff:ff","802.11","444","-53 dBm","-93 dBm","40 dB","Beacon frame, SN=973, FN=0, Flags=........C, BI=100, SSID=""Z5319476"""
"15329","4.469841","fa:b6:bc:57:2b:fd","ff:ff:ff:ff:ff:ff","802.11","444","-52 dBm","-93 dBm","41 dB","Beacon frame, SN=974, FN=0, Flags=........C, BI=100, SSID=""Z5319476"""
"15697","4.571934","fa:b6:bc:57:2b:fd","ff:ff:ff:ff:ff:ff","802.11","444","-52 dBm","-93 dBm","41 dB","Beacon frame, SN=975, FN=0, Flags=........C, BI=100, SSID=""Z5319476"""
"16069","4.674328","fa:b6:bc:57:2b:fd","ff:ff:ff:ff:ff:ff","802.11","444","-53 dBm","-93 dBm","40 dB","Beacon frame, SN=976, FN=0, Flags=........C, BI=100, SSID=""Z5319476"""
"16463","4.776348","fa:b6:bc:57:2b:fd","ff:ff:ff:ff:ff:ff","802.11","444","-53 dBm","-93 dBm","40 dB","Beacon frame, SN=977, FN=0, Flags=........C, BI=100, SSID=""Z5319476"""
"16856","4.879111","fa:b6:bc:57:2b:fd","ff:ff:ff:ff:ff:ff","802.11","444","-53 dBm","-93 dBm","40 dB","Beacon frame, SN=978, FN=0, Flags=........C, BI=100, SSID=""Z5319476"""
"17587","5.083900","fa:b6:bc:57:2b:fd","ff:ff:ff:ff:ff:ff","802.11","444","-53 dBm","-93 dBm","40 dB","Beacon frame, SN=980, FN=0, Flags=........C, BI=100, SSID=""Z5319476"""
"17912","5.186295","fa:b6:bc:57:2b:fd","ff:ff:ff:ff:ff:ff","802.11","444","-53 dBm","-93 dBm","40 dB","Beacon frame, SN=981, FN=0, Flags=........C, BI=100, SSID=""Z5319476"""
"18282","5.288688","fa:b6:bc:57:2b:fd","ff:ff:ff:ff:ff:ff","802.11","444","-53 dBm","-93 dBm","40 dB","Beacon frame, SN=982, FN=0, Flags=........C, BI=100, SSID=""Z5319476"""
"18639","5.391108","fa:b6:bc:57:2b:fd","ff:ff:ff:ff:ff:ff","802.11","444","-53 dBm","-93 dBm","40 dB","Beacon frame, SN=983, FN=0, Flags=........C, BI=100, SSID=""Z5319476"""
"19023","5.493476","fa:b6:bc:57:2b:fd","ff:ff:ff:ff:ff:ff","802.11","444","-53 dBm","-93 dBm","40 dB","Beacon frame, SN=984, FN=0, Flags=........C, BI=100, SSID=""Z5319476"""
"19357","5.596106","fa:b6:bc:57:2b:fd","ff:ff:ff:ff:ff:ff","802.11","444","-53 dBm","-93 dBm","40 dB","Beacon frame, SN=985, FN=0, Flags=........C, BI=100, SSID=""Z5319476"""
"19703","5.698565","fa:b6:bc:57:2b:fd","ff:ff:ff:ff:ff:ff","802.11","444","-52 dBm","-93 dBm","41 dB","Beacon frame, SN=986, FN=0, Flags=........C, BI=100, SSID=""Z5319476"""
"20069","5.800684","fa:b6:bc:57:2b:fd","ff:ff:ff:ff:ff:ff","802.11","444","-52 dBm","-93 dBm","41 dB","Beacon frame, SN=987, FN=0, Flags=........C, BI=100, SSID=""Z5319476"""
"20423","5.903096","fa:b6:bc:57:2b:fd","ff:ff:ff:ff:ff:ff","802.11","444","-52 dBm","-93 dBm","41 dB","Beacon frame, SN=988, FN=0, Flags=........C, BI=100, SSID=""Z5319476"""
"20751","6.005811","fa:b6:bc:57:2b:fd","ff:ff:ff:ff:ff:ff","802.11","444","-53 dBm","-93 dBm","40 dB","Beacon frame, SN=989, FN=0, Flags=........C, BI=100, SSID=""Z5319476"""
"21047","6.108153","fa:b6:bc:57:2b:fd","ff:ff:ff:ff:ff:ff","802.11","444","-52 dBm","-93 dBm","41 dB","Beacon frame, SN=990, FN=0, Flags=........C, BI=100, SSID=""Z5319476"""
"21322","6.210311","fa:b6:bc:57:2b:fd","ff:ff:ff:ff:ff:ff","802.11","444","-52 dBm","-93 dBm","41 dB","Beacon frame, SN=991, FN=0, Flags=........C, BI=100, SSID=""Z5319476"""
"21605","6.312886","fa:b6:bc:57:2b:fd","ff:ff:ff:ff:ff:ff","802.11","444","-51 dBm","-93 dBm","42 dB","Beacon frame, SN=992, FN=0, Flags=........C, BI=100, SSID=""Z5319476"""
"21960","6.415184","fa:b6:bc:57:2b:fd","ff:ff:ff:ff:ff:ff","802.11","444","-53 dBm","-93 dBm","40 dB","Beacon frame, SN=993, FN=0, Flags=........C, BI=100, SSID=""Z5319476"""
"22289","6.517736","fa:b6:bc:57:2b:fd","ff:ff:ff:ff:ff:ff","802.11","444","-52 dBm","-93 dBm","41 dB","Beacon frame, SN=994, FN=0, Flags=........C, BI=100, SSID=""Z5319476"""
"22631","6.620028","fa:b6:bc:57:2b:fd","ff:ff:ff:ff:ff:ff","802.11","444","-52 dBm","-93 dBm","41 dB","Beacon frame, SN=995, FN=0, Flags=........C, BI=100, SSID=""Z5319476"""
"22919","6.722215","fa:b6:bc:57:2b:fd","ff:ff:ff:ff:ff:ff","802.11","444","-53 dBm","-93 dBm","40 dB","Beacon frame, SN=996, FN=0, Flags=........C, BI=100, SSID=""Z5319476"""
"23286","6.824710","fa:b6:bc:57:2b:fd","ff:ff:ff:ff:ff:ff","802.11","444","-52 dBm","-93 dBm","41 dB","Beacon frame, SN=997, FN=0, Flags=........C, BI=100, SSID=""Z5319476"""
"23629","6.927106","fa:b6:bc:57:2b:fd","ff:ff:ff:ff:ff:ff","802.11","444","-52 dBm","-93 dBm","41 dB","Beacon frame, SN=998, FN=0, Flags=........C, BI=100, SSID=""Z5319476"""
"23935","7.029416","fa:b6:bc:57:2b:fd","ff:ff:ff:ff:ff:ff","802.11","444","-52 dBm","-93 dBm","41 dB","Beacon frame, SN=999, FN=0, Flags=........C, BI=100, SSID=""Z5319476"""
"24261","7.131771","fa:b6:bc:57:2b:fd","ff:ff:ff:ff:ff:ff","802.11","444","-52 dBm","-93 dBm","41 dB","Beacon frame, SN=1000, FN=0, Flags=........C, BI=100, SSID=""Z5319476"""
"24600","7.234282","fa:b6:bc:57:2b:fd","ff:ff:ff:ff:ff:ff","802.11","444","-52 dBm","-93 dBm","41 dB","Beacon frame, SN=1001, FN=0, Flags=........C, BI=100, SSID=""Z5319476"""
"24938","7.336576","fa:b6:bc:57:2b:fd","ff:ff:ff:ff:ff:ff","802.11","444","-52 dBm","-93 dBm","41 dB","Beacon frame, SN=1002, FN=0, Flags=........C, BI=100, SSID=""Z5319476"""
"25279","7.439012","fa:b6:bc:57:2b:fd","ff:ff:ff:ff:ff:ff","802.11","444","-53 dBm","-93 dBm","40 dB","Beacon frame, SN=1003, FN=0, Flags=........C, BI=100, SSID=""Z5319476"""
"25582","7.541437","fa:b6:bc:57:2b:fd","ff:ff:ff:ff:ff:ff","802.11","444","-53 dBm","-93 dBm","40 dB","Beacon frame, SN=1004, FN=0, Flags=........C, BI=100, SSID=""Z5319476"""
"25927","7.643912","fa:b6:bc:57:2b:fd","ff:ff:ff:ff:ff:ff","802.11","444","-53 dBm","-93 dBm","40 dB","Beacon frame, SN=1005, FN=0, Flags=........C, BI=100, SSID=""Z5319476"""
"26252","7.746216","fa:b6:bc:57:2b:fd","ff:ff:ff:ff:ff:ff","802.11","444","-53 dBm","-93 dBm","40 dB","Beacon frame, SN=1006, FN=0, Flags=........C, BI=100, SSID=""Z5319476"""
"26593","7.848652","fa:b6:bc:57:2b:fd","ff:ff:ff:ff:ff:ff","802.11","444","-51 dBm","-93 dBm","42 dB","Beacon frame, SN=1007, FN=0, Flags=........C, BI=100, SSID=""Z5319476"""
"26884","7.951067","fa:b6:bc:57:2b:fd","ff:ff:ff:ff:ff:ff","802.11","444","-52 dBm","-93 dBm","41 dB","Beacon frame, SN=1008, FN=0, Flags=........C, BI=100, SSID=""Z5319476"""
"27234","8.053395","fa:b6:bc:57:2b:fd","ff:ff:ff:ff:ff:ff","802.11","444","-53 dBm","-93 dBm","40 dB","Beacon frame, SN=1009, FN=0, Flags=........C, BI=100, SSID=""Z5319476"""
"27629","8.156060","fa:b6:bc:57:2b:fd","ff:ff:ff:ff:ff:ff","802.11","444","-52 dBm","-93 dBm","41 dB","Beacon frame, SN=1010, FN=0, Flags=........C, BI=100, SSID=""Z5319476"""
"27965","8.258235","fa:b6:bc:57:2b:fd","ff:ff:ff:ff:ff:ff","802.11","444","-53 dBm","-93 dBm","40 dB","Beacon frame, SN=1011, FN=0, Flags=........C, BI=100, SSID=""Z5319476"""
"28279","8.360844","fa:b6:bc:57:2b:fd","ff:ff:ff:ff:ff:ff","802.11","444","-53 dBm","-93 dBm","40 dB","Beacon frame, SN=1012, FN=0, Flags=........C, BI=100, SSID=""Z5319476"""
"28612","8.463287","fa:b6:bc:57:2b:fd","ff:ff:ff:ff:ff:ff","802.11","444","-52 dBm","-93 dBm","41 dB","Beacon frame, SN=1013, FN=0, Flags=........C, BI=100, SSID=""Z5319476"""
"28927","8.565385","fa:b6:bc:57:2b:fd","ff:ff:ff:ff:ff:ff","802.11","444","-52 dBm","-93 dBm","41 dB","Beacon frame, SN=1014, FN=0, Flags=........C, BI=100, SSID=""Z5319476"""
"29233","8.667770","fa:b6:bc:57:2b:fd","ff:ff:ff:ff:ff:ff","802.11","444","-53 dBm","-93 dBm","40 dB","Beacon frame, SN=1015, FN=0, Flags=........C, BI=100, SSID=""Z5319476"""
"29971","8.872606","fa:b6:bc:57:2b:fd","ff:ff:ff:ff:ff:ff","802.11","444","-53 dBm","-93 dBm","40 dB","Beacon frame, SN=1017, FN=0, Flags=........C, BI=100, SSID=""Z5319476"""
"30336","8.975029","fa:b6:bc:57:2b:fd","ff:ff:ff:ff:ff:ff","802.11","444","-52 dBm","-93 dBm","41 dB","Beacon frame, SN=1018, FN=0, Flags=........C, BI=100, SSID=""Z5319476"""
"30699","9.077328","fa:b6:bc:57:2b:fd","ff:ff:ff:ff:ff:ff","802.11","444","-51 dBm","-93 dBm","42 dB","Beacon frame, SN=1019, FN=0, Flags=........C, BI=100, SSID=""Z5319476"""
"31088","9.180060","fa:b6:bc:57:2b:fd","ff:ff:ff:ff:ff:ff","802.11","444","-52 dBm","-93 dBm","41 dB","Beacon frame, SN=1020, FN=0, Flags=........C, BI=100, SSID=""Z5319476"""
"31452","9.282149","fa:b6:bc:57:2b:fd","ff:ff:ff:ff:ff:ff","802.11","444","-53 dBm","-93 dBm","40 dB","Beacon frame, SN=1021, FN=0, Flags=........C, BI=100, SSID=""Z5319476"""
"31800","9.384519","fa:b6:bc:57:2b:fd","ff:ff:ff:ff:ff:ff","802.11","444","-53 dBm","-93 dBm","40 dB","Beacon frame, SN=1022, FN=0, Flags=........C, BI=100, SSID=""Z5319476"""
"32151","9.486977","fa:b6:bc:57:2b:fd","ff:ff:ff:ff:ff:ff","802.11","444","-53 dBm","-93 dBm","40 dB","Beacon frame, SN=1023, FN=0, Flags=........C, BI=100, SSID=""Z5319476"""
"32514","9.589316","fa:b6:bc:57:2b:fd","ff:ff:ff:ff:ff:ff","802.11","444","-52 dBm","-93 dBm","41 dB","Beacon frame, SN=1024, FN=0, Flags=........C, BI=100, SSID=""Z5319476"""
"32835","9.691735","fa:b6:bc:57:2b:fd","ff:ff:ff:ff:ff:ff","802.11","444","-52 dBm","-93 dBm","41 dB","Beacon frame, SN=1025, FN=0, Flags=........C, BI=100, SSID=""Z5319476"""
"33224","9.793980","fa:b6:bc:57:2b:fd","ff:ff:ff:ff:ff:ff","802.11","444","-53 dBm","-93 dBm","40 dB","Beacon frame, SN=1026, FN=0, Flags=........C, BI=100, SSID=""Z5319476"""
"33539","9.896485","fa:b6:bc:57:2b:fd","ff:ff:ff:ff:ff:ff","802.11","444","-53 dBm","-93 dBm","40 dB","Beacon frame, SN=1027, FN=0, Flags=........C, BI=100, SSID=""Z5319476"""
"33917","9.998903","fa:b6:bc:57:2b:fd","ff:ff:ff:ff:ff:ff","802.11","444","-52 dBm","-93 dBm","41 dB","Beacon frame, SN=1028, FN=0, Flags=........C, BI=100, SSID=""Z5319476"""
"34290","10.101370","fa:b6:bc:57:2b:fd","ff:ff:ff:ff:ff:ff","802.11","444","-52 dBm","-93 dBm","41 dB","Beacon frame, SN=1029, FN=0, Flags=........C, BI=100, SSID=""Z5319476"""
"34628","10.203458","fa:b6:bc:57:2b:fd","ff:ff:ff:ff:ff:ff","802.11","444","-49 dBm","-93 dBm","44 dB","Beacon frame, SN=1030, FN=0, Flags=........C, BI=100, SSID=""Z5319476"""
"34925","10.306107","fa:b6:bc:57:2b:fd","ff:ff:ff:ff:ff:ff","802.11","444","-50 dBm","-93 dBm","43 dB","Beacon frame, SN=1031, FN=0, Flags=........C, BI=100, SSID=""Z5319476"""
"35200","10.408820","fa:b6:bc:57:2b:fd","ff:ff:ff:ff:ff:ff","802.11","444","-49 dBm","-93 dBm","44 dB","Beacon frame, SN=1032, FN=0, Flags=........C, BI=100, SSID=""Z5319476"""
"35531","10.510936","fa:b6:bc:57:2b:fd","ff:ff:ff:ff:ff:ff","802.11","444","-52 dBm","-93 dBm","41 dB","Beacon frame, SN=1033, FN=0, Flags=........C, BI=100, SSID=""Z5319476"""
"35910","10.613655","fa:b6:bc:57:2b:fd","ff:ff:ff:ff:ff:ff","802.11","444","-51 dBm","-93 dBm","42 dB","Beacon frame, SN=1034, FN=0, Flags=........C, BI=100, SSID=""Z5319476"""
"36274","10.715703","fa:b6:bc:57:2b:fd","ff:ff:ff:ff:ff:ff","802.11","444","-52 dBm","-93 dBm","41 dB","Beacon frame, SN=1035, FN=0, Flags=........C, BI=100, SSID=""Z5319476"""
"36610","10.818312","fa:b6:bc:57:2b:fd","ff:ff:ff:ff:ff:ff","802.11","444","-52 dBm","-93 dBm","41 dB","Beacon frame, SN=1036, FN=0, Flags=........C, BI=100, SSID=""Z5319476"""
"36961","10.920725","fa:b6:bc:57:2b:fd","ff:ff:ff:ff:ff:ff","802.11","444","-51 dBm","-93 dBm","42 dB","Beacon frame, SN=1037, FN=0, Flags=........C, BI=100, SSID=""Z5319476"""
"37336","11.022846","fa:b6:bc:57:2b:fd","ff:ff:ff:ff:ff:ff","802.11","444","-51 dBm","-93 dBm","42 dB","Beacon frame, SN=1038, FN=0, Flags=........C, BI=100, SSID=""Z5319476"""
"37694","11.125277","fa:b6:bc:57:2b:fd","ff:ff:ff:ff:ff:ff","802.11","444","-52 dBm","-93 dBm","41 dB","Beacon frame, SN=1039, FN=0, Flags=........C, BI=100, SSID=""Z5319476"""
"38065","11.227652","fa:b6:bc:57:2b:fd","ff:ff:ff:ff:ff:ff","802.11","444","-52 dBm","-93 dBm","41 dB","Beacon frame, SN=1040, FN=0, Flags=........C, BI=100, SSID=""Z5319476"""
"38450","11.329946","fa:b6:bc:57:2b:fd","ff:ff:ff:ff:ff:ff","802.11","444","-52 dBm","-93 dBm","41 dB","Beacon frame, SN=1041, FN=0, Flags=........C, BI=100, SSID=""Z5319476"""
"38807","11.432715","fa:b6:bc:57:2b:fd","ff:ff:ff:ff:ff:ff","802.11","444","-53 dBm","-93 dBm","40 dB","Beacon frame, SN=1042, FN=0, Flags=........C, BI=100, SSID=""Z5319476"""
"39162","11.534862","fa:b6:bc:57:2b:fd","ff:ff:ff:ff:ff:ff","802.11","444","-53 dBm","-93 dBm","40 dB","Beacon frame, SN=1043, FN=0, Flags=........C, BI=100, SSID=""Z5319476"""
"39536","11.637268","fa:b6:bc:57:2b:fd","ff:ff:ff:ff:ff:ff","802.11","444","-53 dBm","-93 dBm","40 dB","Beacon frame, SN=1044, FN=0, Flags=........C, BI=100, SSID=""Z5319476"""
"39927","11.739935","fa:b6:bc:57:2b:fd","ff:ff:ff:ff:ff:ff","802.11","444","-50 dBm","-93 dBm","43 dB","Beacon frame, SN=1045, FN=0, Flags=........C, BI=100, SSID=""Z5319476"""
"40276","11.842284","fa:b6:bc:57:2b:fd","ff:ff:ff:ff:ff:ff","802.11","444","-52 dBm","-93 dBm","41 dB","Beacon frame, SN=1046, FN=0, Flags=........C, BI=100, SSID=""Z5319476"""
"40601","11.944446","fa:b6:bc:57:2b:fd","ff:ff:ff:ff:ff:ff","802.11","444","-52 dBm","-93 dBm","41 dB","Beacon frame, SN=1047, FN=0, Flags=........C, BI=100, SSID=""Z5319476"""
"40965","12.047099","fa:b6:bc:57:2b:fd","ff:ff:ff:ff:ff:ff","802.11","444","-50 dBm","-93 dBm","43 dB","Beacon frame, SN=1048, FN=0, Flags=........C, BI=100, SSID=""Z5319476"""
"41394","12.149456","fa:b6:bc:57:2b:fd","ff:ff:ff:ff:ff:ff","802.11","444","-50 dBm","-93 dBm","43 dB","Beacon frame, SN=1049, FN=0, Flags=........C, BI=100, SSID=""Z5319476"""
"41770","12.251597","fa:b6:bc:57:2b:fd","ff:ff:ff:ff:ff:ff","802.11","444","-50 dBm","-93 dBm","43 dB","Beacon frame, SN=1050, FN=0, Flags=........C, BI=100, SSID=""Z5319476"""
"42157","12.354236","fa:b6:bc:57:2b:fd","ff:ff:ff:ff:ff:ff","802.11","444","-49 dBm","-93 dBm","44 dB","Beacon frame, SN=1051, FN=0, Flags=........C, BI=100, SSID=""Z5319476"""
"42518","12.456432","fa:b6:bc:57:2b:fd","ff:ff:ff:ff:ff:ff","802.11","444","-49 dBm","-93 dBm","44 dB","Beacon frame, SN=1052, FN=0, Flags=........C, BI=100, SSID=""Z5319476"""
"42861","12.559050","fa:b6:bc:57:2b:fd","ff:ff:ff:ff:ff:ff","802.11","444","-50 dBm","-93 dBm","43 dB","Beacon frame, SN=1053, FN=0, Flags=........C, BI=100, SSID=""Z5319476"""
"43202","12.661192","fa:b6:bc:57:2b:fd","ff:ff:ff:ff:ff:ff","802.11","444","-50 dBm","-93 dBm","43 dB","Beacon frame, SN=1054, FN=0, Flags=........C, BI=100, SSID=""Z5319476"""
"43556","12.763922","fa:b6:bc:57:2b:fd","ff:ff:ff:ff:ff:ff","802.11","444","-50 dBm","-93 dBm","43 dB","Beacon frame, SN=1055, FN=0, Flags=........C, BI=100, SSID=""Z5319476"""
"43877","12.866283","fa:b6:bc:57:2b:fd","ff:ff:ff:ff:ff:ff","802.11","444","-50 dBm","-93 dBm","43 dB","Beacon frame, SN=1056, FN=0, Flags=........C, BI=100, SSID=""Z5319476"""
"44181","12.968421","fa:b6:bc:57:2b:fd","ff:ff:ff:ff:ff:ff","802.11","444","-49 dBm","-93 dBm","44 dB","Beacon frame, SN=1057, FN=0, Flags=........C, BI=100, SSID=""Z5319476"""
"44480","13.070764","fa:b6:bc:57:2b:fd","ff:ff:ff:ff:ff:ff","802.11","444","-49 dBm","-93 dBm","44 dB","Beacon frame, SN=1058, FN=0, Flags=........C, BI=100, SSID=""Z5319476"""
"44839","13.173227","fa:b6:bc:57:2b:fd","ff:ff:ff:ff:ff:ff","802.11","444","-50 dBm","-93 dBm","43 dB","Beacon frame, SN=1059, FN=0, Flags=........C, BI=100, SSID=""Z5319476"""
"45228","13.275614","fa:b6:bc:57:2b:fd","ff:ff:ff:ff:ff:ff","802.11","444","-50 dBm","-93 dBm","43 dB","Beacon frame, SN=1060, FN=0, Flags=........C, BI=100, SSID=""Z5319476"""
"45548","13.378039","fa:b6:bc:57:2b:fd","ff:ff:ff:ff:ff:ff","802.11","444","-50 dBm","-93 dBm","43 dB","Beacon frame, SN=1061, FN=0, Flags=........C, BI=100, SSID=""Z5319476"""
"45926","13.480606","fa:b6:bc:57:2b:fd","ff:ff:ff:ff:ff:ff","802.11","444","-48 dBm","-93 dBm","45 dB","Beacon frame, SN=1062, FN=0, Flags=........C, BI=100, SSID=""Z5319476"""
"46224","13.582806","fa:b6:bc:57:2b:fd","ff:ff:ff:ff:ff:ff","802.11","444","-49 dBm","-93 dBm","44 dB","Beacon frame, SN=1063, FN=0, Flags=........C, BI=100, SSID=""Z5319476"""
"46561","13.685437","fa:b6:bc:57:2b:fd","ff:ff:ff:ff:ff:ff","802.11","444","-50 dBm","-93 dBm","43 dB","Beacon frame, SN=1064, FN=0, Flags=........C, BI=100, SSID=""Z5319476"""
"46917","13.787305","fa:b6:bc:57:2b:fd","ff:ff:ff:ff:ff:ff","802.11","444","-50 dBm","-93 dBm","43 dB","Beacon frame, SN=1065, FN=0, Flags=........C, BI=100, SSID=""Z5319476"""
"47253","13.890085","fa:b6:bc:57:2b:fd","ff:ff:ff:ff:ff:ff","802.11","444","-50 dBm","-93 dBm","43 dB","Beacon frame, SN=1066, FN=0, Flags=........C, BI=100, SSID=""Z5319476"""
"47597","13.992271","fa:b6:bc:57:2b:fd","ff:ff:ff:ff:ff:ff","802.11","444","-52 dBm","-93 dBm","41 dB","Beacon frame, SN=1067, FN=0, Flags=........C, BI=100, SSID=""Z5319476"""
"47923","14.094745","fa:b6:bc:57:2b:fd","ff:ff:ff:ff:ff:ff","802.11","444","-50 dBm","-93 dBm","43 dB","Beacon frame, SN=1068, FN=0, Flags=........C, BI=100, SSID=""Z5319476"""
"48254","14.197410","fa:b6:bc:57:2b:fd","ff:ff:ff:ff:ff:ff","802.11","444","-50 dBm","-93 dBm","43 dB","Beacon frame, SN=1069, FN=0, Flags=........C, BI=100, SSID=""Z5319476"""
"48570","14.299537","fa:b6:bc:57:2b:fd","ff:ff:ff:ff:ff:ff","802.11","444","-50 dBm","-93 dBm","43 dB","Beacon frame, SN=1070, FN=0, Flags=........C, BI=100, SSID=""Z5319476"""
"48912","14.401903","fa:b6:bc:57:2b:fd","ff:ff:ff:ff:ff:ff","802.11","444","-50 dBm","-93 dBm","43 dB","Beacon frame, SN=1071, FN=0, Flags=........C, BI=100, SSID=""Z5319476"""
"49192","14.504611","fa:b6:bc:57:2b:fd","ff:ff:ff:ff:ff:ff","802.11","444","-50 dBm","-93 dBm","43 dB","Beacon frame, SN=1072, FN=0, Flags=........C, BI=100, SSID=""Z5319476"""
"49484","14.606760","fa:b6:bc:57:2b:fd","ff:ff:ff:ff:ff:ff","802.11","444","-50 dBm","-93 dBm","43 dB","Beacon frame, SN=1073, FN=0, Flags=........C, BI=100, SSID=""Z5319476"""
"49795","14.709163","fa:b6:bc:57:2b:fd","ff:ff:ff:ff:ff:ff","802.11","444","-50 dBm","-93 dBm","43 dB","Beacon frame, SN=1074, FN=0, Flags=........C, BI=100, SSID=""Z5319476"""
"50149","14.811529","fa:b6:bc:57:2b:fd","ff:ff:ff:ff:ff:ff","802.11","444","-50 dBm","-93 dBm","43 dB","Beacon frame, SN=1075, FN=0, Flags=........C, BI=100, SSID=""Z5319476"""
"50543","14.914059","fa:b6:bc:57:2b:fd","ff:ff:ff:ff:ff:ff","802.11","444","-49 dBm","-93 dBm","44 dB","Beacon frame, SN=1076, FN=0, Flags=........C, BI=100, SSID=""Z5319476"""
"50863","15.016301","fa:b6:bc:57:2b:fd","ff:ff:ff:ff:ff:ff","802.11","444","-50 dBm","-93 dBm","43 dB","Beacon frame, SN=1077, FN=0, Flags=........C, BI=100, SSID=""Z5319476"""
"51499","15.221073","fa:b6:bc:57:2b:fd","ff:ff:ff:ff:ff:ff","802.11","444","-51 dBm","-93 dBm","42 dB","Beacon frame, SN=1079, FN=0, Flags=........C, BI=100, SSID=""Z5319476"""
"51820","15.323463","fa:b6:bc:57:2b:fd","ff:ff:ff:ff:ff:ff","802.11","444","-51 dBm","-93 dBm","42 dB","Beacon frame, SN=1080, FN=0, Flags=........C, BI=100, SSID=""Z5319476"""
"52168","15.425917","fa:b6:bc:57:2b:fd","ff:ff:ff:ff:ff:ff","802.11","444","-52 dBm","-93 dBm","41 dB","Beacon frame, SN=1081, FN=0, Flags=........C, BI=100, SSID=""Z5319476"""
"52506","15.528245","fa:b6:bc:57:2b:fd","ff:ff:ff:ff:ff:ff","802.11","444","-52 dBm","-93 dBm","41 dB","Beacon frame, SN=1082, FN=0, Flags=........C, BI=100, SSID=""Z5319476"""
"52842","15.630733","fa:b6:bc:57:2b:fd","ff:ff:ff:ff:ff:ff","802.11","444","-51 dBm","-93 dBm","42 dB","Beacon frame, SN=1083, FN=0, Flags=........C, BI=100, SSID=""Z5319476"""
"53189","15.733184","fa:b6:bc:57:2b:fd","ff:ff:ff:ff:ff:ff","802.11","444","-50 dBm","-93 dBm","43 dB","Beacon frame, SN=1084, FN=0, Flags=........C, BI=100, SSID=""Z5319476"""
"53550","15.835739","fa:b6:bc:57:2b:fd","ff:ff:ff:ff:ff:ff","802.11","444","-51 dBm","-93 dBm","42 dB","Beacon frame, SN=1085, FN=0, Flags=........C, BI=100, SSID=""Z5319476"""
"54038","15.938149","fa:b6:bc:57:2b:fd","ff:ff:ff:ff:ff:ff","802.11","444","-52 dBm","-93 dBm","41 dB","Beacon frame, SN=1086, FN=0, Flags=........C, BI=100, SSID=""Z5319476"""
"54402","16.040549","fa:b6:bc:57:2b:fd","ff:ff:ff:ff:ff:ff","802.11","444","-50 dBm","-93 dBm","43 dB","Beacon frame, SN=1087, FN=0, Flags=........C, BI=100, SSID=""Z5319476"""
"54763","16.142663","fa:b6:bc:57:2b:fd","ff:ff:ff:ff:ff:ff","802.11","444","-50 dBm","-93 dBm","43 dB","Beacon frame, SN=1088, FN=0, Flags=........C, BI=100, SSID=""Z5319476"""
"55130","16.245337","fa:b6:bc:57:2b:fd","ff:ff:ff:ff:ff:ff","802.11","444","-50 dBm","-93 dBm","43 dB","Beacon frame, SN=1089, FN=0, Flags=........C, BI=100, SSID=""Z5319476"""
"55517","16.347450","fa:b6:bc:57:2b:fd","ff:ff:ff:ff:ff:ff","802.11","444","-52 dBm","-93 dBm","41 dB","Beacon frame, SN=1090, FN=0, Flags=........C, BI=100, SSID=""Z5319476"""
"55909","16.450128","fa:b6:bc:57:2b:fd","ff:ff:ff:ff:ff:ff","802.11","444","-53 dBm","-93 dBm","40 dB","Beacon frame, SN=1091, FN=0, Flags=........C, BI=100, SSID=""Z5319476"""
"56286","16.552290","fa:b6:bc:57:2b:fd","ff:ff:ff:ff:ff:ff","802.11","444","-53 dBm","-93 dBm","40 dB","Beacon frame, SN=1092, FN=0, Flags=........C, BI=100, SSID=""Z5319476"""
"56665","16.654649","fa:b6:bc:57:2b:fd","ff:ff:ff:ff:ff:ff","802.11","444","-52 dBm","-93 dBm","41 dB","Beacon frame, SN=1093, FN=0, Flags=........C, BI=100, SSID=""Z5319476"""
"57030","16.757061","fa:b6:bc:57:2b:fd","ff:ff:ff:ff:ff:ff","802.11","444","-53 dBm","-93 dBm","40 dB","Beacon frame, SN=1094, FN=0, Flags=........C, BI=100, SSID=""Z5319476"""
"57368","16.859726","fa:b6:bc:57:2b:fd","ff:ff:ff:ff:ff:ff","802.11","444","-53 dBm","-93 dBm","40 dB","Beacon frame, SN=1095, FN=0, Flags=........C, BI=100, SSID=""Z5319476"""
"57786","16.962074","fa:b6:bc:57:2b:fd","ff:ff:ff:ff:ff:ff","802.11","444","-52 dBm","-93 dBm","41 dB","Beacon frame, SN=1096, FN=0, Flags=........C, BI=100, SSID=""Z5319476"""
"58154","17.064280","fa:b6:bc:57:2b:fd","ff:ff:ff:ff:ff:ff","802.11","444","-52 dBm","-93 dBm","41 dB","Beacon frame, SN=1097, FN=0, Flags=........C, BI=100, SSID=""Z5319476"""
"58547","17.166633","fa:b6:bc:57:2b:fd","ff:ff:ff:ff:ff:ff","802.11","444","-53 dBm","-93 dBm","40 dB","Beacon frame, SN=1098, FN=0, Flags=........C, BI=100, SSID=""Z5319476"""
"58934","17.269063","fa:b6:bc:57:2b:fd","ff:ff:ff:ff:ff:ff","802.11","444","-52 dBm","-93 dBm","41 dB","Beacon frame, SN=1099, FN=0, Flags=........C, BI=100, SSID=""Z5319476"""
"59264","17.371455","fa:b6:bc:57:2b:fd","ff:ff:ff:ff:ff:ff","802.11","444","-52 dBm","-93 dBm","41 dB","Beacon frame, SN=1100, FN=0, Flags=........C, BI=100, SSID=""Z5319476"""
"59549","17.474142","fa:b6:bc:57:2b:fd","ff:ff:ff:ff:ff:ff","802.11","444","-51 dBm","-93 dBm","42 dB","Beacon frame, SN=1101, FN=0, Flags=........C, BI=100, SSID=""Z5319476"""
"59851","17.576208","fa:b6:bc:57:2b:fd","ff:ff:ff:ff:ff:ff","802.11","444","-51 dBm","-93 dBm","42 dB","Beacon frame, SN=1102, FN=0, Flags=........C, BI=100, SSID=""Z5319476"""
"60202","17.678898","fa:b6:bc:57:2b:fd","ff:ff:ff:ff:ff:ff","802.11","444","-52 dBm","-93 dBm","41 dB","Beacon frame, SN=1103, FN=0, Flags=........C, BI=100, SSID=""Z5319476"""
"60508","17.781281","fa:b6:bc:57:2b:fd","ff:ff:ff:ff:ff:ff","802.11","444","-52 dBm","-93 dBm","41 dB","Beacon frame, SN=1104, FN=0, Flags=........C, BI=100, SSID=""Z5319476"""
"60814","17.883392","fa:b6:bc:57:2b:fd","ff:ff:ff:ff:ff:ff","802.11","444","-52 dBm","-93 dBm","41 dB","Beacon frame, SN=1105, FN=0, Flags=........C, BI=100, SSID=""Z5319476"""
"61069","17.986020","fa:b6:bc:57:2b:fd","ff:ff:ff:ff:ff:ff","802.11","444","-51 dBm","-93 dBm","42 dB","Beacon frame, SN=1106, FN=0, Flags=........C, BI=100, SSID=""Z5319476"""
"61393","18.088437","fa:b6:bc:57:2b:fd","ff:ff:ff:ff:ff:ff","802.11","444","-52 dBm","-93 dBm","41 dB","Beacon frame, SN=1107, FN=0, Flags=........C, BI=100, SSID=""Z5319476"""
"62014","18.292946","fa:b6:bc:57:2b:fd","ff:ff:ff:ff:ff:ff","802.11","444","-52 dBm","-93 dBm","41 dB","Beacon frame, SN=1109, FN=0, Flags=........C, BI=100, SSID=""Z5319476"""
"62350","18.395302","fa:b6:bc:57:2b:fd","ff:ff:ff:ff:ff:ff","802.11","444","-52 dBm","-93 dBm","41 dB","Beacon frame, SN=1110, FN=0, Flags=........C, BI=100, SSID=""Z5319476"""
"63024","18.600450","fa:b6:bc:57:2b:fd","ff:ff:ff:ff:ff:ff","802.11","444","-52 dBm","-93 dBm","41 dB","Beacon frame, SN=1112, FN=0, Flags=........C, BI=100, SSID=""Z5319476"""
"63385","18.702570","fa:b6:bc:57:2b:fd","ff:ff:ff:ff:ff:ff","802.11","444","-52 dBm","-93 dBm","41 dB","Beacon frame, SN=1113, FN=0, Flags=........C, BI=100, SSID=""Z5319476"""
"63737","18.805208","fa:b6:bc:57:2b:fd","ff:ff:ff:ff:ff:ff","802.11","444","-52 dBm","-93 dBm","41 dB","Beacon frame, SN=1114, FN=0, Flags=........C, BI=100, SSID=""Z5319476"""
"64127","18.907633","fa:b6:bc:57:2b:fd","ff:ff:ff:ff:ff:ff","802.11","444","-52 dBm","-93 dBm","41 dB","Beacon frame, SN=1115, FN=0, Flags=........C, BI=100, SSID=""Z5319476"""
"64471","19.009750","fa:b6:bc:57:2b:fd","ff:ff:ff:ff:ff:ff","802.11","444","-51 dBm","-93 dBm","42 dB","Beacon frame, SN=1116, FN=0, Flags=........C, BI=100, SSID=""Z5319476"""
"64754","19.112508","fa:b6:bc:57:2b:fd","ff:ff:ff:ff:ff:ff","802.11","444","-52 dBm","-93 dBm","41 dB","Beacon frame, SN=1117, FN=0, Flags=........C, BI=100, SSID=""Z5319476"""
"65071","19.214613","fa:b6:bc:57:2b:fd","ff:ff:ff:ff:ff:ff","802.11","444","-52 dBm","-93 dBm","41 dB","Beacon frame, SN=1118, FN=0, Flags=........C, BI=100, SSID=""Z5319476"""
"65421","19.317398","fa:b6:bc:57:2b:fd","ff:ff:ff:ff:ff:ff","802.11","444","-52 dBm","-93 dBm","41 dB","Beacon frame, SN=1119, FN=0, Flags=........C, BI=100, SSID=""Z5319476"""
"66130","19.521724","fa:b6:bc:57:2b:fd","ff:ff:ff:ff:ff:ff","802.11","444","-52 dBm","-93 dBm","41 dB","Beacon frame, SN=1121, FN=0, Flags=........C, BI=100, SSID=""Z5319476"""
"66460","19.624369","fa:b6:bc:57:2b:fd","ff:ff:ff:ff:ff:ff","802.11","444","-52 dBm","-93 dBm","41 dB","Beacon frame, SN=1122, FN=0, Flags=........C, BI=100, SSID=""Z5319476"""
"66804","19.726722","fa:b6:bc:57:2b:fd","ff:ff:ff:ff:ff:ff","802.11","444","-52 dBm","-93 dBm","41 dB","Beacon frame, SN=1123, FN=0, Flags=........C, BI=100, SSID=""Z5319476"""
"67180","19.829176","fa:b6:bc:57:2b:fd","ff:ff:ff:ff:ff:ff","802.11","444","-52 dBm","-93 dBm","41 dB","Beacon frame, SN=1124, FN=0, Flags=........C, BI=100, SSID=""Z5319476"""
"67535","19.931534","fa:b6:bc:57:2b:fd","ff:ff:ff:ff:ff:ff","802.11","444","-52 dBm","-93 dBm","41 dB","Beacon frame, SN=1125, FN=0, Flags=........C, BI=100, SSID=""Z5319476"""
"67885","20.033984","fa:b6:bc:57:2b:fd","ff:ff:ff:ff:ff:ff","802.11","444","-51 dBm","-93 dBm","42 dB","Beacon frame, SN=1126, FN=0, Flags=........C, BI=100, SSID=""Z5319476"""
"68213","20.136053","fa:b6:bc:57:2b:fd","ff:ff:ff:ff:ff:ff","802.11","444","-52 dBm","-93 dBm","41 dB","Beacon frame, SN=1127, FN=0, Flags=........C, BI=100, SSID=""Z5319476"""
"68561","20.238738","fa:b6:bc:57:2b:fd","ff:ff:ff:ff:ff:ff","802.11","444","-52 dBm","-93 dBm","41 dB","Beacon frame, SN=1128, FN=0, Flags=........C, BI=100, SSID=""Z5319476"""
"68889","20.340886","fa:b6:bc:57:2b:fd","ff:ff:ff:ff:ff:ff","802.11","444","-52 dBm","-93 dBm","41 dB","Beacon frame, SN=1129, FN=0, Flags=........C, BI=100, SSID=""Z5319476"""
"69247","20.443350","fa:b6:bc:57:2b:fd","ff:ff:ff:ff:ff:ff","802.11","444","-52 dBm","-93 dBm","41 dB","Beacon frame, SN=1130, FN=0, Flags=........C, BI=100, SSID=""Z5319476"""
"69908","20.648312","fa:b6:bc:57:2b:fd","ff:ff:ff:ff:ff:ff","802.11","444","-52 dBm","-93 dBm","41 dB","Beacon frame, SN=1132, FN=0, Flags=........C, BI=100, SSID=""Z5319476"""
"70233","20.750513","fa:b6:bc:57:2b:fd","ff:ff:ff:ff:ff:ff","802.11","444","-52 dBm","-93 dBm","41 dB","Beacon frame, SN=1133, FN=0, Flags=........C, BI=100, SSID=""Z5319476"""
"70599","20.852990","fa:b6:bc:57:2b:fd","ff:ff:ff:ff:ff:ff","802.11","444","-52 dBm","-93 dBm","41 dB","Beacon frame, SN=1134, FN=0, Flags=........C, BI=100, SSID=""Z5319476"""
"70940","20.955533","fa:b6:bc:57:2b:fd","ff:ff:ff:ff:ff:ff","802.11","444","-52 dBm","-93 dBm","41 dB","Beacon frame, SN=1135, FN=0, Flags=........C, BI=100, SSID=""Z5319476"""
"71301","21.057643","fa:b6:bc:57:2b:fd","ff:ff:ff:ff:ff:ff","802.11","444","-52 dBm","-93 dBm","41 dB","Beacon frame, SN=1136, FN=0, Flags=........C, BI=100, SSID=""Z5319476"""
"71589","21.160097","fa:b6:bc:57:2b:fd","ff:ff:ff:ff:ff:ff","802.11","444","-52 dBm","-93 dBm","41 dB","Beacon frame, SN=1137, FN=0, Flags=........C, BI=100, SSID=""Z5319476"""
"71897","21.262500","fa:b6:bc:57:2b:fd","ff:ff:ff:ff:ff:ff","802.11","444","-52 dBm","-93 dBm","41 dB","Beacon frame, SN=1138, FN=0, Flags=........C, BI=100, SSID=""Z5319476"""
"72263","21.364575","fa:b6:bc:57:2b:fd","ff:ff:ff:ff:ff:ff","802.11","444","-52 dBm","-93 dBm","41 dB","Beacon frame, SN=1139, FN=0, Flags=........C, BI=100, SSID=""Z5319476"""
"72621","21.467268","fa:b6:bc:57:2b:fd","ff:ff:ff:ff:ff:ff","802.11","444","-52 dBm","-93 dBm","41 dB","Beacon frame, SN=1140, FN=0, Flags=........C, BI=100, SSID=""Z5319476"""
"72950","21.569612","fa:b6:bc:57:2b:fd","ff:ff:ff:ff:ff:ff","802.11","444","-51 dBm","-93 dBm","42 dB","Beacon frame, SN=1141, FN=0, Flags=........C, BI=100, SSID=""Z5319476"""
"73300","21.672279","fa:b6:bc:57:2b:fd","ff:ff:ff:ff:ff:ff","802.11","444","-52 dBm","-93 dBm","41 dB","Beacon frame, SN=1142, FN=0, Flags=........C, BI=100, SSID=""Z5319476"""
"73623","21.774765","fa:b6:bc:57:2b:fd","ff:ff:ff:ff:ff:ff","802.11","444","-51 dBm","-93 dBm","42 dB","Beacon frame, SN=1143, FN=0, Flags=........C, BI=100, SSID=""Z5319476"""
"73931","21.877104","fa:b6:bc:57:2b:fd","ff:ff:ff:ff:ff:ff","802.11","444","-52 dBm","-93 dBm","41 dB","Beacon frame, SN=1144, FN=0, Flags=........C, BI=100, SSID=""Z5319476"""
"74260","21.979282","fa:b6:bc:57:2b:fd","ff:ff:ff:ff:ff:ff","802.11","444","-52 dBm","-93 dBm","41 dB","Beacon frame, SN=1145, FN=0, Flags=........C, BI=100, SSID=""Z5319476"""
"74624","22.081624","fa:b6:bc:57:2b:fd","ff:ff:ff:ff:ff:ff","802.11","444","-52 dBm","-93 dBm","41 dB","Beacon frame, SN=1146, FN=0, Flags=........C, BI=100, SSID=""Z5319476"""
"75013","22.184046","fa:b6:bc:57:2b:fd","ff:ff:ff:ff:ff:ff","802.11","444","-52 dBm","-93 dBm","41 dB","Beacon frame, SN=1147, FN=0, Flags=........C, BI=100, SSID=""Z5319476"""
"75407","22.286677","fa:b6:bc:57:2b:fd","ff:ff:ff:ff:ff:ff","802.11","444","-51 dBm","-93 dBm","42 dB","Beacon frame, SN=1148, FN=0, Flags=........C, BI=100, SSID=""Z5319476"""
"75754","22.388831","fa:b6:bc:57:2b:fd","ff:ff:ff:ff:ff:ff","802.11","444","-51 dBm","-93 dBm","42 dB","Beacon frame, SN=1149, FN=0, Flags=........C, BI=100, SSID=""Z5319476"""
"76078","22.491176","fa:b6:bc:57:2b:fd","ff:ff:ff:ff:ff:ff","802.11","444","-52 dBm","-93 dBm","41 dB","Beacon frame, SN=1150, FN=0, Flags=........C, BI=100, SSID=""Z5319476"""
"76394","22.593896","fa:b6:bc:57:2b:fd","ff:ff:ff:ff:ff:ff","802.11","444","-51 dBm","-93 dBm","42 dB","Beacon frame, SN=1151, FN=0, Flags=........C, BI=100, SSID=""Z5319476"""
"76738","22.695962","fa:b6:bc:57:2b:fd","ff:ff:ff:ff:ff:ff","802.11","444","-52 dBm","-93 dBm","41 dB","Beacon frame, SN=1152, FN=0, Flags=........C, BI=100, SSID=""Z5319476"""
"77088","22.798689","fa:b6:bc:57:2b:fd","ff:ff:ff:ff:ff:ff","802.11","444","-51 dBm","-93 dBm","42 dB","Beacon frame, SN=1153, FN=0, Flags=........C, BI=100, SSID=""Z5319476"""
"77436","22.901010","fa:b6:bc:57:2b:fd","ff:ff:ff:ff:ff:ff","802.11","444","-51 dBm","-93 dBm","42 dB","Beacon frame, SN=1154, FN=0, Flags=........C, BI=100, SSID=""Z5319476"""
"77786","23.006822","fa:b6:bc:57:2b:fd","ff:ff:ff:ff:ff:ff","802.11","444","-51 dBm","-93 dBm","42 dB","Beacon frame, SN=1155, FN=0, Flags=........C, BI=100, SSID=""Z5319476"""
"78136","23.105849","fa:b6:bc:57:2b:fd","ff:ff:ff:ff:ff:ff","802.11","444","-51 dBm","-93 dBm","42 dB","Beacon frame, SN=1156, FN=0, Flags=........C, BI=100, SSID=""Z5319476"""
"78491","23.207963","fa:b6:bc:57:2b:fd","ff:ff:ff:ff:ff:ff","802.11","444","-52 dBm","-93 dBm","41 dB","Beacon frame, SN=1157, FN=0, Flags=........C, BI=100, SSID=""Z5319476"""
"78826","23.310421","fa:b6:bc:57:2b:fd","ff:ff:ff:ff:ff:ff","802.11","444","-53 dBm","-93 dBm","40 dB","Beacon frame, SN=1158, FN=0, Flags=........C, BI=100, SSID=""Z5319476"""
"79167","23.413144","fa:b6:bc:57:2b:fd","ff:ff:ff:ff:ff:ff","802.11","444","-52 dBm","-93 dBm","41 dB","Beacon frame, SN=1159, FN=0, Flags=........C, BI=100, SSID=""Z5319476"""
"79518","23.515280","fa:b6:bc:57:2b:fd","ff:ff:ff:ff:ff:ff","802.11","444","-52 dBm","-93 dBm","41 dB","Beacon frame, SN=1160, FN=0, Flags=........C, BI=100, SSID=""Z5319476"""
"79870","23.617335","fa:b6:bc:57:2b:fd","ff:ff:ff:ff:ff:ff","802.11","444","-53 dBm","-93 dBm","40 dB","Beacon frame, SN=1161, FN=0, Flags=........C, BI=100, SSID=""Z5319476"""
"80562","23.822060","fa:b6:bc:57:2b:fd","ff:ff:ff:ff:ff:ff","802.11","444","-52 dBm","-93 dBm","41 dB","Beacon frame, SN=1163, FN=0, Flags=........C, BI=100, SSID=""Z5319476"""
"81242","24.027122","fa:b6:bc:57:2b:fd","ff:ff:ff:ff:ff:ff","802.11","444","-51 dBm","-93 dBm","42 dB","Beacon frame, SN=1165, FN=0, Flags=........C, BI=100, SSID=""Z5319476"""
"81613","24.129578","fa:b6:bc:57:2b:fd","ff:ff:ff:ff:ff:ff","802.11","444","-52 dBm","-93 dBm","41 dB","Beacon frame, SN=1166, FN=0, Flags=........C, BI=100, SSID=""Z5319476"""
"81924","24.232360","fa:b6:bc:57:2b:fd","ff:ff:ff:ff:ff:ff","802.11","444","-51 dBm","-93 dBm","42 dB","Beacon frame, SN=1167, FN=0, Flags=........C, BI=100, SSID=""Z5319476"""
"82276","24.334571","fa:b6:bc:57:2b:fd","ff:ff:ff:ff:ff:ff","802.11","444","-52 dBm","-93 dBm","41 dB","Beacon frame, SN=1168, FN=0, Flags=........C, BI=100, SSID=""Z5319476"""
"82637","24.436683","fa:b6:bc:57:2b:fd","ff:ff:ff:ff:ff:ff","802.11","444","-52 dBm","-93 dBm","41 dB","Beacon frame, SN=1169, FN=0, Flags=........C, BI=100, SSID=""Z5319476"""
"82972","24.539125","fa:b6:bc:57:2b:fd","ff:ff:ff:ff:ff:ff","802.11","444","-52 dBm","-93 dBm","41 dB","Beacon frame, SN=1170, FN=0, Flags=........C, BI=100, SSID=""Z5319476"""
"83287","24.641486","fa:b6:bc:57:2b:fd","ff:ff:ff:ff:ff:ff","802.11","444","-52 dBm","-93 dBm","41 dB","Beacon frame, SN=1171, FN=0, Flags=........C, BI=100, SSID=""Z5319476"""
"83662","24.744162","fa:b6:bc:57:2b:fd","ff:ff:ff:ff:ff:ff","802.11","444","-52 dBm","-93 dBm","41 dB","Beacon frame, SN=1172, FN=0, Flags=........C, BI=100, SSID=""Z5319476"""
"83986","24.846580","fa:b6:bc:57:2b:fd","ff:ff:ff:ff:ff:ff","802.11","444","-52 dBm","-93 dBm","41 dB","Beacon frame, SN=1173, FN=0, Flags=........C, BI=100, SSID=""Z5319476"""
"84283","24.948663","fa:b6:bc:57:2b:fd","ff:ff:ff:ff:ff:ff","802.11","444","-51 dBm","-93 dBm","42 dB","Beacon frame, SN=1174, FN=0, Flags=........C, BI=100, SSID=""Z5319476"""
"84584","25.051069","fa:b6:bc:57:2b:fd","ff:ff:ff:ff:ff:ff","802.11","444","-51 dBm","-93 dBm","42 dB","Beacon frame, SN=1175, FN=0, Flags=........C, BI=100, SSID=""Z5319476"""
"84877","25.153470","fa:b6:bc:57:2b:fd","ff:ff:ff:ff:ff:ff","802.11","444","-52 dBm","-93 dBm","41 dB","Beacon frame, SN=1176, FN=0, Flags=........C, BI=100, SSID=""Z5319476"""
"85257","25.255808","fa:b6:bc:57:2b:fd","ff:ff:ff:ff:ff:ff","802.11","444","-52 dBm","-93 dBm","41 dB","Beacon frame, SN=1177, FN=0, Flags=........C, BI=100, SSID=""Z5319476"""
"85599","25.358564","fa:b6:bc:57:2b:fd","ff:ff:ff:ff:ff:ff","802.11","444","-52 dBm","-93 dBm","41 dB","Beacon frame, SN=1178, FN=0, Flags=........C, BI=100, SSID=""Z5319476"""
"85952","25.461080","fa:b6:bc:57:2b:fd","ff:ff:ff:ff:ff:ff","802.11","444","-52 dBm","-93 dBm","41 dB","Beacon frame, SN=1179, FN=0, Flags=........C, BI=100, SSID=""Z5319476"""
"86687","25.665464","fa:b6:bc:57:2b:fd","ff:ff:ff:ff:ff:ff","802.11","444","-51 dBm","-93 dBm","42 dB","Beacon frame, SN=1181, FN=0, Flags=........C, BI=100, SSID=""Z5319476"""
"86949","25.767823","fa:b6:bc:57:2b:fd","ff:ff:ff:ff:ff:ff","802.11","444","-51 dBm","-93 dBm","42 dB","Beacon frame, SN=1182, FN=0, Flags=........C, BI=100, SSID=""Z5319476"""
"87286","25.870531","fa:b6:bc:57:2b:fd","ff:ff:ff:ff:ff:ff","802.11","444","-52 dBm","-93 dBm","41 dB","Beacon frame, SN=1183, FN=0, Flags=........C, BI=100, SSID=""Z5319476"""
"87622","25.972943","fa:b6:bc:57:2b:fd","ff:ff:ff:ff:ff:ff","802.11","444","-51 dBm","-93 dBm","42 dB","Beacon frame, SN=1184, FN=0, Flags=........C, BI=100, SSID=""Z5319476"""
"87927","26.075074","fa:b6:bc:57:2b:fd","ff:ff:ff:ff:ff:ff","802.11","444","-51 dBm","-93 dBm","42 dB","Beacon frame, SN=1185, FN=0, Flags=........C, BI=100, SSID=""Z5319476"""
"88205","26.177766","fa:b6:bc:57:2b:fd","ff:ff:ff:ff:ff:ff","802.11","444","-51 dBm","-93 dBm","42 dB","Beacon frame, SN=1186, FN=0, Flags=........C, BI=100, SSID=""Z5319476"""
"88565","26.279852","fa:b6:bc:57:2b:fd","ff:ff:ff:ff:ff:ff","802.11","444","-51 dBm","-93 dBm","42 dB","Beacon frame, SN=1187, FN=0, Flags=........C, BI=100, SSID=""Z5319476"""
"88859","26.382192","fa:b6:bc:57:2b:fd","ff:ff:ff:ff:ff:ff","802.11","444","-51 dBm","-93 dBm","42 dB","Beacon frame, SN=1188, FN=0, Flags=........C, BI=100, SSID=""Z5319476"""
"89191","26.484711","fa:b6:bc:57:2b:fd","ff:ff:ff:ff:ff:ff","802.11","444","-51 dBm","-93 dBm","42 dB","Beacon frame, SN=1189, FN=0, Flags=........C, BI=100, SSID=""Z5319476"""
"89532","26.587011","fa:b6:bc:57:2b:fd","ff:ff:ff:ff:ff:ff","802.11","444","-51 dBm","-93 dBm","42 dB","Beacon frame, SN=1190, FN=0, Flags=........C, BI=100, SSID=""Z5319476"""
"89910","26.689624","fa:b6:bc:57:2b:fd","ff:ff:ff:ff:ff:ff","802.11","444","-50 dBm","-93 dBm","43 dB","Beacon frame, SN=1191, FN=0, Flags=........C, BI=100, SSID=""Z5319476"""
"90273","26.791815","fa:b6:bc:57:2b:fd","ff:ff:ff:ff:ff:ff","802.11","444","-51 dBm","-93 dBm","42 dB","Beacon frame, SN=1192, FN=0, Flags=........C, BI=100, SSID=""Z5319476"""
"90620","26.894458","fa:b6:bc:57:2b:fd","ff:ff:ff:ff:ff:ff","802.11","444","-51 dBm","-93 dBm","42 dB","Beacon frame, SN=1193, FN=0, Flags=........C, BI=100, SSID=""Z5319476"""
"91008","26.996576","fa:b6:bc:57:2b:fd","ff:ff:ff:ff:ff:ff","802.11","444","-50 dBm","-93 dBm","43 dB","Beacon frame, SN=1194, FN=0, Flags=........C, BI=100, SSID=""Z5319476"""
"91346","27.099037","fa:b6:bc:57:2b:fd","ff:ff:ff:ff:ff:ff","802.11","444","-51 dBm","-93 dBm","42 dB","Beacon frame, SN=1195, FN=0, Flags=........C, BI=100, SSID=""Z5319476"""
"91744","27.201480","fa:b6:bc:57:2b:fd","ff:ff:ff:ff:ff:ff","802.11","444","-52 dBm","-93 dBm","41 dB","Beacon frame, SN=1196, FN=0, Flags=........C, BI=100, SSID=""Z5319476"""
"92158","27.303795","fa:b6:bc:57:2b:fd","ff:ff:ff:ff:ff:ff","802.11","444","-51 dBm","-93 dBm","42 dB","Beacon frame, SN=1197, FN=0, Flags=........C, BI=100, SSID=""Z5319476"""
"92491","27.406189","fa:b6:bc:57:2b:fd","ff:ff:ff:ff:ff:ff","802.11","444","-51 dBm","-93 dBm","42 dB","Beacon frame, SN=1198, FN=0, Flags=........C, BI=100, SSID=""Z5319476"""
"92785","27.508875","fa:b6:bc:57:2b:fd","ff:ff:ff:ff:ff:ff","802.11","444","-51 dBm","-93 dBm","42 dB","Beacon frame, SN=1199, FN=0, Flags=........C, BI=100, SSID=""Z5319476"""
"93107","27.611296","fa:b6:bc:57:2b:fd","ff:ff:ff:ff:ff:ff","802.11","444","-51 dBm","-93 dBm","42 dB","Beacon frame, SN=1200, FN=0, Flags=........C, BI=100, SSID=""Z5319476"""
"93495","27.713367","fa:b6:bc:57:2b:fd","ff:ff:ff:ff:ff:ff","802.11","444","-51 dBm","-93 dBm","42 dB","Beacon frame, SN=1201, FN=0, Flags=........C, BI=100, SSID=""Z5319476"""
"93873","27.815763","fa:b6:bc:57:2b:fd","ff:ff:ff:ff:ff:ff","802.11","444","-53 dBm","-93 dBm","40 dB","Beacon frame, SN=1202, FN=0, Flags=........C, BI=100, SSID=""Z5319476"""
"94228","27.918175","fa:b6:bc:57:2b:fd","ff:ff:ff:ff:ff:ff","802.11","444","-53 dBm","-93 dBm","40 dB","Beacon frame, SN=1203, FN=0, Flags=........C, BI=100, SSID=""Z5319476"""
"94607","28.020467","fa:b6:bc:57:2b:fd","ff:ff:ff:ff:ff:ff","802.11","444","-51 dBm","-93 dBm","42 dB","Beacon frame, SN=1204, FN=0, Flags=........C, BI=100, SSID=""Z5319476"""
"94984","28.122951","fa:b6:bc:57:2b:fd","ff:ff:ff:ff:ff:ff","802.11","444","-50 dBm","-93 dBm","43 dB","Beacon frame, SN=1205, FN=0, Flags=........C, BI=100, SSID=""Z5319476"""
"95336","28.225613","fa:b6:bc:57:2b:fd","ff:ff:ff:ff:ff:ff","802.11","444","-52 dBm","-93 dBm","41 dB","Beacon frame, SN=1206, FN=0, Flags=........C, BI=100, SSID=""Z5319476"""
"95664","28.327771","fa:b6:bc:57:2b:fd","ff:ff:ff:ff:ff:ff","802.11","444","-53 dBm","-93 dBm","40 dB","Beacon frame, SN=1207, FN=0, Flags=........C, BI=100, SSID=""Z5319476"""
"96009","28.430407","fa:b6:bc:57:2b:fd","ff:ff:ff:ff:ff:ff","802.11","444","-53 dBm","-93 dBm","40 dB","Beacon frame, SN=1208, FN=0, Flags=........C, BI=100, SSID=""Z5319476"""
"96348","28.532520","fa:b6:bc:57:2b:fd","ff:ff:ff:ff:ff:ff","802.11","444","-52 dBm","-93 dBm","41 dB","Beacon frame, SN=1209, FN=0, Flags=........C, BI=100, SSID=""Z5319476"""
"96693","28.634967","fa:b6:bc:57:2b:fd","ff:ff:ff:ff:ff:ff","802.11","444","-51 dBm","-93 dBm","42 dB","Beacon frame, SN=1210, FN=0, Flags=........C, BI=100, SSID=""Z5319476"""
"97058","28.737585","fa:b6:bc:57:2b:fd","ff:ff:ff:ff:ff:ff","802.11","444","-53 dBm","-93 dBm","40 dB","Beacon frame, SN=1211, FN=0, Flags=........C, BI=100, SSID=""Z5319476"""
"97439","28.839672","fa:b6:bc:57:2b:fd","ff:ff:ff:ff:ff:ff","802.11","444","-52 dBm","-93 dBm","41 dB","Beacon frame, SN=1212, FN=0, Flags=........C, BI=100, SSID=""Z5319476"""
"97833","28.942119","fa:b6:bc:57:2b:fd","ff:ff:ff:ff:ff:ff","802.11","444","-52 dBm","-93 dBm","41 dB","Beacon frame, SN=1213, FN=0, Flags=........C, BI=100, SSID=""Z5319476"""
"98507","29.146927","fa:b6:bc:57:2b:fd","ff:ff:ff:ff:ff:ff","802.11","444","-52 dBm","-93 dBm","41 dB","Beacon frame, SN=1215, FN=0, Flags=........C, BI=100, SSID=""Z5319476"""
"99221","29.351712","fa:b6:bc:57:2b:fd","ff:ff:ff:ff:ff:ff","802.11","444","-52 dBm","-93 dBm","41 dB","Beacon frame, SN=1217, FN=0, Flags=........C, BI=100, SSID=""Z5319476"""
"99528","29.454129","fa:b6:bc:57:2b:fd","ff:ff:ff:ff:ff:ff","802.11","444","-52 dBm","-93 dBm","41 dB","Beacon frame, SN=1218, FN=0, Flags=........C, BI=100, SSID=""Z5319476"""
"99850","29.556728","fa:b6:bc:57:2b:fd","ff:ff:ff:ff:ff:ff","802.11","444","-52 dBm","-93 dBm","41 dB","Beacon frame, SN=1219, FN=0, Flags=........C, BI=100, SSID=""Z5319476"""
"100152","29.658942","fa:b6:bc:57:2b:fd","ff:ff:ff:ff:ff:ff","802.11","444","-52 dBm","-93 dBm","41 dB","Beacon frame, SN=1220, FN=0, Flags=........C, BI=100, SSID=""Z5319476"""
"100458","29.761568","fa:b6:bc:57:2b:fd","ff:ff:ff:ff:ff:ff","802.11","444","-51 dBm","-93 dBm","42 dB","Beacon frame, SN=1221, FN=0, Flags=........C, BI=100, SSID=""Z5319476"""
"100770","29.863960","fa:b6:bc:57:2b:fd","ff:ff:ff:ff:ff:ff","802.11","444","-51 dBm","-93 dBm","42 dB","Beacon frame, SN=1222, FN=0, Flags=........C, BI=100, SSID=""Z5319476"""
"101070","29.966191","fa:b6:bc:57:2b:fd","ff:ff:ff:ff:ff:ff","802.11","444","-51 dBm","-93 dBm","42 dB","Beacon frame, SN=1223, FN=0, Flags=........C, BI=100, SSID=""Z5319476"""
"101371","30.068521","fa:b6:bc:57:2b:fd","ff:ff:ff:ff:ff:ff","802.11","444","-52 dBm","-93 dBm","41 dB","Beacon frame, SN=1224, FN=0, Flags=........C, BI=100, SSID=""Z5319476"""
"101703","30.171089","fa:b6:bc:57:2b:fd","ff:ff:ff:ff:ff:ff","802.11","444","-53 dBm","-93 dBm","40 dB","Beacon frame, SN=1225, FN=0, Flags=........C, BI=100, SSID=""Z5319476"""
"102058","30.273291","fa:b6:bc:57:2b:fd","ff:ff:ff:ff:ff:ff","802.11","444","-53 dBm","-93 dBm","40 dB","Beacon frame, SN=1226, FN=0, Flags=........C, BI=100, SSID=""Z5319476"""
"102419","30.375726","fa:b6:bc:57:2b:fd","ff:ff:ff:ff:ff:ff","802.11","444","-53 dBm","-93 dBm","40 dB","Beacon frame, SN=1227, FN=0, Flags=........C, BI=100, SSID=""Z5319476"""
"102803","30.478021","fa:b6:bc:57:2b:fd","ff:ff:ff:ff:ff:ff","802.11","444","-52 dBm","-93 dBm","41 dB","Beacon frame, SN=1228, FN=0, Flags=........C, BI=100, SSID=""Z5319476"""
"103125","30.580458","fa:b6:bc:57:2b:fd","ff:ff:ff:ff:ff:ff","802.11","444","-52 dBm","-93 dBm","41 dB","Beacon frame, SN=1229, FN=0, Flags=........C, BI=100, SSID=""Z5319476"""
"103474","30.683009","fa:b6:bc:57:2b:fd","ff:ff:ff:ff:ff:ff","802.11","444","-54 dBm","-93 dBm","39 dB","Beacon frame, SN=1230, FN=0, Flags=........C, BI=100, SSID=""Z5319476"""
"104227","30.887709","fa:b6:bc:57:2b:fd","ff:ff:ff:ff:ff:ff","802.11","444","-52 dBm","-93 dBm","41 dB","Beacon frame, SN=1232, FN=0, Flags=........C, BI=100, SSID=""Z5319476"""
"104586","30.990087","fa:b6:bc:57:2b:fd","ff:ff:ff:ff:ff:ff","802.11","444","-54 dBm","-93 dBm","39 dB","Beacon frame, SN=1233, FN=0, Flags=........C, BI=100, SSID=""Z5319476"""
"104847","31.092663","fa:b6:bc:57:2b:fd","ff:ff:ff:ff:ff:ff","802.11","444","-52 dBm","-93 dBm","41 dB","Beacon frame, SN=1234, FN=0, Flags=........C, BI=100, SSID=""Z5319476"""
"105099","31.194889","fa:b6:bc:57:2b:fd","ff:ff:ff:ff:ff:ff","802.11","444","-52 dBm","-93 dBm","41 dB","Beacon frame, SN=1235, FN=0, Flags=........C, BI=100, SSID=""Z5319476"""
"105406","31.297310","fa:b6:bc:57:2b:fd","ff:ff:ff:ff:ff:ff","802.11","444","-52 dBm","-93 dBm","41 dB","Beacon frame, SN=1236, FN=0, Flags=........C, BI=100, SSID=""Z5319476"""
"105706","31.399633","fa:b6:bc:57:2b:fd","ff:ff:ff:ff:ff:ff","802.11","444","-52 dBm","-93 dBm","41 dB","Beacon frame, SN=1237, FN=0, Flags=........C, BI=100, SSID=""Z5319476"""
"106026","31.501747","fa:b6:bc:57:2b:fd","ff:ff:ff:ff:ff:ff","802.11","444","-53 dBm","-93 dBm","40 dB","Beacon frame, SN=1238, FN=0, Flags=........C, BI=100, SSID=""Z5319476"""
"106719","31.707132","fa:b6:bc:57:2b:fd","ff:ff:ff:ff:ff:ff","802.11","444","-52 dBm","-93 dBm","41 dB","Beacon frame, SN=1240, FN=0, Flags=........C, BI=100, SSID=""Z5319476"""
"107063","31.809457","fa:b6:bc:57:2b:fd","ff:ff:ff:ff:ff:ff","802.11","444","-53 dBm","-93 dBm","40 dB","Beacon frame, SN=1241, FN=0, Flags=........C, BI=100, SSID=""Z5319476"""
"107387","31.911605","fa:b6:bc:57:2b:fd","ff:ff:ff:ff:ff:ff","802.11","444","-54 dBm","-93 dBm","39 dB","Beacon frame, SN=1242, FN=0, Flags=........C, BI=100, SSID=""Z5319476"""
"107713","32.014003","fa:b6:bc:57:2b:fd","ff:ff:ff:ff:ff:ff","802.11","444","-54 dBm","-93 dBm","39 dB","Beacon frame, SN=1243, FN=0, Flags=........C, BI=100, SSID=""Z5319476"""
"108095","32.116770","fa:b6:bc:57:2b:fd","ff:ff:ff:ff:ff:ff","802.11","444","-52 dBm","-93 dBm","41 dB","Beacon frame, SN=1244, FN=0, Flags=........C, BI=100, SSID=""Z5319476"""
"108457","32.218800","fa:b6:bc:57:2b:fd","ff:ff:ff:ff:ff:ff","802.11","444","-52 dBm","-93 dBm","41 dB","Beacon frame, SN=1245, FN=0, Flags=........C, BI=100, SSID=""Z5319476"""
"108837","32.321181","fa:b6:bc:57:2b:fd","ff:ff:ff:ff:ff:ff","802.11","444","-52 dBm","-93 dBm","41 dB","Beacon frame, SN=1246, FN=0, Flags=........C, BI=100, SSID=""Z5319476"""
"109212","32.423749","fa:b6:bc:57:2b:fd","ff:ff:ff:ff:ff:ff","802.11","444","-54 dBm","-93 dBm","39 dB","Beacon frame, SN=1247, FN=0, Flags=........C, BI=100, SSID=""Z5319476"""
"109613","32.526031","fa:b6:bc:57:2b:fd","ff:ff:ff:ff:ff:ff","802.11","444","-54 dBm","-93 dBm","39 dB","Beacon frame, SN=1248, FN=0, Flags=........C, BI=100, SSID=""Z5319476"""
"109960","32.628627","fa:b6:bc:57:2b:fd","ff:ff:ff:ff:ff:ff","802.11","444","-52 dBm","-93 dBm","41 dB","Beacon frame, SN=1249, FN=0, Flags=........C, BI=100, SSID=""Z5319476"""
"110291","32.731056","fa:b6:bc:57:2b:fd","ff:ff:ff:ff:ff:ff","802.11","444","-52 dBm","-93 dBm","41 dB","Beacon frame, SN=1250, FN=0, Flags=........C, BI=100, SSID=""Z5319476"""
"110644","32.833437","fa:b6:bc:57:2b:fd","ff:ff:ff:ff:ff:ff","802.11","444","-54 dBm","-93 dBm","39 dB","Beacon frame, SN=1251, FN=0, Flags=........C, BI=100, SSID=""Z5319476"""
"111387","33.038180","fa:b6:bc:57:2b:fd","ff:ff:ff:ff:ff:ff","802.11","444","-54 dBm","-93 dBm","39 dB","Beacon frame, SN=1253, FN=0, Flags=........C, BI=100, SSID=""Z5319476"""
"111754","33.140354","fa:b6:bc:57:2b:fd","ff:ff:ff:ff:ff:ff","802.11","444","-54 dBm","-93 dBm","39 dB","Beacon frame, SN=1254, FN=0, Flags=........C, BI=100, SSID=""Z5319476"""
"112113","33.243039","fa:b6:bc:57:2b:fd","ff:ff:ff:ff:ff:ff","802.11","444","-54 dBm","-93 dBm","39 dB","Beacon frame, SN=1255, FN=0, Flags=........C, BI=100, SSID=""Z5319476"""
"112451","33.345189","fa:b6:bc:57:2b:fd","ff:ff:ff:ff:ff:ff","802.11","444","-54 dBm","-93 dBm","39 dB","Beacon frame, SN=1256, FN=0, Flags=........C, BI=100, SSID=""Z5319476"""
"112828","33.447497","fa:b6:bc:57:2b:fd","ff:ff:ff:ff:ff:ff","802.11","444","-52 dBm","-93 dBm","41 dB","Beacon frame, SN=1257, FN=0, Flags=........C, BI=100, SSID=""Z5319476"""
"113195","33.550269","fa:b6:bc:57:2b:fd","ff:ff:ff:ff:ff:ff","802.11","444","-54 dBm","-93 dBm","39 dB","Beacon frame, SN=1258, FN=0, Flags=........C, BI=100, SSID=""Z5319476"""
"113576","33.652529","fa:b6:bc:57:2b:fd","ff:ff:ff:ff:ff:ff","802.11","444","-52 dBm","-93 dBm","41 dB","Beacon frame, SN=1259, FN=0, Flags=........C, BI=100, SSID=""Z5319476"""
"113954","33.754685","fa:b6:bc:57:2b:fd","ff:ff:ff:ff:ff:ff","802.11","444","-52 dBm","-93 dBm","41 dB","Beacon frame, SN=1260, FN=0, Flags=........C, BI=100, SSID=""Z5319476"""
"114311","33.857412","fa:b6:bc:57:2b:fd","ff:ff:ff:ff:ff:ff","802.11","444","-54 dBm","-93 dBm","39 dB","Beacon frame, SN=1261, FN=0, Flags=........C, BI=100, SSID=""Z5319476"""
"114673","33.959501","fa:b6:bc:57:2b:fd","ff:ff:ff:ff:ff:ff","802.11","444","-53 dBm","-93 dBm","40 dB","Beacon frame, SN=1262, FN=0, Flags=........C, BI=100, SSID=""Z5319476"""
"115033","34.062045","fa:b6:bc:57:2b:fd","ff:ff:ff:ff:ff:ff","802.11","444","-52 dBm","-93 dBm","41 dB","Beacon frame, SN=1263, FN=0, Flags=........C, BI=100, SSID=""Z5319476"""
"115411","34.164325","fa:b6:bc:57:2b:fd","ff:ff:ff:ff:ff:ff","802.11","444","-53 dBm","-93 dBm","40 dB","Beacon frame, SN=1264, FN=0, Flags=........C, BI=100, SSID=""Z5319476"""
"115756","34.266646","fa:b6:bc:57:2b:fd","ff:ff:ff:ff:ff:ff","802.11","444","-53 dBm","-93 dBm","40 dB","Beacon frame, SN=1265, FN=0, Flags=........C, BI=100, SSID=""Z5319476"""
"116096","34.369367","fa:b6:bc:57:2b:fd","ff:ff:ff:ff:ff:ff","802.11","444","-52 dBm","-93 dBm","41 dB","Beacon frame, SN=1266, FN=0, Flags=........C, BI=100, SSID=""Z5319476"""
"116462","34.471783","fa:b6:bc:57:2b:fd","ff:ff:ff:ff:ff:ff","802.11","444","-52 dBm","-93 dBm","41 dB","Beacon frame, SN=1267, FN=0, Flags=........C, BI=100, SSID=""Z5319476"""
"116829","34.573594","fa:b6:bc:57:2b:fd","ff:ff:ff:ff:ff:ff","802.11","444","-52 dBm","-93 dBm","41 dB","Beacon frame, SN=1268, FN=0, Flags=........C, BI=100, SSID=""Z5319476"""
"117144","34.676242","fa:b6:bc:57:2b:fd","ff:ff:ff:ff:ff:ff","802.11","444","-51 dBm","-93 dBm","42 dB","Beacon frame, SN=1269, FN=0, Flags=........C, BI=100, SSID=""Z5319476"""
"117488","34.778768","fa:b6:bc:57:2b:fd","ff:ff:ff:ff:ff:ff","802.11","444","-52 dBm","-93 dBm","41 dB","Beacon frame, SN=1270, FN=0, Flags=........C, BI=100, SSID=""Z5319476"""
"117860","34.881055","fa:b6:bc:57:2b:fd","ff:ff:ff:ff:ff:ff","802.11","444","-52 dBm","-93 dBm","41 dB","Beacon frame, SN=1271, FN=0, Flags=........C, BI=100, SSID=""Z5319476"""
"118227","34.983553","fa:b6:bc:57:2b:fd","ff:ff:ff:ff:ff:ff","802.11","444","-52 dBm","-93 dBm","41 dB","Beacon frame, SN=1272, FN=0, Flags=........C, BI=100, SSID=""Z5319476"""
"118563","35.085874","fa:b6:bc:57:2b:fd","ff:ff:ff:ff:ff:ff","802.11","444","-52 dBm","-93 dBm","41 dB","Beacon frame, SN=1273, FN=0, Flags=........C, BI=100, SSID=""Z5319476"""
"118884","35.188496","fa:b6:bc:57:2b:fd","ff:ff:ff:ff:ff:ff","802.11","444","-52 dBm","-93 dBm","41 dB","Beacon frame, SN=1274, FN=0, Flags=........C, BI=100, SSID=""Z5319476"""
"119236","35.290726","fa:b6:bc:57:2b:fd","ff:ff:ff:ff:ff:ff","802.11","444","-51 dBm","-93 dBm","42 dB","Beacon frame, SN=1275, FN=0, Flags=........C, BI=100, SSID=""Z5319476"""
"119598","35.393359","fa:b6:bc:57:2b:fd","ff:ff:ff:ff:ff:ff","802.11","444","-52 dBm","-93 dBm","41 dB","Beacon frame, SN=1276, FN=0, Flags=........C, BI=100, SSID=""Z5319476"""
"119955","35.495707","fa:b6:bc:57:2b:fd","ff:ff:ff:ff:ff:ff","802.11","444","-52 dBm","-93 dBm","41 dB","Beacon frame, SN=1277, FN=0, Flags=........C, BI=100, SSID=""Z5319476"""
"120275","35.598107","fa:b6:bc:57:2b:fd","ff:ff:ff:ff:ff:ff","802.11","444","-52 dBm","-93 dBm","41 dB","Beacon frame, SN=1278, FN=0, Flags=........C, BI=100, SSID=""Z5319476"""
"120625","35.700211","fa:b6:bc:57:2b:fd","ff:ff:ff:ff:ff:ff","802.11","444","-52 dBm","-93 dBm","41 dB","Beacon frame, SN=1279, FN=0, Flags=........C, BI=100, SSID=""Z5319476"""
"120971","35.802640","fa:b6:bc:57:2b:fd","ff:ff:ff:ff:ff:ff","802.11","444","-52 dBm","-93 dBm","41 dB","Beacon frame, SN=1280, FN=0, Flags=........C, BI=100, SSID=""Z5319476"""
"121268","35.905305","fa:b6:bc:57:2b:fd","ff:ff:ff:ff:ff:ff","802.11","444","-52 dBm","-93 dBm","41 dB","Beacon frame, SN=1281, FN=0, Flags=........C, BI=100, SSID=""Z5319476"""
"121617","36.007740","fa:b6:bc:57:2b:fd","ff:ff:ff:ff:ff:ff","802.11","444","-51 dBm","-93 dBm","42 dB","Beacon frame, SN=1282, FN=0, Flags=........C, BI=100, SSID=""Z5319476"""
"121921","36.109828","fa:b6:bc:57:2b:fd","ff:ff:ff:ff:ff:ff","802.11","444","-52 dBm","-93 dBm","41 dB","Beacon frame, SN=1283, FN=0, Flags=........C, BI=100, SSID=""Z5319476"""
"122266","36.211889","fa:b6:bc:57:2b:fd","ff:ff:ff:ff:ff:ff","802.11","444","-52 dBm","-93 dBm","41 dB","Beacon frame, SN=1284, FN=0, Flags=........C, BI=100, SSID=""Z5319476"""
"122589","36.314879","fa:b6:bc:57:2b:fd","ff:ff:ff:ff:ff:ff","802.11","444","-52 dBm","-93 dBm","41 dB","Beacon frame, SN=1285, FN=0, Flags=........C, BI=100, SSID=""Z5319476"""
"122941","36.417298","fa:b6:bc:57:2b:fd","ff:ff:ff:ff:ff:ff","802.11","444","-52 dBm","-93 dBm","41 dB","Beacon frame, SN=1286, FN=0, Flags=........C, BI=100, SSID=""Z5319476"""
"123224","36.519728","fa:b6:bc:57:2b:fd","ff:ff:ff:ff:ff:ff","802.11","444","-52 dBm","-93 dBm","41 dB","Beacon frame, SN=1287, FN=0, Flags=........C, BI=100, SSID=""Z5319476"""
"123561","36.621783","fa:b6:bc:57:2b:fd","ff:ff:ff:ff:ff:ff","802.11","444","-52 dBm","-93 dBm","41 dB","Beacon frame, SN=1288, FN=0, Flags=........C, BI=100, SSID=""Z5319476"""
"123894","36.724486","fa:b6:bc:57:2b:fd","ff:ff:ff:ff:ff:ff","802.11","444","-52 dBm","-93 dBm","41 dB","Beacon frame, SN=1289, FN=0, Flags=........C, BI=100, SSID=""Z5319476"""
"124258","36.826639","fa:b6:bc:57:2b:fd","ff:ff:ff:ff:ff:ff","802.11","444","-53 dBm","-93 dBm","40 dB","Beacon frame, SN=1290, FN=0, Flags=........C, BI=100, SSID=""Z5319476"""
"124621","36.928998","fa:b6:bc:57:2b:fd","ff:ff:ff:ff:ff:ff","802.11","444","-51 dBm","-93 dBm","42 dB","Beacon frame, SN=1291, FN=0, Flags=........C, BI=100, SSID=""Z5319476"""
