"No.","Time","Source","Destination","Protocol","Length","Signal strength (RSSI)","Noise level (dBm)","Signal/noise ratio (dB)","Info"
"286","0.092619","e2:bb:15:72:70:e6","ff:ff:ff:ff:ff:ff","802.11","444","-42 dBm","-92 dBm","50 dB","Beacon frame, SN=2361, FN=0, Flags=........C, BI=100, SSID=""Z5319476"""
"582","0.195577","e2:bb:15:72:70:e6","ff:ff:ff:ff:ff:ff","802.11","444","-41 dBm","-92 dBm","51 dB","Beacon frame, SN=2362, FN=0, Flags=........C, BI=100, SSID=""Z5319476"""
"1265","0.399801","e2:bb:15:72:70:e6","ff:ff:ff:ff:ff:ff","802.11","444","-43 dBm","-92 dBm","49 dB","Beacon frame, SN=2364, FN=0, Flags=........C, BI=100, SSID=""Z5319476"""
"1690","0.502249","e2:bb:15:72:70:e6","ff:ff:ff:ff:ff:ff","802.11","444","-42 dBm","-92 dBm","50 dB","Beacon frame, SN=2365, FN=0, Flags=........C, BI=100, SSID=""Z5319476"""
"2068","0.604646","e2:bb:15:72:70:e6","ff:ff:ff:ff:ff:ff","802.11","444","-43 dBm","-92 dBm","49 dB","Beacon frame, SN=2366, FN=0, Flags=........C, BI=100, SSID=""Z5319476"""
"2790","0.809490","e2:bb:15:72:70:e6","ff:ff:ff:ff:ff:ff","802.11","444","-44 dBm","-92 dBm","48 dB","Beacon frame, SN=2368, FN=0, Flags=........C, BI=100, SSID=""Z5319476"""
"3155","0.911827","e2:bb:15:72:70:e6","ff:ff:ff:ff:ff:ff","802.11","444","-40 dBm","-92 dBm","52 dB","Beacon frame, SN=2369, FN=0, Flags=........C, BI=100, SSID=""Z5319476"""
"3708","1.014478","e2:bb:15:72:70:e6","ff:ff:ff:ff:ff:ff","802.11","444","-44 dBm","-92 dBm","48 dB","Beacon frame, SN=2370, FN=0, Flags=........C, BI=100, SSID=""Z5319476"""
"4202","1.116942","e2:bb:15:72:70:e6","ff:ff:ff:ff:ff:ff","802.11","444","-43 dBm","-92 dBm","49 dB","Beacon frame, SN=2371, FN=0, Flags=........C, BI=100, SSID=""Z5319476"""
"4591","1.219475","e2:bb:15:72:70:e6","ff:ff:ff:ff:ff:ff","802.11","444","-44 dBm","-92 dBm","48 dB","Beacon frame, SN=2372, FN=0, Flags=........C, BI=100, SSID=""Z5319476"""
"4954","1.321968","e2:bb:15:72:70:e6","ff:ff:ff:ff:ff:ff","802.11","444","-42 dBm","-92 dBm","50 dB","Beacon frame, SN=2373, FN=0, Flags=........C, BI=100, SSID=""Z5319476"""
"5229","1.424061","e2:bb:15:72:70:e6","ff:ff:ff:ff:ff:ff","802.11","444","-44 dBm","-92 dBm","48 dB","Beacon frame, SN=2374, FN=0, Flags=........C, BI=100, SSID=""Z5319476"""
"5535","1.526823","e2:bb:15:72:70:e6","ff:ff:ff:ff:ff:ff","802.11","444","-43 dBm","-92 dBm","49 dB","Beacon frame, SN=2375, FN=0, Flags=........C, BI=100, SSID=""Z5319476"""
"5927","1.628958","e2:bb:15:72:70:e6","ff:ff:ff:ff:ff:ff","802.11","444","-42 dBm","-92 dBm","50 dB","Beacon frame, SN=2376, FN=0, Flags=........C, BI=100, SSID=""Z5319476"""
"6309","1.731381","e2:bb:15:72:70:e6","ff:ff:ff:ff:ff:ff","802.11","444","-42 dBm","-92 dBm","50 dB","Beacon frame, SN=2377, FN=0, Flags=........C, BI=100, SSID=""Z5319476"""
"6729","1.833812","e2:bb:15:72:70:e6","ff:ff:ff:ff:ff:ff","802.11","444","-43 dBm","-92 dBm","49 dB","Beacon frame, SN=2378, FN=0, Flags=........C, BI=100, SSID=""Z5319476"""
"7121","1.936381","e2:bb:15:72:70:e6","ff:ff:ff:ff:ff:ff","802.11","444","-43 dBm","-92 dBm","49 dB","Beacon frame, SN=2379, FN=0, Flags=........C, BI=100, SSID=""Z5319476"""
"7491","2.038592","e2:bb:15:72:70:e6","ff:ff:ff:ff:ff:ff","802.11","444","-43 dBm","-92 dBm","49 dB","Beacon frame, SN=2380, FN=0, Flags=........C, BI=100, SSID=""Z5319476"""
"7805","2.141015","e2:bb:15:72:70:e6","ff:ff:ff:ff:ff:ff","802.11","444","-42 dBm","-92 dBm","50 dB","Beacon frame, SN=2381, FN=0, Flags=........C, BI=100, SSID=""Z5319476"""
"8096","2.243363","e2:bb:15:72:70:e6","ff:ff:ff:ff:ff:ff","802.11","444","-44 dBm","-92 dBm","48 dB","Beacon frame, SN=2382, FN=0, Flags=........C, BI=100, SSID=""Z5319476"""
"8332","2.345504","e2:bb:15:72:70:e6","ff:ff:ff:ff:ff:ff","802.11","444","-43 dBm","-92 dBm","49 dB","Beacon frame, SN=2383, FN=0, Flags=........C, BI=100, SSID=""Z5319476"""
"8623","2.447952","e2:bb:15:72:70:e6","ff:ff:ff:ff:ff:ff","802.11","444","-43 dBm","-92 dBm","49 dB","Beacon frame, SN=2384, FN=0, Flags=........C, BI=100, SSID=""Z5319476"""
"9050","2.550882","e2:bb:15:72:70:e6","ff:ff:ff:ff:ff:ff","802.11","444","-43 dBm","-92 dBm","49 dB","Beacon frame, SN=2385, FN=0, Flags=........C, BI=100, SSID=""Z5319476"""
"9441","2.653262","e2:bb:15:72:70:e6","ff:ff:ff:ff:ff:ff","802.11","444","-43 dBm","-92 dBm","49 dB","Beacon frame, SN=2386, FN=0, Flags=........C, BI=100, SSID=""Z5319476"""
"9868","2.755399","e2:bb:15:72:70:e6","ff:ff:ff:ff:ff:ff","802.11","444","-43 dBm","-92 dBm","49 dB","Beacon frame, SN=2387, FN=0, Flags=........C, BI=100, SSID=""Z5319476"""
"10387","2.857448","e2:bb:15:72:70:e6","ff:ff:ff:ff:ff:ff","802.11","444","-44 dBm","-92 dBm","48 dB","Beacon frame, SN=2388, FN=0, Flags=........C, BI=100, SSID=""Z5319476"""
"10946","2.959818","e2:bb:15:72:70:e6","ff:ff:ff:ff:ff:ff","802.11","444","-44 dBm","-92 dBm","48 dB","Beacon frame, SN=2389, FN=0, Flags=........C, BI=100, SSID=""Z5319476"""
"11505","3.062423","e2:bb:15:72:70:e6","ff:ff:ff:ff:ff:ff","802.11","444","-43 dBm","-92 dBm","49 dB","Beacon frame, SN=2390, FN=0, Flags=........C, BI=100, SSID=""Z5319476"""
"12062","3.164680","e2:bb:15:72:70:e6","ff:ff:ff:ff:ff:ff","802.11","444","-44 dBm","-92 dBm","48 dB","Beacon frame, SN=2391, FN=0, Flags=........C, BI=100, SSID=""Z5319476"""
"12606","3.267352","e2:bb:15:72:70:e6","ff:ff:ff:ff:ff:ff","802.11","444","-43 dBm","-92 dBm","49 dB","Beacon frame, SN=2392, FN=0, Flags=........C, BI=100, SSID=""Z5319476"""
"13144","3.370299","e2:bb:15:72:70:e6","ff:ff:ff:ff:ff:ff","802.11","444","-42 dBm","-92 dBm","50 dB","Beacon frame, SN=2393, FN=0, Flags=........C, BI=100, SSID=""Z5319476"""
"13579","3.472032","e2:bb:15:72:70:e6","ff:ff:ff:ff:ff:ff","802.11","444","-43 dBm","-92 dBm","49 dB","Beacon frame, SN=2394, FN=0, Flags=........C, BI=100, SSID=""Z5319476"""
"13956","3.575413","e2:bb:15:72:70:e6","ff:ff:ff:ff:ff:ff","802.11","444","-43 dBm","-92 dBm","49 dB","Beacon frame, SN=2395, FN=0, Flags=........C, BI=100, SSID=""Z5319476"""
"14277","3.677313","e2:bb:15:72:70:e6","ff:ff:ff:ff:ff:ff","802.11","444","-43 dBm","-92 dBm","49 dB","Beacon frame, SN=2396, FN=0, Flags=........C, BI=100, SSID=""Z5319476"""
"14629","3.779358","e2:bb:15:72:70:e6","ff:ff:ff:ff:ff:ff","802.11","444","-42 dBm","-92 dBm","50 dB","Beacon frame, SN=2397, FN=0, Flags=........C, BI=100, SSID=""Z5319476"""
"14994","3.882473","e2:bb:15:72:70:e6","ff:ff:ff:ff:ff:ff","802.11","444","-43 dBm","-92 dBm","49 dB","Beacon frame, SN=2398, FN=0, Flags=........C, BI=100, SSID=""Z5319476"""
"15391","3.984331","e2:bb:15:72:70:e6","ff:ff:ff:ff:ff:ff","802.11","444","-43 dBm","-92 dBm","49 dB","Beacon frame, SN=2399, FN=0, Flags=........C, BI=100, SSID=""Z5319476"""
"15893","4.086758","e2:bb:15:72:70:e6","ff:ff:ff:ff:ff:ff","802.11","444","-43 dBm","-92 dBm","49 dB","Beacon frame, SN=2400, FN=0, Flags=........C, BI=100, SSID=""Z5319476"""
"16257","4.188809","e2:bb:15:72:70:e6","ff:ff:ff:ff:ff:ff","802.11","444","-43 dBm","-92 dBm","49 dB","Beacon frame, SN=2401, FN=0, Flags=........C, BI=100, SSID=""Z5319476"""
"16748","4.291435","e2:bb:15:72:70:e6","ff:ff:ff:ff:ff:ff","802.11","444","-43 dBm","-92 dBm","49 dB","Beacon frame, SN=2402, FN=0, Flags=........C, BI=100, SSID=""Z5319476"""
"17183","4.393911","e2:bb:15:72:70:e6","ff:ff:ff:ff:ff:ff","802.11","444","-43 dBm","-92 dBm","49 dB","Beacon frame, SN=2403, FN=0, Flags=........C, BI=100, SSID=""Z5319476"""
"17601","4.496570","e2:bb:15:72:70:e6","ff:ff:ff:ff:ff:ff","802.11","444","-42 dBm","-92 dBm","50 dB","Beacon frame, SN=2404, FN=0, Flags=........C, BI=100, SSID=""Z5319476"""
"17993","4.598236","e2:bb:15:72:70:e6","ff:ff:ff:ff:ff:ff","802.11","444","-43 dBm","-92 dBm","49 dB","Beacon frame, SN=2405, FN=0, Flags=........C, BI=100, SSID=""Z5319476"""
"18378","4.700612","e2:bb:15:72:70:e6","ff:ff:ff:ff:ff:ff","802.11","444","-42 dBm","-92 dBm","50 dB","Beacon frame, SN=2406, FN=0, Flags=........C, BI=100, SSID=""Z5319476"""
"18711","4.804113","e2:bb:15:72:70:e6","ff:ff:ff:ff:ff:ff","802.11","444","-43 dBm","-92 dBm","49 dB","Beacon frame, SN=2407, FN=0, Flags=........C, BI=100, SSID=""Z5319476"""
"19104","4.905999","e2:bb:15:72:70:e6","ff:ff:ff:ff:ff:ff","802.11","444","-44 dBm","-92 dBm","48 dB","Beacon frame, SN=2408, FN=0, Flags=........C, BI=100, SSID=""Z5319476"""
"19583","5.007801","e2:bb:15:72:70:e6","ff:ff:ff:ff:ff:ff","802.11","444","-42 dBm","-92 dBm","50 dB","Beacon frame, SN=2409, FN=0, Flags=........C, BI=100, SSID=""Z5319476"""
"20024","5.110225","e2:bb:15:72:70:e6","ff:ff:ff:ff:ff:ff","802.11","444","-43 dBm","-92 dBm","49 dB","Beacon frame, SN=2410, FN=0, Flags=........C, BI=100, SSID=""Z5319476"""
"20432","5.213706","e2:bb:15:72:70:e6","ff:ff:ff:ff:ff:ff","802.11","444","-44 dBm","-92 dBm","48 dB","Beacon frame, SN=2411, FN=0, Flags=........C, BI=100, SSID=""Z5319476"""
"20736","5.315220","e2:bb:15:72:70:e6","ff:ff:ff:ff:ff:ff","802.11","444","-43 dBm","-92 dBm","49 dB","Beacon frame, SN=2412, FN=0, Flags=........C, BI=100, SSID=""Z5319476"""
"21102","5.417875","e2:bb:15:72:70:e6","ff:ff:ff:ff:ff:ff","802.11","444","-43 dBm","-92 dBm","49 dB","Beacon frame, SN=2413, FN=0, Flags=........C, BI=100, SSID=""Z5319476"""
"21586","5.520466","e2:bb:15:72:70:e6","ff:ff:ff:ff:ff:ff","802.11","444","-41 dBm","-92 dBm","51 dB","Beacon frame, SN=2414, FN=0, Flags=........C, BI=100, SSID=""Z5319476"""
"21887","5.622154","e2:bb:15:72:70:e6","ff:ff:ff:ff:ff:ff","802.11","444","-43 dBm","-92 dBm","49 dB","Beacon frame, SN=2415, FN=0, Flags=........C, BI=100, SSID=""Z5319476"""
"22305","5.724790","e2:bb:15:72:70:e6","ff:ff:ff:ff:ff:ff","802.11","444","-44 dBm","-92 dBm","48 dB","Beacon frame, SN=2416, FN=0, Flags=........C, BI=100, SSID=""Z5319476"""
"22788","5.827568","e2:bb:15:72:70:e6","ff:ff:ff:ff:ff:ff","802.11","444","-42 dBm","-92 dBm","50 dB","Beacon frame, SN=2417, FN=0, Flags=........C, BI=100, SSID=""Z5319476"""
"23197","5.932590","e2:bb:15:72:70:e6","ff:ff:ff:ff:ff:ff","802.11","444","-44 dBm","-92 dBm","48 dB","Beacon frame, SN=2418, FN=0, Flags=........C, BI=100, SSID=""Z5319476"""
"23523","6.032025","e2:bb:15:72:70:e6","ff:ff:ff:ff:ff:ff","802.11","444","-42 dBm","-92 dBm","50 dB","Beacon frame, SN=2419, FN=0, Flags=........C, BI=100, SSID=""Z5319476"""
"23914","6.134367","e2:bb:15:72:70:e6","ff:ff:ff:ff:ff:ff","802.11","444","-43 dBm","-92 dBm","49 dB","Beacon frame, SN=2420, FN=0, Flags=........C, BI=100, SSID=""Z5319476"""
"24265","6.236786","e2:bb:15:72:70:e6","ff:ff:ff:ff:ff:ff","802.11","444","-44 dBm","-92 dBm","48 dB","Beacon frame, SN=2421, FN=0, Flags=........C, BI=100, SSID=""Z5319476"""
"24642","6.339074","e2:bb:15:72:70:e6","ff:ff:ff:ff:ff:ff","802.11","444","-43 dBm","-92 dBm","49 dB","Beacon frame, SN=2422, FN=0, Flags=........C, BI=100, SSID=""Z5319476"""
"25065","6.441627","e2:bb:15:72:70:e6","ff:ff:ff:ff:ff:ff","802.11","444","-43 dBm","-92 dBm","49 dB","Beacon frame, SN=2423, FN=0, Flags=........C, BI=100, SSID=""Z5319476"""
"25380","6.544063","e2:bb:15:72:70:e6","ff:ff:ff:ff:ff:ff","802.11","444","-42 dBm","-92 dBm","50 dB","Beacon frame, SN=2424, FN=0, Flags=........C, BI=100, SSID=""Z5319476"""
"25686","6.646337","e2:bb:15:72:70:e6","ff:ff:ff:ff:ff:ff","802.11","444","-43 dBm","-92 dBm","49 dB","Beacon frame, SN=2425, FN=0, Flags=........C, BI=100, SSID=""Z5319476"""
"26032","6.748501","e2:bb:15:72:70:e6","ff:ff:ff:ff:ff:ff","802.11","444","-43 dBm","-92 dBm","49 dB","Beacon frame, SN=2426, FN=0, Flags=........C, BI=100, SSID=""Z5319476"""
"26366","6.851659","e2:bb:15:72:70:e6","ff:ff:ff:ff:ff:ff","802.11","444","-43 dBm","-92 dBm","49 dB","Beacon frame, SN=2427, FN=0, Flags=........C, BI=100, SSID=""Z5319476"""
"26724","6.953619","e2:bb:15:72:70:e6","ff:ff:ff:ff:ff:ff","802.11","444","-44 dBm","-92 dBm","48 dB","Beacon frame, SN=2428, FN=0, Flags=........C, BI=100, SSID=""Z5319476"""
"27116","7.056250","e2:bb:15:72:70:e6","ff:ff:ff:ff:ff:ff","802.11","444","-44 dBm","-92 dBm","48 dB","Beacon frame, SN=2429, FN=0, Flags=........C, BI=100, SSID=""Z5319476"""
"27477","7.157871","e2:bb:15:72:70:e6","ff:ff:ff:ff:ff:ff","802.11","444","-43 dBm","-92 dBm","49 dB","Beacon frame, SN=2430, FN=0, Flags=........C, BI=100, SSID=""Z5319476"""
"27965","7.260798","e2:bb:15:72:70:e6","ff:ff:ff:ff:ff:ff","802.11","444","-42 dBm","-92 dBm","50 dB","Beacon frame, SN=2431, FN=0, Flags=........C, BI=100, SSID=""Z5319476"""
"28436","7.363303","e2:bb:15:72:70:e6","ff:ff:ff:ff:ff:ff","802.11","444","-43 dBm","-92 dBm","49 dB","Beacon frame, SN=2432, FN=0, Flags=........C, BI=100, SSID=""Z5319476"""
"28949","7.465935","e2:bb:15:72:70:e6","ff:ff:ff:ff:ff:ff","802.11","444","-42 dBm","-92 dBm","50 dB","Beacon frame, SN=2433, FN=0, Flags=........C, BI=100, SSID=""Z5319476"""
"29389","7.567949","e2:bb:15:72:70:e6","ff:ff:ff:ff:ff:ff","802.11","444","-43 dBm","-92 dBm","49 dB","Beacon frame, SN=2434, FN=0, Flags=........C, BI=100, SSID=""Z5319476"""
"29938","7.670173","e2:bb:15:72:70:e6","ff:ff:ff:ff:ff:ff","802.11","444","-44 dBm","-92 dBm","48 dB","Beacon frame, SN=2435, FN=0, Flags=........C, BI=100, SSID=""Z5319476"""
"30303","7.773151","e2:bb:15:72:70:e6","ff:ff:ff:ff:ff:ff","802.11","444","-44 dBm","-92 dBm","48 dB","Beacon frame, SN=2436, FN=0, Flags=........C, BI=100, SSID=""Z5319476"""
"30607","7.875433","e2:bb:15:72:70:e6","ff:ff:ff:ff:ff:ff","802.11","444","-43 dBm","-92 dBm","49 dB","Beacon frame, SN=2437, FN=0, Flags=........C, BI=100, SSID=""Z5319476"""
"30972","7.978060","e2:bb:15:72:70:e6","ff:ff:ff:ff:ff:ff","802.11","444","-43 dBm","-92 dBm","49 dB","Beacon frame, SN=2438, FN=0, Flags=........C, BI=100, SSID=""Z5319476"""
"31428","8.079998","e2:bb:15:72:70:e6","ff:ff:ff:ff:ff:ff","802.11","444","-44 dBm","-92 dBm","48 dB","Beacon frame, SN=2439, FN=0, Flags=........C, BI=100, SSID=""Z5319476"""
"31745","8.182326","e2:bb:15:72:70:e6","ff:ff:ff:ff:ff:ff","802.11","444","-43 dBm","-92 dBm","49 dB","Beacon frame, SN=2440, FN=0, Flags=........C, BI=100, SSID=""Z5319476"""
"32151","8.284930","e2:bb:15:72:70:e6","ff:ff:ff:ff:ff:ff","802.11","444","-44 dBm","-92 dBm","48 dB","Beacon frame, SN=2441, FN=0, Flags=........C, BI=100, SSID=""Z5319476"""
"32520","8.388547","e2:bb:15:72:70:e6","ff:ff:ff:ff:ff:ff","802.11","444","-43 dBm","-92 dBm","49 dB","Beacon frame, SN=2442, FN=0, Flags=........C, BI=100, SSID=""Z5319476"""
"32896","8.491282","e2:bb:15:72:70:e6","ff:ff:ff:ff:ff:ff","802.11","444","-43 dBm","-92 dBm","49 dB","Beacon frame, SN=2443, FN=0, Flags=........C, BI=100, SSID=""Z5319476"""
"33247","8.592012","e2:bb:15:72:70:e6","ff:ff:ff:ff:ff:ff","802.11","444","-43 dBm","-92 dBm","49 dB","Beacon frame, SN=2444, FN=0, Flags=........C, BI=100, SSID=""Z5319476"""
"33567","8.694704","e2:bb:15:72:70:e6","ff:ff:ff:ff:ff:ff","802.11","444","-43 dBm","-92 dBm","49 dB","Beacon frame, SN=2445, FN=0, Flags=........C, BI=100, SSID=""Z5319476"""
"33931","8.796813","e2:bb:15:72:70:e6","ff:ff:ff:ff:ff:ff","802.11","444","-43 dBm","-92 dBm","49 dB","Beacon frame, SN=2446, FN=0, Flags=........C, BI=100, SSID=""Z5319476"""
"34211","8.898849","e2:bb:15:72:70:e6","ff:ff:ff:ff:ff:ff","802.11","444","-43 dBm","-92 dBm","49 dB","Beacon frame, SN=2447, FN=0, Flags=........C, BI=100, SSID=""Z5319476"""
"34646","9.002109","e2:bb:15:72:70:e6","ff:ff:ff:ff:ff:ff","802.11","444","-43 dBm","-92 dBm","49 dB","Beacon frame, SN=2448, FN=0, Flags=........C, BI=100, SSID=""Z5319476"""
"35012","9.103642","e2:bb:15:72:70:e6","ff:ff:ff:ff:ff:ff","802.11","444","-44 dBm","-92 dBm","48 dB","Beacon frame, SN=2449, FN=0, Flags=........C, BI=100, SSID=""Z5319476"""
"35392","9.206443","e2:bb:15:72:70:e6","ff:ff:ff:ff:ff:ff","802.11","444","-43 dBm","-92 dBm","49 dB","Beacon frame, SN=2450, FN=0, Flags=........C, BI=100, SSID=""Z5319476"""
"35757","9.309067","e2:bb:15:72:70:e6","ff:ff:ff:ff:ff:ff","802.11","444","-43 dBm","-92 dBm","49 dB","Beacon frame, SN=2451, FN=0, Flags=........C, BI=100, SSID=""Z5319476"""
"36188","9.411293","e2:bb:15:72:70:e6","ff:ff:ff:ff:ff:ff","802.11","444","-43 dBm","-92 dBm","49 dB","Beacon frame, SN=2452, FN=0, Flags=........C, BI=100, SSID=""Z5319476"""
"36608","9.513222","e2:bb:15:72:70:e6","ff:ff:ff:ff:ff:ff","802.11","444","-44 dBm","-92 dBm","48 dB","Beacon frame, SN=2453, FN=0, Flags=........C, BI=100, SSID=""Z5319476"""
"36970","9.616173","e2:bb:15:72:70:e6","ff:ff:ff:ff:ff:ff","802.11","444","-43 dBm","-92 dBm","49 dB","Beacon frame, SN=2454, FN=0, Flags=........C, BI=100, SSID=""Z5319476"""
"37380","9.718693","e2:bb:15:72:70:e6","ff:ff:ff:ff:ff:ff","802.11","444","-43 dBm","-92 dBm","49 dB","Beacon frame, SN=2455, FN=0, Flags=........C, BI=100, SSID=""Z5319476"""
"37775","9.820973","e2:bb:15:72:70:e6","ff:ff:ff:ff:ff:ff","802.11","444","-43 dBm","-92 dBm","49 dB","Beacon frame, SN=2456, FN=0, Flags=........C, BI=100, SSID=""Z5319476"""
"38208","9.922962","e2:bb:15:72:70:e6","ff:ff:ff:ff:ff:ff","802.11","444","-44 dBm","-92 dBm","48 dB","Beacon frame, SN=2457, FN=0, Flags=........C, BI=100, SSID=""Z5319476"""
"38913","10.127931","e2:bb:15:72:70:e6","ff:ff:ff:ff:ff:ff","802.11","444","-42 dBm","-92 dBm","50 dB","Beacon frame, SN=2459, FN=0, Flags=........C, BI=100, SSID=""Z5319476"""
"39287","10.231196","e2:bb:15:72:70:e6","ff:ff:ff:ff:ff:ff","802.11","444","-44 dBm","-92 dBm","48 dB","Beacon frame, SN=2460, FN=0, Flags=........C, BI=100, SSID=""Z5319476"""
"39737","10.332714","e2:bb:15:72:70:e6","ff:ff:ff:ff:ff:ff","802.11","444","-43 dBm","-92 dBm","49 dB","Beacon frame, SN=2461, FN=0, Flags=........C, BI=100, SSID=""Z5319476"""
"40126","10.434874","e2:bb:15:72:70:e6","ff:ff:ff:ff:ff:ff","802.11","444","-43 dBm","-92 dBm","49 dB","Beacon frame, SN=2462, FN=0, Flags=........C, BI=100, SSID=""Z5319476"""
"40467","10.537633","e2:bb:15:72:70:e6","ff:ff:ff:ff:ff:ff","802.11","444","-44 dBm","-92 dBm","48 dB","Beacon frame, SN=2463, FN=0, Flags=........C, BI=100, SSID=""Z5319476"""
"40811","10.639957","e2:bb:15:72:70:e6","ff:ff:ff:ff:ff:ff","802.11","444","-44 dBm","-92 dBm","48 dB","Beacon frame, SN=2464, FN=0, Flags=........C, BI=100, SSID=""Z5319476"""
"41198","10.742019","e2:bb:15:72:70:e6","ff:ff:ff:ff:ff:ff","802.11","444","-42 dBm","-92 dBm","50 dB","Beacon frame, SN=2465, FN=0, Flags=........C, BI=100, SSID=""Z5319476"""
"41611","10.844875","e2:bb:15:72:70:e6","ff:ff:ff:ff:ff:ff","802.11","444","-43 dBm","-92 dBm","49 dB","Beacon frame, SN=2466, FN=0, Flags=........C, BI=100, SSID=""Z5319476"""
"41925","10.947089","e2:bb:15:72:70:e6","ff:ff:ff:ff:ff:ff","802.11","444","-42 dBm","-92 dBm","50 dB","Beacon frame, SN=2467, FN=0, Flags=........C, BI=100, SSID=""Z5319476"""
"42299","11.049640","e2:bb:15:72:70:e6","ff:ff:ff:ff:ff:ff","802.11","444","-44 dBm","-92 dBm","48 dB","Beacon frame, SN=2468, FN=0, Flags=........C, BI=100, SSID=""Z5319476"""
"42683","11.151987","e2:bb:15:72:70:e6","ff:ff:ff:ff:ff:ff","802.11","444","-43 dBm","-92 dBm","49 dB","Beacon frame, SN=2469, FN=0, Flags=........C, BI=100, SSID=""Z5319476"""
"43011","11.254585","e2:bb:15:72:70:e6","ff:ff:ff:ff:ff:ff","802.11","444","-45 dBm","-92 dBm","47 dB","Beacon frame, SN=2470, FN=0, Flags=........C, BI=100, SSID=""Z5319476"""
"43334","11.356376","e2:bb:15:72:70:e6","ff:ff:ff:ff:ff:ff","802.11","444","-41 dBm","-92 dBm","51 dB","Beacon frame, SN=2471, FN=0, Flags=........C, BI=100, SSID=""Z5319476"""
"43736","11.459195","e2:bb:15:72:70:e6","ff:ff:ff:ff:ff:ff","802.11","444","-43 dBm","-92 dBm","49 dB","Beacon frame, SN=2472, FN=0, Flags=........C, BI=100, SSID=""Z5319476"""
"44045","11.561198","e2:bb:15:72:70:e6","ff:ff:ff:ff:ff:ff","802.11","444","-44 dBm","-92 dBm","48 dB","Beacon frame, SN=2473, FN=0, Flags=........C, BI=100, SSID=""Z5319476"""
"44432","11.663912","e2:bb:15:72:70:e6","ff:ff:ff:ff:ff:ff","802.11","444","-44 dBm","-92 dBm","48 dB","Beacon frame, SN=2474, FN=0, Flags=........C, BI=100, SSID=""Z5319476"""
"44792","11.766417","e2:bb:15:72:70:e6","ff:ff:ff:ff:ff:ff","802.11","444","-43 dBm","-92 dBm","49 dB","Beacon frame, SN=2475, FN=0, Flags=........C, BI=100, SSID=""Z5319476"""
"45208","11.868705","e2:bb:15:72:70:e6","ff:ff:ff:ff:ff:ff","802.11","444","-43 dBm","-92 dBm","49 dB","Beacon frame, SN=2476, FN=0, Flags=........C, BI=100, SSID=""Z5319476"""
"45725","11.971273","e2:bb:15:72:70:e6","ff:ff:ff:ff:ff:ff","802.11","444","-41 dBm","-92 dBm","51 dB","Beacon frame, SN=2477, FN=0, Flags=........C, BI=100, SSID=""Z5319476"""
"46244","12.073799","e2:bb:15:72:70:e6","ff:ff:ff:ff:ff:ff","802.11","444","-42 dBm","-92 dBm","50 dB","Beacon frame, SN=2478, FN=0, Flags=........C, BI=100, SSID=""Z5319476"""
"46683","12.176463","e2:bb:15:72:70:e6","ff:ff:ff:ff:ff:ff","802.11","444","-43 dBm","-92 dBm","49 dB","Beacon frame, SN=2479, FN=0, Flags=........C, BI=100, SSID=""Z5319476"""
"47111","12.278576","e2:bb:15:72:70:e6","ff:ff:ff:ff:ff:ff","802.11","444","-42 dBm","-92 dBm","50 dB","Beacon frame, SN=2480, FN=0, Flags=........C, BI=100, SSID=""Z5319476"""
"47405","12.380356","e2:bb:15:72:70:e6","ff:ff:ff:ff:ff:ff","802.11","444","-43 dBm","-92 dBm","49 dB","Beacon frame, SN=2481, FN=0, Flags=........C, BI=100, SSID=""Z5319476"""
"47848","12.483399","e2:bb:15:72:70:e6","ff:ff:ff:ff:ff:ff","802.11","444","-43 dBm","-92 dBm","49 dB","Beacon frame, SN=2482, FN=0, Flags=........C, BI=100, SSID=""Z5319476"""
"48223","12.585889","e2:bb:15:72:70:e6","ff:ff:ff:ff:ff:ff","802.11","444","-43 dBm","-92 dBm","49 dB","Beacon frame, SN=2483, FN=0, Flags=........C, BI=100, SSID=""Z5319476"""
"48676","12.687977","e2:bb:15:72:70:e6","ff:ff:ff:ff:ff:ff","802.11","444","-43 dBm","-92 dBm","49 dB","Beacon frame, SN=2484, FN=0, Flags=........C, BI=100, SSID=""Z5319476"""
"49181","12.790404","e2:bb:15:72:70:e6","ff:ff:ff:ff:ff:ff","802.11","444","-41 dBm","-92 dBm","51 dB","Beacon frame, SN=2485, FN=0, Flags=........C, BI=100, SSID=""Z5319476"""
"49643","12.893422","e2:bb:15:72:70:e6","ff:ff:ff:ff:ff:ff","802.11","444","-43 dBm","-92 dBm","49 dB","Beacon frame, SN=2486, FN=0, Flags=........C, BI=100, SSID=""Z5319476"""
"50160","12.995179","e2:bb:15:72:70:e6","ff:ff:ff:ff:ff:ff","802.11","444","-43 dBm","-92 dBm","49 dB","Beacon frame, SN=2487, FN=0, Flags=........C, BI=100, SSID=""Z5319476"""
"50609","13.097489","e2:bb:15:72:70:e6","ff:ff:ff:ff:ff:ff","802.11","444","-44 dBm","-92 dBm","48 dB","Beacon frame, SN=2488, FN=0, Flags=........C, BI=100, SSID=""Z5319476"""
"50959","13.199736","e2:bb:15:72:70:e6","ff:ff:ff:ff:ff:ff","802.11","444","-44 dBm","-92 dBm","48 dB","Beacon frame, SN=2489, FN=0, Flags=........C, BI=100, SSID=""Z5319476"""
"51351","13.302197","e2:bb:15:72:70:e6","ff:ff:ff:ff:ff:ff","802.11","444","-44 dBm","-92 dBm","48 dB","Beacon frame, SN=2490, FN=0, Flags=........C, BI=100, SSID=""Z5319476"""
"51737","13.404586","e2:bb:15:72:70:e6","ff:ff:ff:ff:ff:ff","802.11","444","-44 dBm","-92 dBm","48 dB","Beacon frame, SN=2491, FN=0, Flags=........C, BI=100, SSID=""Z5319476"""
"52079","13.507162","e2:bb:15:72:70:e6","ff:ff:ff:ff:ff:ff","802.11","444","-43 dBm","-92 dBm","49 dB","Beacon frame, SN=2492, FN=0, Flags=........C, BI=100, SSID=""Z5319476"""
"52314","13.609606","e2:bb:15:72:70:e6","ff:ff:ff:ff:ff:ff","802.11","444","-43 dBm","-92 dBm","49 dB","Beacon frame, SN=2493, FN=0, Flags=........C, BI=100, SSID=""Z5319476"""
"52649","13.711943","e2:bb:15:72:70:e6","ff:ff:ff:ff:ff:ff","802.11","444","-44 dBm","-92 dBm","48 dB","Beacon frame, SN=2494, FN=0, Flags=........C, BI=100, SSID=""Z5319476"""
"52973","13.813946","e2:bb:15:72:70:e6","ff:ff:ff:ff:ff:ff","802.11","444","-44 dBm","-92 dBm","48 dB","Beacon frame, SN=2495, FN=0, Flags=........C, BI=100, SSID=""Z5319476"""
"53319","13.916450","e2:bb:15:72:70:e6","ff:ff:ff:ff:ff:ff","802.11","444","-44 dBm","-92 dBm","48 dB","Beacon frame, SN=2496, FN=0, Flags=........C, BI=100, SSID=""Z5319476"""
"53677","14.019393","e2:bb:15:72:70:e6","ff:ff:ff:ff:ff:ff","802.11","444","-44 dBm","-92 dBm","48 dB","Beacon frame, SN=2497, FN=0, Flags=........C, BI=100, SSID=""Z5319476"""
"54030","14.121328","e2:bb:15:72:70:e6","ff:ff:ff:ff:ff:ff","802.11","444","-44 dBm","-92 dBm","48 dB","Beacon frame, SN=2498, FN=0, Flags=........C, BI=100, SSID=""Z5319476"""
"54489","14.224182","e2:bb:15:72:70:e6","ff:ff:ff:ff:ff:ff","802.11","444","-44 dBm","-92 dBm","48 dB","Beacon frame, SN=2499, FN=0, Flags=........C, BI=100, SSID=""Z5319476"""
"54855","14.326588","e2:bb:15:72:70:e6","ff:ff:ff:ff:ff:ff","802.11","444","-44 dBm","-92 dBm","48 dB","Beacon frame, SN=2500, FN=0, Flags=........C, BI=100, SSID=""Z5319476"""
"56132","14.633752","e2:bb:15:72:70:e6","ff:ff:ff:ff:ff:ff","802.11","444","-44 dBm","-92 dBm","48 dB","Beacon frame, SN=2503, FN=0, Flags=........C, BI=100, SSID=""Z5319476"""
"56522","14.735540","e2:bb:15:72:70:e6","ff:ff:ff:ff:ff:ff","802.11","444","-44 dBm","-92 dBm","48 dB","Beacon frame, SN=2504, FN=0, Flags=........C, BI=100, SSID=""Z5319476"""
"56872","14.837892","e2:bb:15:72:70:e6","ff:ff:ff:ff:ff:ff","802.11","444","-45 dBm","-92 dBm","47 dB","Beacon frame, SN=2505, FN=0, Flags=........C, BI=100, SSID=""Z5319476"""
"57234","14.940314","e2:bb:15:72:70:e6","ff:ff:ff:ff:ff:ff","802.11","444","-44 dBm","-92 dBm","48 dB","Beacon frame, SN=2506, FN=0, Flags=........C, BI=100, SSID=""Z5319476"""
"57575","15.043457","e2:bb:15:72:70:e6","ff:ff:ff:ff:ff:ff","802.11","444","-44 dBm","-92 dBm","48 dB","Beacon frame, SN=2507, FN=0, Flags=........C, BI=100, SSID=""Z5319476"""
"58015","15.145548","e2:bb:15:72:70:e6","ff:ff:ff:ff:ff:ff","802.11","444","-42 dBm","-92 dBm","50 dB","Beacon frame, SN=2508, FN=0, Flags=........C, BI=100, SSID=""Z5319476"""
"58403","15.247841","e2:bb:15:72:70:e6","ff:ff:ff:ff:ff:ff","802.11","444","-44 dBm","-92 dBm","48 dB","Beacon frame, SN=2509, FN=0, Flags=........C, BI=100, SSID=""Z5319476"""
"58798","15.349937","e2:bb:15:72:70:e6","ff:ff:ff:ff:ff:ff","802.11","444","-43 dBm","-92 dBm","49 dB","Beacon frame, SN=2510, FN=0, Flags=........C, BI=100, SSID=""Z5319476"""
"59245","15.452327","e2:bb:15:72:70:e6","ff:ff:ff:ff:ff:ff","802.11","444","-43 dBm","-92 dBm","49 dB","Beacon frame, SN=2512, FN=0, Flags=........C, BI=100, SSID=""Z5319476"""
"59582","15.554506","e2:bb:15:72:70:e6","ff:ff:ff:ff:ff:ff","802.11","444","-44 dBm","-92 dBm","48 dB","Beacon frame, SN=2513, FN=0, Flags=........C, BI=100, SSID=""Z5319476"""
"59948","15.657160","e2:bb:15:72:70:e6","ff:ff:ff:ff:ff:ff","802.11","444","-43 dBm","-92 dBm","49 dB","Beacon frame, SN=2514, FN=0, Flags=........C, BI=100, SSID=""Z5319476"""
"60232","15.765010","e2:bb:15:72:70:e6","ff:ff:ff:ff:ff:ff","802.11","444","-43 dBm","-92 dBm","49 dB","Beacon frame, SN=2515, FN=0, Flags=........C, BI=100, SSID=""Z5319476"""
"60485","15.861877","e2:bb:15:72:70:e6","ff:ff:ff:ff:ff:ff","802.11","444","-43 dBm","-92 dBm","49 dB","Beacon frame, SN=2516, FN=0, Flags=........C, BI=100, SSID=""Z5319476"""
"60930","15.964793","e2:bb:15:72:70:e6","ff:ff:ff:ff:ff:ff","802.11","444","-43 dBm","-92 dBm","49 dB","Beacon frame, SN=2517, FN=0, Flags=........C, BI=100, SSID=""Z5319476"""
"61328","16.067094","e2:bb:15:72:70:e6","ff:ff:ff:ff:ff:ff","802.11","444","-43 dBm","-92 dBm","49 dB","Beacon frame, SN=2519, FN=0, Flags=........C, BI=100, SSID=""Z5319476"""
"61683","16.170322","e2:bb:15:72:70:e6","ff:ff:ff:ff:ff:ff","802.11","444","-43 dBm","-92 dBm","49 dB","Beacon frame, SN=2520, FN=0, Flags=........C, BI=100, SSID=""Z5319476"""
"62098","16.272423","e2:bb:15:72:70:e6","ff:ff:ff:ff:ff:ff","802.11","444","-43 dBm","-92 dBm","49 dB","Beacon frame, SN=2521, FN=0, Flags=........C, BI=100, SSID=""Z5319476"""
"62394","16.374246","e2:bb:15:72:70:e6","ff:ff:ff:ff:ff:ff","802.11","444","-42 dBm","-92 dBm","50 dB","Beacon frame, SN=2522, FN=0, Flags=........C, BI=100, SSID=""Z5319476"""
"62754","16.476255","e2:bb:15:72:70:e6","ff:ff:ff:ff:ff:ff","802.11","444","-43 dBm","-92 dBm","49 dB","Beacon frame, SN=2523, FN=0, Flags=........C, BI=100, SSID=""Z5319476"""
"63141","16.578718","e2:bb:15:72:70:e6","ff:ff:ff:ff:ff:ff","802.11","444","-43 dBm","-92 dBm","49 dB","Beacon frame, SN=2524, FN=0, Flags=........C, BI=100, SSID=""Z5319476"""
"63473","16.681544","e2:bb:15:72:70:e6","ff:ff:ff:ff:ff:ff","802.11","444","-43 dBm","-92 dBm","49 dB","Beacon frame, SN=2525, FN=0, Flags=........C, BI=100, SSID=""Z5319476"""
"63873","16.784095","e2:bb:15:72:70:e6","ff:ff:ff:ff:ff:ff","802.11","444","-43 dBm","-92 dBm","49 dB","Beacon frame, SN=2526, FN=0, Flags=........C, BI=100, SSID=""Z5319476"""
"64226","16.886614","e2:bb:15:72:70:e6","ff:ff:ff:ff:ff:ff","802.11","444","-43 dBm","-92 dBm","49 dB","Beacon frame, SN=2528, FN=0, Flags=........C, BI=100, SSID=""Z5319476"""
"64643","16.989034","e2:bb:15:72:70:e6","ff:ff:ff:ff:ff:ff","802.11","444","-43 dBm","-92 dBm","49 dB","Beacon frame, SN=2529, FN=0, Flags=........C, BI=100, SSID=""Z5319476"""
"65067","17.090897","e2:bb:15:72:70:e6","ff:ff:ff:ff:ff:ff","802.11","444","-43 dBm","-92 dBm","49 dB","Beacon frame, SN=2530, FN=0, Flags=........C, BI=100, SSID=""Z5319476"""
"65520","17.193661","e2:bb:15:72:70:e6","ff:ff:ff:ff:ff:ff","802.11","444","-43 dBm","-92 dBm","49 dB","Beacon frame, SN=2531, FN=0, Flags=........C, BI=100, SSID=""Z5319476"""
"65988","17.295845","e2:bb:15:72:70:e6","ff:ff:ff:ff:ff:ff","802.11","444","-42 dBm","-92 dBm","50 dB","Beacon frame, SN=2532, FN=0, Flags=........C, BI=100, SSID=""Z5319476"""
"66456","17.398001","e2:bb:15:72:70:e6","ff:ff:ff:ff:ff:ff","802.11","444","-43 dBm","-92 dBm","49 dB","Beacon frame, SN=2533, FN=0, Flags=........C, BI=100, SSID=""Z5319476"""
"67085","17.501007","e2:bb:15:72:70:e6","ff:ff:ff:ff:ff:ff","802.11","444","-43 dBm","-92 dBm","49 dB","Beacon frame, SN=2534, FN=0, Flags=........C, BI=100, SSID=""Z5319476"""
"67476","17.602669","e2:bb:15:72:70:e6","ff:ff:ff:ff:ff:ff","802.11","444","-41 dBm","-92 dBm","51 dB","Beacon frame, SN=2535, FN=0, Flags=........C, BI=100, SSID=""Z5319476"""
"67907","17.706741","e2:bb:15:72:70:e6","ff:ff:ff:ff:ff:ff","802.11","444","-43 dBm","-92 dBm","49 dB","Beacon frame, SN=2536, FN=0, Flags=........C, BI=100, SSID=""Z5319476"""
"68313","17.807399","e2:bb:15:72:70:e6","ff:ff:ff:ff:ff:ff","802.11","444","-44 dBm","-92 dBm","48 dB","Beacon frame, SN=2537, FN=0, Flags=........C, BI=100, SSID=""Z5319476"""
"68841","17.909856","e2:bb:15:72:70:e6","ff:ff:ff:ff:ff:ff","802.11","444","-44 dBm","-92 dBm","48 dB","Beacon frame, SN=2538, FN=0, Flags=........C, BI=100, SSID=""Z5319476"""
"69435","18.012186","e2:bb:15:72:70:e6","ff:ff:ff:ff:ff:ff","802.11","444","-44 dBm","-92 dBm","48 dB","Beacon frame, SN=2539, FN=0, Flags=........C, BI=100, SSID=""Z5319476"""
"70011","18.115272","e2:bb:15:72:70:e6","ff:ff:ff:ff:ff:ff","802.11","444","-43 dBm","-92 dBm","49 dB","Beacon frame, SN=2540, FN=0, Flags=........C, BI=100, SSID=""Z5319476"""
"70600","18.217881","e2:bb:15:72:70:e6","ff:ff:ff:ff:ff:ff","802.11","444","-42 dBm","-92 dBm","50 dB","Beacon frame, SN=2541, FN=0, Flags=........C, BI=100, SSID=""Z5319476"""
"71003","18.319813","e2:bb:15:72:70:e6","ff:ff:ff:ff:ff:ff","802.11","444","-43 dBm","-92 dBm","49 dB","Beacon frame, SN=2543, FN=0, Flags=........C, BI=100, SSID=""Z5319476"""
"71335","18.421752","e2:bb:15:72:70:e6","ff:ff:ff:ff:ff:ff","802.11","444","-43 dBm","-92 dBm","49 dB","Beacon frame, SN=2544, FN=0, Flags=........C, BI=100, SSID=""Z5319476"""
"71709","18.524498","e2:bb:15:72:70:e6","ff:ff:ff:ff:ff:ff","802.11","444","-43 dBm","-92 dBm","49 dB","Beacon frame, SN=2545, FN=0, Flags=........C, BI=100, SSID=""Z5319476"""
"71987","18.626314","e2:bb:15:72:70:e6","ff:ff:ff:ff:ff:ff","802.11","444","-44 dBm","-92 dBm","48 dB","Beacon frame, SN=2546, FN=0, Flags=........C, BI=100, SSID=""Z5319476"""
"72387","18.730632","e2:bb:15:72:70:e6","ff:ff:ff:ff:ff:ff","802.11","444","-44 dBm","-92 dBm","48 dB","Beacon frame, SN=2547, FN=0, Flags=........C, BI=100, SSID=""Z5319476"""
"73297","18.934339","e2:bb:15:72:70:e6","ff:ff:ff:ff:ff:ff","802.11","444","-43 dBm","-92 dBm","49 dB","Beacon frame, SN=2549, FN=0, Flags=........C, BI=100, SSID=""Z5319476"""
"74101","19.138564","e2:bb:15:72:70:e6","ff:ff:ff:ff:ff:ff","802.11","444","-44 dBm","-92 dBm","48 dB","Beacon frame, SN=2551, FN=0, Flags=........C, BI=100, SSID=""Z5319476"""
"74652","19.241886","e2:bb:15:72:70:e6","ff:ff:ff:ff:ff:ff","802.11","444","-44 dBm","-92 dBm","48 dB","Beacon frame, SN=2552, FN=0, Flags=........C, BI=100, SSID=""Z5319476"""
"75044","19.343538","e2:bb:15:72:70:e6","ff:ff:ff:ff:ff:ff","802.11","444","-43 dBm","-92 dBm","49 dB","Beacon frame, SN=2553, FN=0, Flags=........C, BI=100, SSID=""Z5319476"""
"75375","19.446368","e2:bb:15:72:70:e6","ff:ff:ff:ff:ff:ff","802.11","444","-43 dBm","-92 dBm","49 dB","Beacon frame, SN=2554, FN=0, Flags=........C, BI=100, SSID=""Z5319476"""
"75793","19.548859","e2:bb:15:72:70:e6","ff:ff:ff:ff:ff:ff","802.11","444","-43 dBm","-92 dBm","49 dB","Beacon frame, SN=2555, FN=0, Flags=........C, BI=100, SSID=""Z5319476"""
"76158","19.650548","e2:bb:15:72:70:e6","ff:ff:ff:ff:ff:ff","802.11","444","-44 dBm","-92 dBm","48 dB","Beacon frame, SN=2556, FN=0, Flags=........C, BI=100, SSID=""Z5319476"""
"76543","19.753051","e2:bb:15:72:70:e6","ff:ff:ff:ff:ff:ff","802.11","444","-43 dBm","-92 dBm","49 dB","Beacon frame, SN=2557, FN=0, Flags=........C, BI=100, SSID=""Z5319476"""
"76910","19.855960","e2:bb:15:72:70:e6","ff:ff:ff:ff:ff:ff","802.11","444","-43 dBm","-92 dBm","49 dB","Beacon frame, SN=2558, FN=0, Flags=........C, BI=100, SSID=""Z5319476"""
"77370","19.957958","e2:bb:15:72:70:e6","ff:ff:ff:ff:ff:ff","802.11","444","-44 dBm","-92 dBm","48 dB","Beacon frame, SN=2559, FN=0, Flags=........C, BI=100, SSID=""Z5319476"""
"77758","20.060682","e2:bb:15:72:70:e6","ff:ff:ff:ff:ff:ff","802.11","444","-44 dBm","-92 dBm","48 dB","Beacon frame, SN=2560, FN=0, Flags=........C, BI=100, SSID=""Z5319476"""
"78245","20.162489","e2:bb:15:72:70:e6","ff:ff:ff:ff:ff:ff","802.11","444","-44 dBm","-92 dBm","48 dB","Beacon frame, SN=2561, FN=0, Flags=........C, BI=100, SSID=""Z5319476"""
"78604","20.265022","e2:bb:15:72:70:e6","ff:ff:ff:ff:ff:ff","802.11","444","-43 dBm","-92 dBm","49 dB","Beacon frame, SN=2562, FN=0, Flags=........C, BI=100, SSID=""Z5319476"""
"79005","20.367357","e2:bb:15:72:70:e6","ff:ff:ff:ff:ff:ff","802.11","444","-43 dBm","-92 dBm","49 dB","Beacon frame, SN=2563, FN=0, Flags=........C, BI=100, SSID=""Z5319476"""
"79342","20.469841","e2:bb:15:72:70:e6","ff:ff:ff:ff:ff:ff","802.11","444","-43 dBm","-92 dBm","49 dB","Beacon frame, SN=2564, FN=0, Flags=........C, BI=100, SSID=""Z5319476"""
"79719","20.572135","e2:bb:15:72:70:e6","ff:ff:ff:ff:ff:ff","802.11","444","-43 dBm","-92 dBm","49 dB","Beacon frame, SN=2565, FN=0, Flags=........C, BI=100, SSID=""Z5319476"""
"80236","20.676699","e2:bb:15:72:70:e6","ff:ff:ff:ff:ff:ff","802.11","444","-43 dBm","-92 dBm","49 dB","Beacon frame, SN=2566, FN=0, Flags=........C, BI=100, SSID=""Z5319476"""
"80803","20.777777","e2:bb:15:72:70:e6","ff:ff:ff:ff:ff:ff","802.11","444","-40 dBm","-92 dBm","52 dB","Beacon frame, SN=2567, FN=0, Flags=........C, BI=100, SSID=""Z5319476"""
"81367","20.879585","e2:bb:15:72:70:e6","ff:ff:ff:ff:ff:ff","802.11","444","-41 dBm","-92 dBm","51 dB","Beacon frame, SN=2568, FN=0, Flags=........C, BI=100, SSID=""Z5319476"""
"81881","20.981821","e2:bb:15:72:70:e6","ff:ff:ff:ff:ff:ff","802.11","444","-41 dBm","-92 dBm","51 dB","Beacon frame, SN=2569, FN=0, Flags=........C, BI=100, SSID=""Z5319476"""
"82370","21.084465","e2:bb:15:72:70:e6","ff:ff:ff:ff:ff:ff","802.11","444","-43 dBm","-92 dBm","49 dB","Beacon frame, SN=2570, FN=0, Flags=........C, BI=100, SSID=""Z5319476"""
"82817","21.186576","e2:bb:15:72:70:e6","ff:ff:ff:ff:ff:ff","802.11","444","-45 dBm","-92 dBm","47 dB","Beacon frame, SN=2571, FN=0, Flags=........C, BI=100, SSID=""Z5319476"""
"83222","21.289075","e2:bb:15:72:70:e6","ff:ff:ff:ff:ff:ff","802.11","444","-44 dBm","-92 dBm","48 dB","Beacon frame, SN=2572, FN=0, Flags=........C, BI=100, SSID=""Z5319476"""
"83611","21.391373","e2:bb:15:72:70:e6","ff:ff:ff:ff:ff:ff","802.11","444","-44 dBm","-92 dBm","48 dB","Beacon frame, SN=2573, FN=0, Flags=........C, BI=100, SSID=""Z5319476"""
"83930","21.493980","e2:bb:15:72:70:e6","ff:ff:ff:ff:ff:ff","802.11","444","-45 dBm","-92 dBm","47 dB","Beacon frame, SN=2574, FN=0, Flags=........C, BI=100, SSID=""Z5319476"""
"84243","21.596107","e2:bb:15:72:70:e6","ff:ff:ff:ff:ff:ff","802.11","444","-44 dBm","-92 dBm","48 dB","Beacon frame, SN=2575, FN=0, Flags=........C, BI=100, SSID=""Z5319476"""
"84560","21.699298","e2:bb:15:72:70:e6","ff:ff:ff:ff:ff:ff","802.11","444","-43 dBm","-92 dBm","49 dB","Beacon frame, SN=2576, FN=0, Flags=........C, BI=100, SSID=""Z5319476"""
"84919","21.800959","e2:bb:15:72:70:e6","ff:ff:ff:ff:ff:ff","802.11","444","-44 dBm","-92 dBm","48 dB","Beacon frame, SN=2577, FN=0, Flags=........C, BI=100, SSID=""Z5319476"""
"85581","22.005649","e2:bb:15:72:70:e6","ff:ff:ff:ff:ff:ff","802.11","444","-44 dBm","-92 dBm","48 dB","Beacon frame, SN=2579, FN=0, Flags=........C, BI=100, SSID=""Z5319476"""
"85843","22.109564","e2:bb:15:72:70:e6","ff:ff:ff:ff:ff:ff","802.11","444","-44 dBm","-92 dBm","48 dB","Beacon frame, SN=2580, FN=0, Flags=........C, BI=100, SSID=""Z5319476"""
"86071","22.210456","e2:bb:15:72:70:e6","ff:ff:ff:ff:ff:ff","802.11","444","-45 dBm","-92 dBm","47 dB","Beacon frame, SN=2581, FN=0, Flags=........C, BI=100, SSID=""Z5319476"""
"86296","22.312858","e2:bb:15:72:70:e6","ff:ff:ff:ff:ff:ff","802.11","444","-44 dBm","-92 dBm","48 dB","Beacon frame, SN=2582, FN=0, Flags=........C, BI=100, SSID=""Z5319476"""
"86606","22.415394","e2:bb:15:72:70:e6","ff:ff:ff:ff:ff:ff","802.11","444","-42 dBm","-92 dBm","50 dB","Beacon frame, SN=2583, FN=0, Flags=........C, BI=100, SSID=""Z5319476"""
"86939","22.518114","e2:bb:15:72:70:e6","ff:ff:ff:ff:ff:ff","802.11","444","-44 dBm","-92 dBm","48 dB","Beacon frame, SN=2584, FN=0, Flags=........C, BI=100, SSID=""Z5319476"""
"87261","22.620048","e2:bb:15:72:70:e6","ff:ff:ff:ff:ff:ff","802.11","444","-43 dBm","-92 dBm","49 dB","Beacon frame, SN=2585, FN=0, Flags=........C, BI=100, SSID=""Z5319476"""
"87592","22.722660","e2:bb:15:72:70:e6","ff:ff:ff:ff:ff:ff","802.11","444","-43 dBm","-92 dBm","49 dB","Beacon frame, SN=2586, FN=0, Flags=........C, BI=100, SSID=""Z5319476"""
"87907","22.825195","e2:bb:15:72:70:e6","ff:ff:ff:ff:ff:ff","802.11","444","-43 dBm","-92 dBm","49 dB","Beacon frame, SN=2587, FN=0, Flags=........C, BI=100, SSID=""Z5319476"""
"88304","22.927764","e2:bb:15:72:70:e6","ff:ff:ff:ff:ff:ff","802.11","444","-43 dBm","-92 dBm","49 dB","Beacon frame, SN=2588, FN=0, Flags=........C, BI=100, SSID=""Z5319476"""
"88660","23.029918","e2:bb:15:72:70:e6","ff:ff:ff:ff:ff:ff","802.11","444","-43 dBm","-92 dBm","49 dB","Beacon frame, SN=2589, FN=0, Flags=........C, BI=100, SSID=""Z5319476"""
"89033","23.132405","e2:bb:15:72:70:e6","ff:ff:ff:ff:ff:ff","802.11","444","-43 dBm","-92 dBm","49 dB","Beacon frame, SN=2590, FN=0, Flags=........C, BI=100, SSID=""Z5319476"""
"89385","23.234539","e2:bb:15:72:70:e6","ff:ff:ff:ff:ff:ff","802.11","444","-44 dBm","-92 dBm","48 dB","Beacon frame, SN=2591, FN=0, Flags=........C, BI=100, SSID=""Z5319476"""
"89790","23.337271","e2:bb:15:72:70:e6","ff:ff:ff:ff:ff:ff","802.11","444","-44 dBm","-92 dBm","48 dB","Beacon frame, SN=2592, FN=0, Flags=........C, BI=100, SSID=""Z5319476"""
"90250","23.439370","e2:bb:15:72:70:e6","ff:ff:ff:ff:ff:ff","802.11","444","-43 dBm","-92 dBm","49 dB","Beacon frame, SN=2593, FN=0, Flags=........C, BI=100, SSID=""Z5319476"""
"90795","23.542378","e2:bb:15:72:70:e6","ff:ff:ff:ff:ff:ff","802.11","444","-42 dBm","-92 dBm","50 dB","Beacon frame, SN=2594, FN=0, Flags=........C, BI=100, SSID=""Z5319476"""
"91226","23.644284","e2:bb:15:72:70:e6","ff:ff:ff:ff:ff:ff","802.11","444","-42 dBm","-92 dBm","50 dB","Beacon frame, SN=2595, FN=0, Flags=........C, BI=100, SSID=""Z5319476"""
"91563","23.747362","e2:bb:15:72:70:e6","ff:ff:ff:ff:ff:ff","802.11","444","-42 dBm","-92 dBm","50 dB","Beacon frame, SN=2596, FN=0, Flags=........C, BI=100, SSID=""Z5319476"""
"91859","23.848909","e2:bb:15:72:70:e6","ff:ff:ff:ff:ff:ff","802.11","444","-42 dBm","-92 dBm","50 dB","Beacon frame, SN=2597, FN=0, Flags=........C, BI=100, SSID=""Z5319476"""
"92240","23.951304","e2:bb:15:72:70:e6","ff:ff:ff:ff:ff:ff","802.11","444","-43 dBm","-92 dBm","49 dB","Beacon frame, SN=2598, FN=0, Flags=........C, BI=100, SSID=""Z5319476"""
"92749","24.054126","e2:bb:15:72:70:e6","ff:ff:ff:ff:ff:ff","802.11","444","-43 dBm","-92 dBm","49 dB","Beacon frame, SN=2599, FN=0, Flags=........C, BI=100, SSID=""Z5319476"""
"93200","24.156676","e2:bb:15:72:70:e6","ff:ff:ff:ff:ff:ff","802.11","444","-42 dBm","-92 dBm","50 dB","Beacon frame, SN=2600, FN=0, Flags=........C, BI=100, SSID=""Z5319476"""
"93639","24.258953","e2:bb:15:72:70:e6","ff:ff:ff:ff:ff:ff","802.11","444","-43 dBm","-92 dBm","49 dB","Beacon frame, SN=2601, FN=0, Flags=........C, BI=100, SSID=""Z5319476"""
"93947","24.361373","e2:bb:15:72:70:e6","ff:ff:ff:ff:ff:ff","802.11","444","-43 dBm","-92 dBm","49 dB","Beacon frame, SN=2602, FN=0, Flags=........C, BI=100, SSID=""Z5319476"""
"94246","24.466659","e2:bb:15:72:70:e6","ff:ff:ff:ff:ff:ff","802.11","444","-42 dBm","-92 dBm","50 dB","Beacon frame, SN=2603, FN=0, Flags=........C, BI=100, SSID=""Z5319476"""
"94507","24.566099","e2:bb:15:72:70:e6","ff:ff:ff:ff:ff:ff","802.11","444","-42 dBm","-92 dBm","50 dB","Beacon frame, SN=2604, FN=0, Flags=........C, BI=100, SSID=""Z5319476"""
"94826","24.668154","e2:bb:15:72:70:e6","ff:ff:ff:ff:ff:ff","802.11","444","-42 dBm","-92 dBm","50 dB","Beacon frame, SN=2605, FN=0, Flags=........C, BI=100, SSID=""Z5319476"""
"95117","24.770506","e2:bb:15:72:70:e6","ff:ff:ff:ff:ff:ff","802.11","444","-43 dBm","-92 dBm","49 dB","Beacon frame, SN=2606, FN=0, Flags=........C, BI=100, SSID=""Z5319476"""
"95396","24.872840","e2:bb:15:72:70:e6","ff:ff:ff:ff:ff:ff","802.11","444","-44 dBm","-92 dBm","48 dB","Beacon frame, SN=2607, FN=0, Flags=........C, BI=100, SSID=""Z5319476"""
"95719","24.975474","e2:bb:15:72:70:e6","ff:ff:ff:ff:ff:ff","802.11","444","-44 dBm","-92 dBm","48 dB","Beacon frame, SN=2608, FN=0, Flags=........C, BI=100, SSID=""Z5319476"""
"96143","25.077670","e2:bb:15:72:70:e6","ff:ff:ff:ff:ff:ff","802.11","444","-44 dBm","-92 dBm","48 dB","Beacon frame, SN=2609, FN=0, Flags=........C, BI=100, SSID=""Z5319476"""
"96548","25.183169","e2:bb:15:72:70:e6","ff:ff:ff:ff:ff:ff","802.11","444","-44 dBm","-92 dBm","48 dB","Beacon frame, SN=2610, FN=0, Flags=........C, BI=100, SSID=""Z5319476"""
"96893","25.282440","e2:bb:15:72:70:e6","ff:ff:ff:ff:ff:ff","802.11","444","-44 dBm","-92 dBm","48 dB","Beacon frame, SN=2611, FN=0, Flags=........C, BI=100, SSID=""Z5319476"""
"97344","25.385027","e2:bb:15:72:70:e6","ff:ff:ff:ff:ff:ff","802.11","444","-44 dBm","-92 dBm","48 dB","Beacon frame, SN=2612, FN=0, Flags=........C, BI=100, SSID=""Z5319476"""
"97843","25.487314","e2:bb:15:72:70:e6","ff:ff:ff:ff:ff:ff","802.11","444","-44 dBm","-92 dBm","48 dB","Beacon frame, SN=2613, FN=0, Flags=........C, BI=100, SSID=""Z5319476"""
"98269","25.589633","e2:bb:15:72:70:e6","ff:ff:ff:ff:ff:ff","802.11","444","-44 dBm","-92 dBm","48 dB","Beacon frame, SN=2614, FN=0, Flags=........C, BI=100, SSID=""Z5319476"""
"98621","25.692025","e2:bb:15:72:70:e6","ff:ff:ff:ff:ff:ff","802.11","444","-44 dBm","-92 dBm","48 dB","Beacon frame, SN=2615, FN=0, Flags=........C, BI=100, SSID=""Z5319476"""
"99151","25.794420","e2:bb:15:72:70:e6","ff:ff:ff:ff:ff:ff","802.11","444","-44 dBm","-92 dBm","48 dB","Beacon frame, SN=2616, FN=0, Flags=........C, BI=100, SSID=""Z5319476"""
"99492","25.896812","e2:bb:15:72:70:e6","ff:ff:ff:ff:ff:ff","802.11","444","-44 dBm","-92 dBm","48 dB","Beacon frame, SN=2617, FN=0, Flags=........C, BI=100, SSID=""Z5319476"""
"99804","25.999271","e2:bb:15:72:70:e6","ff:ff:ff:ff:ff:ff","802.11","444","-43 dBm","-92 dBm","49 dB","Beacon frame, SN=2618, FN=0, Flags=........C, BI=100, SSID=""Z5319476"""
"100095","26.101949","e2:bb:15:72:70:e6","ff:ff:ff:ff:ff:ff","802.11","444","-43 dBm","-92 dBm","49 dB","Beacon frame, SN=2619, FN=0, Flags=........C, BI=100, SSID=""Z5319476"""
"100502","26.204110","e2:bb:15:72:70:e6","ff:ff:ff:ff:ff:ff","802.11","444","-43 dBm","-92 dBm","49 dB","Beacon frame, SN=2620, FN=0, Flags=........C, BI=100, SSID=""Z5319476"""
"100917","26.306034","e2:bb:15:72:70:e6","ff:ff:ff:ff:ff:ff","802.11","444","-43 dBm","-92 dBm","49 dB","Beacon frame, SN=2621, FN=0, Flags=........C, BI=100, SSID=""Z5319476"""
"101317","26.410520","e2:bb:15:72:70:e6","ff:ff:ff:ff:ff:ff","802.11","444","-43 dBm","-92 dBm","49 dB","Beacon frame, SN=2622, FN=0, Flags=........C, BI=100, SSID=""Z5319476"""
"101675","26.511494","e2:bb:15:72:70:e6","ff:ff:ff:ff:ff:ff","802.11","444","-43 dBm","-92 dBm","49 dB","Beacon frame, SN=2623, FN=0, Flags=........C, BI=100, SSID=""Z5319476"""
"101995","26.613883","e2:bb:15:72:70:e6","ff:ff:ff:ff:ff:ff","802.11","444","-44 dBm","-92 dBm","48 dB","Beacon frame, SN=2624, FN=0, Flags=........C, BI=100, SSID=""Z5319476"""
"102353","26.716442","e2:bb:15:72:70:e6","ff:ff:ff:ff:ff:ff","802.11","444","-42 dBm","-92 dBm","50 dB","Beacon frame, SN=2625, FN=0, Flags=........C, BI=100, SSID=""Z5319476"""
"102765","26.818388","e2:bb:15:72:70:e6","ff:ff:ff:ff:ff:ff","802.11","444","-44 dBm","-92 dBm","48 dB","Beacon frame, SN=2626, FN=0, Flags=........C, BI=100, SSID=""Z5319476"""
"103176","26.920929","e2:bb:15:72:70:e6","ff:ff:ff:ff:ff:ff","802.11","444","-44 dBm","-92 dBm","48 dB","Beacon frame, SN=2627, FN=0, Flags=........C, BI=100, SSID=""Z5319476"""
"103631","27.023446","e2:bb:15:72:70:e6","ff:ff:ff:ff:ff:ff","802.11","444","-44 dBm","-92 dBm","48 dB","Beacon frame, SN=2628, FN=0, Flags=........C, BI=100, SSID=""Z5319476"""
"104027","27.125632","e2:bb:15:72:70:e6","ff:ff:ff:ff:ff:ff","802.11","444","-44 dBm","-92 dBm","48 dB","Beacon frame, SN=2629, FN=0, Flags=........C, BI=100, SSID=""Z5319476"""
"104374","27.227713","e2:bb:15:72:70:e6","ff:ff:ff:ff:ff:ff","802.11","444","-44 dBm","-92 dBm","48 dB","Beacon frame, SN=2630, FN=0, Flags=........C, BI=100, SSID=""Z5319476"""
"104882","27.330541","e2:bb:15:72:70:e6","ff:ff:ff:ff:ff:ff","802.11","444","-44 dBm","-92 dBm","48 dB","Beacon frame, SN=2631, FN=0, Flags=........C, BI=100, SSID=""Z5319476"""
"105337","27.432777","e2:bb:15:72:70:e6","ff:ff:ff:ff:ff:ff","802.11","444","-44 dBm","-92 dBm","48 dB","Beacon frame, SN=2632, FN=0, Flags=........C, BI=100, SSID=""Z5319476"""
"105675","27.535273","e2:bb:15:72:70:e6","ff:ff:ff:ff:ff:ff","802.11","444","-43 dBm","-92 dBm","49 dB","Beacon frame, SN=2633, FN=0, Flags=........C, BI=100, SSID=""Z5319476"""
"106029","27.637590","e2:bb:15:72:70:e6","ff:ff:ff:ff:ff:ff","802.11","444","-44 dBm","-92 dBm","48 dB","Beacon frame, SN=2634, FN=0, Flags=........C, BI=100, SSID=""Z5319476"""
"106287","27.739931","e2:bb:15:72:70:e6","ff:ff:ff:ff:ff:ff","802.11","444","-43 dBm","-92 dBm","49 dB","Beacon frame, SN=2635, FN=0, Flags=........C, BI=100, SSID=""Z5319476"""
"106615","27.842642","e2:bb:15:72:70:e6","ff:ff:ff:ff:ff:ff","802.11","444","-43 dBm","-92 dBm","49 dB","Beacon frame, SN=2636, FN=0, Flags=........C, BI=100, SSID=""Z5319476"""
"106890","27.944789","e2:bb:15:72:70:e6","ff:ff:ff:ff:ff:ff","802.11","444","-43 dBm","-92 dBm","49 dB","Beacon frame, SN=2637, FN=0, Flags=........C, BI=100, SSID=""Z5319476"""
"107157","28.047448","e2:bb:15:72:70:e6","ff:ff:ff:ff:ff:ff","802.11","444","-43 dBm","-92 dBm","49 dB","Beacon frame, SN=2638, FN=0, Flags=........C, BI=100, SSID=""Z5319476"""
"107538","28.149803","e2:bb:15:72:70:e6","ff:ff:ff:ff:ff:ff","802.11","444","-43 dBm","-92 dBm","49 dB","Beacon frame, SN=2639, FN=0, Flags=........C, BI=100, SSID=""Z5319476"""
"107902","28.251900","e2:bb:15:72:70:e6","ff:ff:ff:ff:ff:ff","802.11","444","-43 dBm","-92 dBm","49 dB","Beacon frame, SN=2640, FN=0, Flags=........C, BI=100, SSID=""Z5319476"""
"108302","28.354335","e2:bb:15:72:70:e6","ff:ff:ff:ff:ff:ff","802.11","444","-43 dBm","-92 dBm","49 dB","Beacon frame, SN=2641, FN=0, Flags=........C, BI=100, SSID=""Z5319476"""
"108678","28.456814","e2:bb:15:72:70:e6","ff:ff:ff:ff:ff:ff","802.11","444","-43 dBm","-92 dBm","49 dB","Beacon frame, SN=2642, FN=0, Flags=........C, BI=100, SSID=""Z5319476"""
