"No.","Time","Source","Destination","Protocol","Length","Signal strength (RSSI)","Noise level (dBm)","Signal/noise ratio (dB)","Info"
"233","0.086186","e2:bb:15:72:70:e6","ff:ff:ff:ff:ff:ff","802.11","444","-43 dBm","-92 dBm","49 dB","Beacon frame, SN=3253, FN=0, Flags=........C, BI=100, SSID=""Z5319476"""
"562","0.188363","e2:bb:15:72:70:e6","ff:ff:ff:ff:ff:ff","802.11","444","-43 dBm","-92 dBm","49 dB","Beacon frame, SN=3254, FN=0, Flags=........C, BI=100, SSID=""Z5319476"""
"811","0.290937","e2:bb:15:72:70:e6","ff:ff:ff:ff:ff:ff","802.11","444","-41 dBm","-92 dBm","51 dB","Beacon frame, SN=3255, FN=0, Flags=........C, BI=100, SSID=""Z5319476"""
"1117","0.393226","e2:bb:15:72:70:e6","ff:ff:ff:ff:ff:ff","802.11","444","-40 dBm","-92 dBm","52 dB","Beacon frame, SN=3256, FN=0, Flags=........C, BI=100, SSID=""Z5319476"""
"1573","0.495396","e2:bb:15:72:70:e6","ff:ff:ff:ff:ff:ff","802.11","444","-43 dBm","-92 dBm","49 dB","Beacon frame, SN=3257, FN=0, Flags=........C, BI=100, SSID=""Z5319476"""
"2289","0.700458","e2:bb:15:72:70:e6","ff:ff:ff:ff:ff:ff","802.11","444","-41 dBm","-92 dBm","51 dB","Beacon frame, SN=3259, FN=0, Flags=........C, BI=100, SSID=""Z5319476"""
"2743","0.803856","e2:bb:15:72:70:e6","ff:ff:ff:ff:ff:ff","802.11","444","-44 dBm","-92 dBm","48 dB","Beacon frame, SN=3260, FN=0, Flags=........C, BI=100, SSID=""Z5319476"""
"3099","0.905399","e2:bb:15:72:70:e6","ff:ff:ff:ff:ff:ff","802.11","444","-44 dBm","-92 dBm","48 dB","Beacon frame, SN=3261, FN=0, Flags=........C, BI=100, SSID=""Z5319476"""
"3453","1.007194","e2:bb:15:72:70:e6","ff:ff:ff:ff:ff:ff","802.11","444","-41 dBm","-92 dBm","51 dB","Beacon frame, SN=3262, FN=0, Flags=........C, BI=100, SSID=""Z5319476"""
"3841","1.113497","e2:bb:15:72:70:e6","ff:ff:ff:ff:ff:ff","802.11","444","-44 dBm","-92 dBm","48 dB","Beacon frame, SN=3263, FN=0, Flags=........C, BI=100, SSID=""Z5319476"""
"4108","1.212094","e2:bb:15:72:70:e6","ff:ff:ff:ff:ff:ff","802.11","444","-41 dBm","-92 dBm","51 dB","Beacon frame, SN=3264, FN=0, Flags=........C, BI=100, SSID=""Z5319476"""
"4464","1.314589","e2:bb:15:72:70:e6","ff:ff:ff:ff:ff:ff","802.11","444","-43 dBm","-92 dBm","49 dB","Beacon frame, SN=3265, FN=0, Flags=........C, BI=100, SSID=""Z5319476"""
"4792","1.417109","e2:bb:15:72:70:e6","ff:ff:ff:ff:ff:ff","802.11","444","-40 dBm","-92 dBm","52 dB","Beacon frame, SN=3266, FN=0, Flags=........C, BI=100, SSID=""Z5319476"""
"5034","1.521017","e2:bb:15:72:70:e6","ff:ff:ff:ff:ff:ff","802.11","444","-40 dBm","-92 dBm","52 dB","Beacon frame, SN=3267, FN=0, Flags=........C, BI=100, SSID=""Z5319476"""
"5359","1.621707","e2:bb:15:72:70:e6","ff:ff:ff:ff:ff:ff","802.11","444","-43 dBm","-92 dBm","49 dB","Beacon frame, SN=3268, FN=0, Flags=........C, BI=100, SSID=""Z5319476"""
"5675","1.724192","e2:bb:15:72:70:e6","ff:ff:ff:ff:ff:ff","802.11","444","-40 dBm","-92 dBm","52 dB","Beacon frame, SN=3269, FN=0, Flags=........C, BI=100, SSID=""Z5319476"""
"5931","1.828499","e2:bb:15:72:70:e6","ff:ff:ff:ff:ff:ff","802.11","444","-41 dBm","-92 dBm","51 dB","Beacon frame, SN=3270, FN=0, Flags=........C, BI=100, SSID=""Z5319476"""
"6313","1.929051","e2:bb:15:72:70:e6","ff:ff:ff:ff:ff:ff","802.11","444","-44 dBm","-92 dBm","48 dB","Beacon frame, SN=3271, FN=0, Flags=........C, BI=100, SSID=""Z5319476"""
"6554","2.031741","e2:bb:15:72:70:e6","ff:ff:ff:ff:ff:ff","802.11","444","-43 dBm","-92 dBm","49 dB","Beacon frame, SN=3272, FN=0, Flags=........C, BI=100, SSID=""Z5319476"""
"6846","2.135164","e2:bb:15:72:70:e6","ff:ff:ff:ff:ff:ff","802.11","444","-43 dBm","-92 dBm","49 dB","Beacon frame, SN=3273, FN=0, Flags=........C, BI=100, SSID=""Z5319476"""
"7225","2.239807","e2:bb:15:72:70:e6","ff:ff:ff:ff:ff:ff","802.11","444","-43 dBm","-92 dBm","49 dB","Beacon frame, SN=3274, FN=0, Flags=........C, BI=100, SSID=""Z5319476"""
"7559","2.338513","e2:bb:15:72:70:e6","ff:ff:ff:ff:ff:ff","802.11","444","-40 dBm","-92 dBm","52 dB","Beacon frame, SN=3275, FN=0, Flags=........C, BI=100, SSID=""Z5319476"""
"7861","2.440821","e2:bb:15:72:70:e6","ff:ff:ff:ff:ff:ff","802.11","444","-44 dBm","-92 dBm","48 dB","Beacon frame, SN=3276, FN=0, Flags=........C, BI=100, SSID=""Z5319476"""
"8184","2.543386","e2:bb:15:72:70:e6","ff:ff:ff:ff:ff:ff","802.11","444","-40 dBm","-92 dBm","52 dB","Beacon frame, SN=3277, FN=0, Flags=........C, BI=100, SSID=""Z5319476"""
"8524","2.646442","e2:bb:15:72:70:e6","ff:ff:ff:ff:ff:ff","802.11","444","-44 dBm","-92 dBm","48 dB","Beacon frame, SN=3278, FN=0, Flags=........C, BI=100, SSID=""Z5319476"""
"8969","2.748260","e2:bb:15:72:70:e6","ff:ff:ff:ff:ff:ff","802.11","444","-44 dBm","-92 dBm","48 dB","Beacon frame, SN=3279, FN=0, Flags=........C, BI=100, SSID=""Z5319476"""
"9417","2.850491","e2:bb:15:72:70:e6","ff:ff:ff:ff:ff:ff","802.11","444","-41 dBm","-92 dBm","51 dB","Beacon frame, SN=3280, FN=0, Flags=........C, BI=100, SSID=""Z5319476"""
"9777","2.954503","e2:bb:15:72:70:e6","ff:ff:ff:ff:ff:ff","802.11","444","-41 dBm","-92 dBm","51 dB","Beacon frame, SN=3281, FN=0, Flags=........C, BI=100, SSID=""Z5319476"""
"10202","3.055168","e2:bb:15:72:70:e6","ff:ff:ff:ff:ff:ff","802.11","444","-44 dBm","-92 dBm","48 dB","Beacon frame, SN=3282, FN=0, Flags=........C, BI=100, SSID=""Z5319476"""
"10599","3.158181","e2:bb:15:72:70:e6","ff:ff:ff:ff:ff:ff","802.11","444","-41 dBm","-92 dBm","51 dB","Beacon frame, SN=3283, FN=0, Flags=........C, BI=100, SSID=""Z5319476"""
"10902","3.260436","e2:bb:15:72:70:e6","ff:ff:ff:ff:ff:ff","802.11","444","-43 dBm","-92 dBm","49 dB","Beacon frame, SN=3284, FN=0, Flags=........C, BI=100, SSID=""Z5319476"""
"11314","3.362682","e2:bb:15:72:70:e6","ff:ff:ff:ff:ff:ff","802.11","444","-44 dBm","-92 dBm","48 dB","Beacon frame, SN=3285, FN=0, Flags=........C, BI=100, SSID=""Z5319476"""
"11660","3.466823","e2:bb:15:72:70:e6","ff:ff:ff:ff:ff:ff","802.11","444","-41 dBm","-92 dBm","51 dB","Beacon frame, SN=3286, FN=0, Flags=........C, BI=100, SSID=""Z5319476"""
"12057","3.568861","e2:bb:15:72:70:e6","ff:ff:ff:ff:ff:ff","802.11","444","-44 dBm","-92 dBm","48 dB","Beacon frame, SN=3287, FN=0, Flags=........C, BI=100, SSID=""Z5319476"""
"12459","3.670082","e2:bb:15:72:70:e6","ff:ff:ff:ff:ff:ff","802.11","444","-44 dBm","-92 dBm","48 dB","Beacon frame, SN=3288, FN=0, Flags=........C, BI=100, SSID=""Z5319476"""
"12850","3.772312","e2:bb:15:72:70:e6","ff:ff:ff:ff:ff:ff","802.11","444","-44 dBm","-92 dBm","48 dB","Beacon frame, SN=3289, FN=0, Flags=........C, BI=100, SSID=""Z5319476"""
"13285","3.874750","e2:bb:15:72:70:e6","ff:ff:ff:ff:ff:ff","802.11","444","-44 dBm","-92 dBm","48 dB","Beacon frame, SN=3290, FN=0, Flags=........C, BI=100, SSID=""Z5319476"""
"13691","3.980233","e2:bb:15:72:70:e6","ff:ff:ff:ff:ff:ff","802.11","444","-41 dBm","-92 dBm","51 dB","Beacon frame, SN=3291, FN=0, Flags=........C, BI=100, SSID=""Z5319476"""
"14036","4.083004","e2:bb:15:72:70:e6","ff:ff:ff:ff:ff:ff","802.11","444","-41 dBm","-92 dBm","51 dB","Beacon frame, SN=3292, FN=0, Flags=........C, BI=100, SSID=""Z5319476"""
"14361","4.185350","e2:bb:15:72:70:e6","ff:ff:ff:ff:ff:ff","802.11","444","-41 dBm","-92 dBm","51 dB","Beacon frame, SN=3293, FN=0, Flags=........C, BI=100, SSID=""Z5319476"""
"14631","4.284248","e2:bb:15:72:70:e6","ff:ff:ff:ff:ff:ff","802.11","444","-41 dBm","-92 dBm","51 dB","Beacon frame, SN=3294, FN=0, Flags=........C, BI=100, SSID=""Z5319476"""
"14966","4.389485","e2:bb:15:72:70:e6","ff:ff:ff:ff:ff:ff","802.11","444","-44 dBm","-92 dBm","48 dB","Beacon frame, SN=3295, FN=0, Flags=........C, BI=100, SSID=""Z5319476"""
"15185","4.488901","e2:bb:15:72:70:e6","ff:ff:ff:ff:ff:ff","802.11","444","-43 dBm","-92 dBm","49 dB","Beacon frame, SN=3296, FN=0, Flags=........C, BI=100, SSID=""Z5319476"""
"15745","4.694198","e2:bb:15:72:70:e6","ff:ff:ff:ff:ff:ff","802.11","444","-44 dBm","-92 dBm","48 dB","Beacon frame, SN=3298, FN=0, Flags=........C, BI=100, SSID=""Z5319476"""
"15914","4.797180","e2:bb:15:72:70:e6","ff:ff:ff:ff:ff:ff","802.11","444","-44 dBm","-92 dBm","48 dB","Beacon frame, SN=3299, FN=0, Flags=........C, BI=100, SSID=""Z5319476"""
"16150","4.899310","e2:bb:15:72:70:e6","ff:ff:ff:ff:ff:ff","802.11","444","-41 dBm","-92 dBm","51 dB","Beacon frame, SN=3300, FN=0, Flags=........C, BI=100, SSID=""Z5319476"""
"16436","5.001055","e2:bb:15:72:70:e6","ff:ff:ff:ff:ff:ff","802.11","444","-44 dBm","-92 dBm","48 dB","Beacon frame, SN=3301, FN=0, Flags=........C, BI=100, SSID=""Z5319476"""
"16703","5.105235","e2:bb:15:72:70:e6","ff:ff:ff:ff:ff:ff","802.11","444","-41 dBm","-92 dBm","51 dB","Beacon frame, SN=3302, FN=0, Flags=........C, BI=100, SSID=""Z5319476"""
"16994","5.205863","e2:bb:15:72:70:e6","ff:ff:ff:ff:ff:ff","802.11","444","-44 dBm","-92 dBm","48 dB","Beacon frame, SN=3303, FN=0, Flags=........C, BI=100, SSID=""Z5319476"""
"17345","5.307985","e2:bb:15:72:70:e6","ff:ff:ff:ff:ff:ff","802.11","444","-44 dBm","-92 dBm","48 dB","Beacon frame, SN=3304, FN=0, Flags=........C, BI=100, SSID=""Z5319476"""
"17691","5.410650","e2:bb:15:72:70:e6","ff:ff:ff:ff:ff:ff","802.11","444","-44 dBm","-92 dBm","48 dB","Beacon frame, SN=3305, FN=0, Flags=........C, BI=100, SSID=""Z5319476"""
"18003","5.512785","e2:bb:15:72:70:e6","ff:ff:ff:ff:ff:ff","802.11","444","-44 dBm","-92 dBm","48 dB","Beacon frame, SN=3306, FN=0, Flags=........C, BI=100, SSID=""Z5319476"""
"18326","5.616559","e2:bb:15:72:70:e6","ff:ff:ff:ff:ff:ff","802.11","444","-44 dBm","-92 dBm","48 dB","Beacon frame, SN=3307, FN=0, Flags=........C, BI=100, SSID=""Z5319476"""
"18576","5.717547","e2:bb:15:72:70:e6","ff:ff:ff:ff:ff:ff","802.11","444","-41 dBm","-92 dBm","51 dB","Beacon frame, SN=3308, FN=0, Flags=........C, BI=100, SSID=""Z5319476"""
"18839","5.819960","e2:bb:15:72:70:e6","ff:ff:ff:ff:ff:ff","802.11","444","-41 dBm","-92 dBm","51 dB","Beacon frame, SN=3309, FN=0, Flags=........C, BI=100, SSID=""Z5319476"""
"19040","5.923991","e2:bb:15:72:70:e6","ff:ff:ff:ff:ff:ff","802.11","444","-44 dBm","-92 dBm","48 dB","Beacon frame, SN=3310, FN=0, Flags=........C, BI=100, SSID=""Z5319476"""
"19334","6.033380","e2:bb:15:72:70:e6","ff:ff:ff:ff:ff:ff","802.11","444","-42 dBm","-92 dBm","50 dB","Beacon frame, SN=3311, FN=0, Flags=........C, BI=100, SSID=""Z5319476"""
"19602","6.130958","e2:bb:15:72:70:e6","ff:ff:ff:ff:ff:ff","802.11","444","-44 dBm","-92 dBm","48 dB","Beacon frame, SN=3312, FN=0, Flags=........C, BI=100, SSID=""Z5319476"""
"19801","6.231186","e2:bb:15:72:70:e6","ff:ff:ff:ff:ff:ff","802.11","444","-44 dBm","-92 dBm","48 dB","Beacon frame, SN=3313, FN=0, Flags=........C, BI=100, SSID=""Z5319476"""
"19997","6.332658","e2:bb:15:72:70:e6","ff:ff:ff:ff:ff:ff","802.11","444","-41 dBm","-92 dBm","51 dB","Beacon frame, SN=3314, FN=0, Flags=........C, BI=100, SSID=""Z5319476"""
"20185","6.435625","e2:bb:15:72:70:e6","ff:ff:ff:ff:ff:ff","802.11","444","-42 dBm","-92 dBm","50 dB","Beacon frame, SN=3315, FN=0, Flags=........C, BI=100, SSID=""Z5319476"""
"20440","6.536747","e2:bb:15:72:70:e6","ff:ff:ff:ff:ff:ff","802.11","444","-41 dBm","-92 dBm","51 dB","Beacon frame, SN=3316, FN=0, Flags=........C, BI=100, SSID=""Z5319476"""
"20652","6.639411","e2:bb:15:72:70:e6","ff:ff:ff:ff:ff:ff","802.11","444","-41 dBm","-92 dBm","51 dB","Beacon frame, SN=3317, FN=0, Flags=........C, BI=100, SSID=""Z5319476"""
"20962","6.741771","e2:bb:15:72:70:e6","ff:ff:ff:ff:ff:ff","802.11","444","-44 dBm","-92 dBm","48 dB","Beacon frame, SN=3318, FN=0, Flags=........C, BI=100, SSID=""Z5319476"""
"21305","6.844027","e2:bb:15:72:70:e6","ff:ff:ff:ff:ff:ff","802.11","444","-41 dBm","-92 dBm","51 dB","Beacon frame, SN=3319, FN=0, Flags=........C, BI=100, SSID=""Z5319476"""
"21701","6.947651","e2:bb:15:72:70:e6","ff:ff:ff:ff:ff:ff","802.11","444","-41 dBm","-92 dBm","51 dB","Beacon frame, SN=3320, FN=0, Flags=........C, BI=100, SSID=""Z5319476"""
"22025","7.050301","e2:bb:15:72:70:e6","ff:ff:ff:ff:ff:ff","802.11","444","-44 dBm","-92 dBm","48 dB","Beacon frame, SN=3321, FN=0, Flags=........C, BI=100, SSID=""Z5319476"""
"22288","7.151125","e2:bb:15:72:70:e6","ff:ff:ff:ff:ff:ff","802.11","444","-41 dBm","-92 dBm","51 dB","Beacon frame, SN=3322, FN=0, Flags=........C, BI=100, SSID=""Z5319476"""
"22558","7.253533","e2:bb:15:72:70:e6","ff:ff:ff:ff:ff:ff","802.11","444","-41 dBm","-92 dBm","51 dB","Beacon frame, SN=3323, FN=0, Flags=........C, BI=100, SSID=""Z5319476"""
"22844","7.357102","e2:bb:15:72:70:e6","ff:ff:ff:ff:ff:ff","802.11","444","-43 dBm","-92 dBm","49 dB","Beacon frame, SN=3324, FN=0, Flags=........C, BI=100, SSID=""Z5319476"""
"23164","7.459656","e2:bb:15:72:70:e6","ff:ff:ff:ff:ff:ff","802.11","444","-40 dBm","-92 dBm","52 dB","Beacon frame, SN=3325, FN=0, Flags=........C, BI=100, SSID=""Z5319476"""
"23456","7.561265","e2:bb:15:72:70:e6","ff:ff:ff:ff:ff:ff","802.11","444","-44 dBm","-92 dBm","48 dB","Beacon frame, SN=3326, FN=0, Flags=........C, BI=100, SSID=""Z5319476"""
"23749","7.663729","e2:bb:15:72:70:e6","ff:ff:ff:ff:ff:ff","802.11","444","-39 dBm","-92 dBm","53 dB","Beacon frame, SN=3327, FN=0, Flags=........C, BI=100, SSID=""Z5319476"""
"24122","7.769612","e2:bb:15:72:70:e6","ff:ff:ff:ff:ff:ff","802.11","444","-43 dBm","-92 dBm","49 dB","Beacon frame, SN=3328, FN=0, Flags=........C, BI=100, SSID=""Z5319476"""
"24355","7.868389","e2:bb:15:72:70:e6","ff:ff:ff:ff:ff:ff","802.11","444","-42 dBm","-92 dBm","50 dB","Beacon frame, SN=3329, FN=0, Flags=........C, BI=100, SSID=""Z5319476"""
"24612","7.970285","e2:bb:15:72:70:e6","ff:ff:ff:ff:ff:ff","802.11","444","-41 dBm","-92 dBm","51 dB","Beacon frame, SN=3330, FN=0, Flags=........C, BI=100, SSID=""Z5319476"""
"24919","8.074452","e2:bb:15:72:70:e6","ff:ff:ff:ff:ff:ff","802.11","444","-44 dBm","-92 dBm","48 dB","Beacon frame, SN=3331, FN=0, Flags=........C, BI=100, SSID=""Z5319476"""
"25203","8.176731","e2:bb:15:72:70:e6","ff:ff:ff:ff:ff:ff","802.11","444","-44 dBm","-92 dBm","48 dB","Beacon frame, SN=3332, FN=0, Flags=........C, BI=100, SSID=""Z5319476"""
"25515","8.282213","e2:bb:15:72:70:e6","ff:ff:ff:ff:ff:ff","802.11","444","-44 dBm","-92 dBm","48 dB","Beacon frame, SN=3333, FN=0, Flags=........C, BI=100, SSID=""Z5319476"""
"25812","8.380916","e2:bb:15:72:70:e6","ff:ff:ff:ff:ff:ff","802.11","444","-45 dBm","-92 dBm","47 dB","Beacon frame, SN=3334, FN=0, Flags=........C, BI=100, SSID=""Z5319476"""
"26045","8.483589","e2:bb:15:72:70:e6","ff:ff:ff:ff:ff:ff","802.11","444","-43 dBm","-92 dBm","49 dB","Beacon frame, SN=3335, FN=0, Flags=........C, BI=100, SSID=""Z5319476"""
"26295","8.584910","e2:bb:15:72:70:e6","ff:ff:ff:ff:ff:ff","802.11","444","-40 dBm","-92 dBm","52 dB","Beacon frame, SN=3336, FN=0, Flags=........C, BI=100, SSID=""Z5319476"""
"26844","8.789629","e2:bb:15:72:70:e6","ff:ff:ff:ff:ff:ff","802.11","444","-43 dBm","-92 dBm","49 dB","Beacon frame, SN=3338, FN=0, Flags=........C, BI=100, SSID=""Z5319476"""
"27590","8.994168","e2:bb:15:72:70:e6","ff:ff:ff:ff:ff:ff","802.11","444","-40 dBm","-92 dBm","52 dB","Beacon frame, SN=3340, FN=0, Flags=........C, BI=100, SSID=""Z5319476"""
"27828","9.096621","e2:bb:15:72:70:e6","ff:ff:ff:ff:ff:ff","802.11","444","-40 dBm","-92 dBm","52 dB","Beacon frame, SN=3341, FN=0, Flags=........C, BI=100, SSID=""Z5319476"""
"28124","9.199899","e2:bb:15:72:70:e6","ff:ff:ff:ff:ff:ff","802.11","444","-44 dBm","-92 dBm","48 dB","Beacon frame, SN=3342, FN=0, Flags=........C, BI=100, SSID=""Z5319476"""
"28350","9.301583","e2:bb:15:72:70:e6","ff:ff:ff:ff:ff:ff","802.11","444","-41 dBm","-92 dBm","51 dB","Beacon frame, SN=3343, FN=0, Flags=........C, BI=100, SSID=""Z5319476"""
"28644","9.403913","e2:bb:15:72:70:e6","ff:ff:ff:ff:ff:ff","802.11","444","-41 dBm","-92 dBm","51 dB","Beacon frame, SN=3344, FN=0, Flags=........C, BI=100, SSID=""Z5319476"""
"28949","9.506366","e2:bb:15:72:70:e6","ff:ff:ff:ff:ff:ff","802.11","444","-44 dBm","-92 dBm","48 dB","Beacon frame, SN=3345, FN=0, Flags=........C, BI=100, SSID=""Z5319476"""
"29270","9.608644","e2:bb:15:72:70:e6","ff:ff:ff:ff:ff:ff","802.11","444","-41 dBm","-92 dBm","51 dB","Beacon frame, SN=3346, FN=0, Flags=........C, BI=100, SSID=""Z5319476"""
"29520","9.711863","e2:bb:15:72:70:e6","ff:ff:ff:ff:ff:ff","802.11","444","-41 dBm","-92 dBm","51 dB","Beacon frame, SN=3347, FN=0, Flags=........C, BI=100, SSID=""Z5319476"""
"29853","9.814841","e2:bb:15:72:70:e6","ff:ff:ff:ff:ff:ff","802.11","444","-41 dBm","-92 dBm","51 dB","Beacon frame, SN=3348, FN=0, Flags=........C, BI=100, SSID=""Z5319476"""
"30123","9.919933","e2:bb:15:72:70:e6","ff:ff:ff:ff:ff:ff","802.11","444","-43 dBm","-92 dBm","49 dB","Beacon frame, SN=3349, FN=0, Flags=........C, BI=100, SSID=""Z5319476"""
"30415","10.018575","e2:bb:15:72:70:e6","ff:ff:ff:ff:ff:ff","802.11","444","-41 dBm","-92 dBm","51 dB","Beacon frame, SN=3350, FN=0, Flags=........C, BI=100, SSID=""Z5319476"""
"31074","10.223811","e2:bb:15:72:70:e6","ff:ff:ff:ff:ff:ff","802.11","444","-44 dBm","-92 dBm","48 dB","Beacon frame, SN=3352, FN=0, Flags=........C, BI=100, SSID=""Z5319476"""
"31430","10.325681","e2:bb:15:72:70:e6","ff:ff:ff:ff:ff:ff","802.11","444","-44 dBm","-92 dBm","48 dB","Beacon frame, SN=3353, FN=0, Flags=........C, BI=100, SSID=""Z5319476"""
"31769","10.428048","e2:bb:15:72:70:e6","ff:ff:ff:ff:ff:ff","802.11","444","-44 dBm","-92 dBm","48 dB","Beacon frame, SN=3354, FN=0, Flags=........C, BI=100, SSID=""Z5319476"""
"32117","10.530529","e2:bb:15:72:70:e6","ff:ff:ff:ff:ff:ff","802.11","444","-41 dBm","-92 dBm","51 dB","Beacon frame, SN=3355, FN=0, Flags=........C, BI=100, SSID=""Z5319476"""
"32436","10.632322","e2:bb:15:72:70:e6","ff:ff:ff:ff:ff:ff","802.11","444","-41 dBm","-92 dBm","51 dB","Beacon frame, SN=3356, FN=0, Flags=........C, BI=100, SSID=""Z5319476"""
"33226","10.837367","e2:bb:15:72:70:e6","ff:ff:ff:ff:ff:ff","802.11","444","-41 dBm","-92 dBm","51 dB","Beacon frame, SN=3358, FN=0, Flags=........C, BI=100, SSID=""Z5319476"""
"33566","10.940140","e2:bb:15:72:70:e6","ff:ff:ff:ff:ff:ff","802.11","444","-44 dBm","-92 dBm","48 dB","Beacon frame, SN=3359, FN=0, Flags=........C, BI=100, SSID=""Z5319476"""
"33899","11.043941","e2:bb:15:72:70:e6","ff:ff:ff:ff:ff:ff","802.11","444","-44 dBm","-92 dBm","48 dB","Beacon frame, SN=3360, FN=0, Flags=........C, BI=100, SSID=""Z5319476"""
"34117","11.145324","e2:bb:15:72:70:e6","ff:ff:ff:ff:ff:ff","802.11","444","-41 dBm","-92 dBm","51 dB","Beacon frame, SN=3361, FN=0, Flags=........C, BI=100, SSID=""Z5319476"""
"34588","11.350143","e2:bb:15:72:70:e6","ff:ff:ff:ff:ff:ff","802.11","444","-43 dBm","-92 dBm","49 dB","Beacon frame, SN=3363, FN=0, Flags=........C, BI=100, SSID=""Z5319476"""
"34843","11.451698","e2:bb:15:72:70:e6","ff:ff:ff:ff:ff:ff","802.11","444","-41 dBm","-92 dBm","51 dB","Beacon frame, SN=3364, FN=0, Flags=........C, BI=100, SSID=""Z5319476"""
"35078","11.559248","e2:bb:15:72:70:e6","ff:ff:ff:ff:ff:ff","802.11","444","-43 dBm","-92 dBm","49 dB","Beacon frame, SN=3365, FN=0, Flags=........C, BI=100, SSID=""Z5319476"""
"35280","11.656578","e2:bb:15:72:70:e6","ff:ff:ff:ff:ff:ff","802.11","444","-40 dBm","-92 dBm","52 dB","Beacon frame, SN=3366, FN=0, Flags=........C, BI=100, SSID=""Z5319476"""
"35566","11.759216","e2:bb:15:72:70:e6","ff:ff:ff:ff:ff:ff","802.11","444","-41 dBm","-92 dBm","51 dB","Beacon frame, SN=3367, FN=0, Flags=........C, BI=100, SSID=""Z5319476"""
"35799","11.861972","e2:bb:15:72:70:e6","ff:ff:ff:ff:ff:ff","802.11","444","-44 dBm","-92 dBm","48 dB","Beacon frame, SN=3368, FN=0, Flags=........C, BI=100, SSID=""Z5319476"""
"36177","11.967859","e2:bb:15:72:70:e6","ff:ff:ff:ff:ff:ff","802.11","444","-41 dBm","-92 dBm","51 dB","Beacon frame, SN=3369, FN=0, Flags=........C, BI=100, SSID=""Z5319476"""
"36537","12.068588","e2:bb:15:72:70:e6","ff:ff:ff:ff:ff:ff","802.11","444","-45 dBm","-92 dBm","47 dB","Beacon frame, SN=3370, FN=0, Flags=........C, BI=100, SSID=""Z5319476"""
"36801","12.170405","e2:bb:15:72:70:e6","ff:ff:ff:ff:ff:ff","802.11","444","-44 dBm","-92 dBm","48 dB","Beacon frame, SN=3371, FN=0, Flags=........C, BI=100, SSID=""Z5319476"""
"37020","12.271705","e2:bb:15:72:70:e6","ff:ff:ff:ff:ff:ff","802.11","444","-40 dBm","-92 dBm","52 dB","Beacon frame, SN=3372, FN=0, Flags=........C, BI=100, SSID=""Z5319476"""
"37330","12.373478","e2:bb:15:72:70:e6","ff:ff:ff:ff:ff:ff","802.11","444","-41 dBm","-92 dBm","51 dB","Beacon frame, SN=3373, FN=0, Flags=........C, BI=100, SSID=""Z5319476"""
"37644","12.478910","e2:bb:15:72:70:e6","ff:ff:ff:ff:ff:ff","802.11","444","-43 dBm","-92 dBm","49 dB","Beacon frame, SN=3374, FN=0, Flags=........C, BI=100, SSID=""Z5319476"""
"37924","12.579551","e2:bb:15:72:70:e6","ff:ff:ff:ff:ff:ff","802.11","444","-41 dBm","-92 dBm","51 dB","Beacon frame, SN=3375, FN=0, Flags=........C, BI=100, SSID=""Z5319476"""
"38219","12.681598","e2:bb:15:72:70:e6","ff:ff:ff:ff:ff:ff","802.11","444","-44 dBm","-92 dBm","48 dB","Beacon frame, SN=3376, FN=0, Flags=........C, BI=100, SSID=""Z5319476"""
"38525","12.783003","e2:bb:15:72:70:e6","ff:ff:ff:ff:ff:ff","802.11","444","-41 dBm","-92 dBm","51 dB","Beacon frame, SN=3377, FN=0, Flags=........C, BI=100, SSID=""Z5319476"""
"38853","12.886887","e2:bb:15:72:70:e6","ff:ff:ff:ff:ff:ff","802.11","444","-44 dBm","-92 dBm","48 dB","Beacon frame, SN=3378, FN=0, Flags=........C, BI=100, SSID=""Z5319476"""
"39209","12.987923","e2:bb:15:72:70:e6","ff:ff:ff:ff:ff:ff","802.11","444","-44 dBm","-92 dBm","48 dB","Beacon frame, SN=3379, FN=0, Flags=........C, BI=100, SSID=""Z5319476"""
"39655","13.090455","e2:bb:15:72:70:e6","ff:ff:ff:ff:ff:ff","802.11","444","-40 dBm","-92 dBm","52 dB","Beacon frame, SN=3380, FN=0, Flags=........C, BI=100, SSID=""Z5319476"""
"40101","13.192993","e2:bb:15:72:70:e6","ff:ff:ff:ff:ff:ff","802.11","444","-44 dBm","-92 dBm","48 dB","Beacon frame, SN=3381, FN=0, Flags=........C, BI=100, SSID=""Z5319476"""
"40506","13.295443","e2:bb:15:72:70:e6","ff:ff:ff:ff:ff:ff","802.11","444","-44 dBm","-92 dBm","48 dB","Beacon frame, SN=3382, FN=0, Flags=........C, BI=100, SSID=""Z5319476"""
"41096","13.504399","e2:bb:15:72:70:e6","ff:ff:ff:ff:ff:ff","802.11","444","-44 dBm","-92 dBm","48 dB","Beacon frame, SN=3384, FN=0, Flags=........C, BI=100, SSID=""Z5319476"""
"41379","13.602451","e2:bb:15:72:70:e6","ff:ff:ff:ff:ff:ff","802.11","444","-44 dBm","-92 dBm","48 dB","Beacon frame, SN=3385, FN=0, Flags=........C, BI=100, SSID=""Z5319476"""
"41661","13.704625","e2:bb:15:72:70:e6","ff:ff:ff:ff:ff:ff","802.11","444","-41 dBm","-92 dBm","51 dB","Beacon frame, SN=3386, FN=0, Flags=........C, BI=100, SSID=""Z5319476"""
"42336","13.909703","e2:bb:15:72:70:e6","ff:ff:ff:ff:ff:ff","802.11","444","-44 dBm","-92 dBm","48 dB","Beacon frame, SN=3388, FN=0, Flags=........C, BI=100, SSID=""Z5319476"""
"42760","14.011959","e2:bb:15:72:70:e6","ff:ff:ff:ff:ff:ff","802.11","444","-44 dBm","-92 dBm","48 dB","Beacon frame, SN=3389, FN=0, Flags=........C, BI=100, SSID=""Z5319476"""
"43089","14.114368","e2:bb:15:72:70:e6","ff:ff:ff:ff:ff:ff","802.11","444","-44 dBm","-92 dBm","48 dB","Beacon frame, SN=3390, FN=0, Flags=........C, BI=100, SSID=""Z5319476"""
"43481","14.216638","e2:bb:15:72:70:e6","ff:ff:ff:ff:ff:ff","802.11","444","-41 dBm","-92 dBm","51 dB","Beacon frame, SN=3391, FN=0, Flags=........C, BI=100, SSID=""Z5319476"""
"43815","14.321329","e2:bb:15:72:70:e6","ff:ff:ff:ff:ff:ff","802.11","444","-42 dBm","-92 dBm","50 dB","Beacon frame, SN=3392, FN=0, Flags=........C, BI=100, SSID=""Z5319476"""
"44048","14.421643","e2:bb:15:72:70:e6","ff:ff:ff:ff:ff:ff","802.11","444","-41 dBm","-92 dBm","51 dB","Beacon frame, SN=3393, FN=0, Flags=........C, BI=100, SSID=""Z5319476"""
"44399","14.525698","e2:bb:15:72:70:e6","ff:ff:ff:ff:ff:ff","802.11","444","-41 dBm","-92 dBm","51 dB","Beacon frame, SN=3394, FN=0, Flags=........C, BI=100, SSID=""Z5319476"""
"44838","14.627688","e2:bb:15:72:70:e6","ff:ff:ff:ff:ff:ff","802.11","444","-44 dBm","-92 dBm","48 dB","Beacon frame, SN=3395, FN=0, Flags=........C, BI=100, SSID=""Z5319476"""
"45216","14.728532","e2:bb:15:72:70:e6","ff:ff:ff:ff:ff:ff","802.11","444","-41 dBm","-92 dBm","51 dB","Beacon frame, SN=3396, FN=0, Flags=........C, BI=100, SSID=""Z5319476"""
"45605","14.831945","e2:bb:15:72:70:e6","ff:ff:ff:ff:ff:ff","802.11","444","-42 dBm","-92 dBm","50 dB","Beacon frame, SN=3397, FN=0, Flags=........C, BI=100, SSID=""Z5319476"""
"46061","14.933599","e2:bb:15:72:70:e6","ff:ff:ff:ff:ff:ff","802.11","444","-44 dBm","-92 dBm","48 dB","Beacon frame, SN=3398, FN=0, Flags=........C, BI=100, SSID=""Z5319476"""
"46445","15.038220","e2:bb:15:72:70:e6","ff:ff:ff:ff:ff:ff","802.11","444","-44 dBm","-92 dBm","48 dB","Beacon frame, SN=3399, FN=0, Flags=........C, BI=100, SSID=""Z5319476"""
"46797","15.138122","e2:bb:15:72:70:e6","ff:ff:ff:ff:ff:ff","802.11","444","-44 dBm","-92 dBm","48 dB","Beacon frame, SN=3400, FN=0, Flags=........C, BI=100, SSID=""Z5319476"""
"47168","15.241180","e2:bb:15:72:70:e6","ff:ff:ff:ff:ff:ff","802.11","444","-44 dBm","-92 dBm","48 dB","Beacon frame, SN=3401, FN=0, Flags=........C, BI=100, SSID=""Z5319476"""
"47499","15.346988","e2:bb:15:72:70:e6","ff:ff:ff:ff:ff:ff","802.11","444","-44 dBm","-92 dBm","48 dB","Beacon frame, SN=3402, FN=0, Flags=........C, BI=100, SSID=""Z5319476"""
"47828","15.445785","e2:bb:15:72:70:e6","ff:ff:ff:ff:ff:ff","802.11","444","-44 dBm","-92 dBm","48 dB","Beacon frame, SN=3403, FN=0, Flags=........C, BI=100, SSID=""Z5319476"""
"48141","15.553045","e2:bb:15:72:70:e6","ff:ff:ff:ff:ff:ff","802.11","444","-45 dBm","-92 dBm","47 dB","Beacon frame, SN=3404, FN=0, Flags=........C, BI=100, SSID=""Z5319476"""
"48454","15.652802","e2:bb:15:72:70:e6","ff:ff:ff:ff:ff:ff","802.11","444","-45 dBm","-92 dBm","47 dB","Beacon frame, SN=3405, FN=0, Flags=........C, BI=100, SSID=""Z5319476"""
"48915","15.855467","e2:bb:15:72:70:e6","ff:ff:ff:ff:ff:ff","802.11","444","-45 dBm","-92 dBm","47 dB","Beacon frame, SN=3407, FN=0, Flags=........C, BI=100, SSID=""Z5319476"""
"49164","15.957318","e2:bb:15:72:70:e6","ff:ff:ff:ff:ff:ff","802.11","444","-45 dBm","-92 dBm","47 dB","Beacon frame, SN=3408, FN=0, Flags=........C, BI=100, SSID=""Z5319476"""
"49476","16.060450","e2:bb:15:72:70:e6","ff:ff:ff:ff:ff:ff","802.11","444","-45 dBm","-92 dBm","47 dB","Beacon frame, SN=3409, FN=0, Flags=........C, BI=100, SSID=""Z5319476"""
"49698","16.166670","e2:bb:15:72:70:e6","ff:ff:ff:ff:ff:ff","802.11","444","-44 dBm","-92 dBm","48 dB","Beacon frame, SN=3410, FN=0, Flags=........C, BI=100, SSID=""Z5319476"""
"50245","16.367342","e2:bb:15:72:70:e6","ff:ff:ff:ff:ff:ff","802.11","444","-45 dBm","-92 dBm","47 dB","Beacon frame, SN=3412, FN=0, Flags=........C, BI=100, SSID=""Z5319476"""
"50601","16.469393","e2:bb:15:72:70:e6","ff:ff:ff:ff:ff:ff","802.11","444","-45 dBm","-92 dBm","47 dB","Beacon frame, SN=3413, FN=0, Flags=........C, BI=100, SSID=""Z5319476"""
"50900","16.571842","e2:bb:15:72:70:e6","ff:ff:ff:ff:ff:ff","802.11","444","-45 dBm","-92 dBm","47 dB","Beacon frame, SN=3414, FN=0, Flags=........C, BI=100, SSID=""Z5319476"""
"51136","16.676618","e2:bb:15:72:70:e6","ff:ff:ff:ff:ff:ff","802.11","444","-45 dBm","-92 dBm","47 dB","Beacon frame, SN=3415, FN=0, Flags=........C, BI=100, SSID=""Z5319476"""
"51477","16.781481","e2:bb:15:72:70:e6","ff:ff:ff:ff:ff:ff","802.11","444","-43 dBm","-92 dBm","49 dB","Beacon frame, SN=3416, FN=0, Flags=........C, BI=100, SSID=""Z5319476"""
"51786","16.879212","e2:bb:15:72:70:e6","ff:ff:ff:ff:ff:ff","802.11","444","-45 dBm","-92 dBm","47 dB","Beacon frame, SN=3417, FN=0, Flags=........C, BI=100, SSID=""Z5319476"""
"52095","16.984135","e2:bb:15:72:70:e6","ff:ff:ff:ff:ff:ff","802.11","444","-45 dBm","-92 dBm","47 dB","Beacon frame, SN=3418, FN=0, Flags=........C, BI=100, SSID=""Z5319476"""
"52528","17.087209","e2:bb:15:72:70:e6","ff:ff:ff:ff:ff:ff","802.11","444","-45 dBm","-92 dBm","47 dB","Beacon frame, SN=3419, FN=0, Flags=........C, BI=100, SSID=""Z5319476"""
"52875","17.186107","e2:bb:15:72:70:e6","ff:ff:ff:ff:ff:ff","802.11","444","-45 dBm","-92 dBm","47 dB","Beacon frame, SN=3420, FN=0, Flags=........C, BI=100, SSID=""Z5319476"""
"53246","17.288469","e2:bb:15:72:70:e6","ff:ff:ff:ff:ff:ff","802.11","444","-45 dBm","-92 dBm","47 dB","Beacon frame, SN=3421, FN=0, Flags=........C, BI=100, SSID=""Z5319476"""
"53706","17.391085","e2:bb:15:72:70:e6","ff:ff:ff:ff:ff:ff","802.11","444","-45 dBm","-92 dBm","47 dB","Beacon frame, SN=3422, FN=0, Flags=........C, BI=100, SSID=""Z5319476"""
"54063","17.493946","e2:bb:15:72:70:e6","ff:ff:ff:ff:ff:ff","802.11","444","-45 dBm","-92 dBm","47 dB","Beacon frame, SN=3423, FN=0, Flags=........C, BI=100, SSID=""Z5319476"""
"54356","17.595912","e2:bb:15:72:70:e6","ff:ff:ff:ff:ff:ff","802.11","444","-44 dBm","-92 dBm","48 dB","Beacon frame, SN=3424, FN=0, Flags=........C, BI=100, SSID=""Z5319476"""
"54641","17.698091","e2:bb:15:72:70:e6","ff:ff:ff:ff:ff:ff","802.11","444","-44 dBm","-92 dBm","48 dB","Beacon frame, SN=3425, FN=0, Flags=........C, BI=100, SSID=""Z5319476"""
"54903","17.801039","e2:bb:15:72:70:e6","ff:ff:ff:ff:ff:ff","802.11","444","-44 dBm","-92 dBm","48 dB","Beacon frame, SN=3426, FN=0, Flags=........C, BI=100, SSID=""Z5319476"""
"55173","17.905787","e2:bb:15:72:70:e6","ff:ff:ff:ff:ff:ff","802.11","444","-44 dBm","-92 dBm","48 dB","Beacon frame, SN=3427, FN=0, Flags=........C, BI=100, SSID=""Z5319476"""
"55443","18.009782","e2:bb:15:72:70:e6","ff:ff:ff:ff:ff:ff","802.11","444","-44 dBm","-92 dBm","48 dB","Beacon frame, SN=3428, FN=0, Flags=........C, BI=100, SSID=""Z5319476"""
"55695","18.111460","e2:bb:15:72:70:e6","ff:ff:ff:ff:ff:ff","802.11","444","-44 dBm","-92 dBm","48 dB","Beacon frame, SN=3429, FN=0, Flags=........C, BI=100, SSID=""Z5319476"""
"55976","18.210463","e2:bb:15:72:70:e6","ff:ff:ff:ff:ff:ff","802.11","444","-44 dBm","-92 dBm","48 dB","Beacon frame, SN=3430, FN=0, Flags=........C, BI=100, SSID=""Z5319476"""
"56235","18.312569","e2:bb:15:72:70:e6","ff:ff:ff:ff:ff:ff","802.11","444","-44 dBm","-92 dBm","48 dB","Beacon frame, SN=3431, FN=0, Flags=........C, BI=100, SSID=""Z5319476"""
"56512","18.414864","e2:bb:15:72:70:e6","ff:ff:ff:ff:ff:ff","802.11","444","-44 dBm","-92 dBm","48 dB","Beacon frame, SN=3432, FN=0, Flags=........C, BI=100, SSID=""Z5319476"""
"56834","18.517998","e2:bb:15:72:70:e6","ff:ff:ff:ff:ff:ff","802.11","444","-45 dBm","-92 dBm","47 dB","Beacon frame, SN=3433, FN=0, Flags=........C, BI=100, SSID=""Z5319476"""
"57227","18.623021","e2:bb:15:72:70:e6","ff:ff:ff:ff:ff:ff","802.11","444","-44 dBm","-92 dBm","48 dB","Beacon frame, SN=3434, FN=0, Flags=........C, BI=100, SSID=""Z5319476"""
"57650","18.722377","e2:bb:15:72:70:e6","ff:ff:ff:ff:ff:ff","802.11","444","-45 dBm","-92 dBm","47 dB","Beacon frame, SN=3435, FN=0, Flags=........C, BI=100, SSID=""Z5319476"""
"58070","18.824554","e2:bb:15:72:70:e6","ff:ff:ff:ff:ff:ff","802.11","444","-44 dBm","-92 dBm","48 dB","Beacon frame, SN=3436, FN=0, Flags=........C, BI=100, SSID=""Z5319476"""
"58523","18.927053","e2:bb:15:72:70:e6","ff:ff:ff:ff:ff:ff","802.11","444","-44 dBm","-92 dBm","48 dB","Beacon frame, SN=3437, FN=0, Flags=........C, BI=100, SSID=""Z5319476"""
"58981","19.029538","e2:bb:15:72:70:e6","ff:ff:ff:ff:ff:ff","802.11","444","-44 dBm","-92 dBm","48 dB","Beacon frame, SN=3438, FN=0, Flags=........C, BI=100, SSID=""Z5319476"""
"59491","19.131845","e2:bb:15:72:70:e6","ff:ff:ff:ff:ff:ff","802.11","444","-44 dBm","-92 dBm","48 dB","Beacon frame, SN=3439, FN=0, Flags=........C, BI=100, SSID=""Z5319476"""
"59925","19.233972","e2:bb:15:72:70:e6","ff:ff:ff:ff:ff:ff","802.11","444","-46 dBm","-92 dBm","46 dB","Beacon frame, SN=3440, FN=0, Flags=........C, BI=100, SSID=""Z5319476"""
"60464","19.336996","e2:bb:15:72:70:e6","ff:ff:ff:ff:ff:ff","802.11","444","-47 dBm","-92 dBm","45 dB","Beacon frame, SN=3441, FN=0, Flags=........C, BI=100, SSID=""Z5319476"""
"60867","19.438926","e2:bb:15:72:70:e6","ff:ff:ff:ff:ff:ff","802.11","444","-47 dBm","-92 dBm","45 dB","Beacon frame, SN=3442, FN=0, Flags=........C, BI=100, SSID=""Z5319476"""
"61246","19.543908","e2:bb:15:72:70:e6","ff:ff:ff:ff:ff:ff","802.11","444","-46 dBm","-92 dBm","46 dB","Beacon frame, SN=3443, FN=0, Flags=........C, BI=100, SSID=""Z5319476"""
"61556","19.643908","e2:bb:15:72:70:e6","ff:ff:ff:ff:ff:ff","802.11","444","-46 dBm","-92 dBm","46 dB","Beacon frame, SN=3444, FN=0, Flags=........C, BI=100, SSID=""Z5319476"""
"61826","19.745979","e2:bb:15:72:70:e6","ff:ff:ff:ff:ff:ff","802.11","444","-46 dBm","-92 dBm","46 dB","Beacon frame, SN=3445, FN=0, Flags=........C, BI=100, SSID=""Z5319476"""
"62147","19.848441","e2:bb:15:72:70:e6","ff:ff:ff:ff:ff:ff","802.11","444","-47 dBm","-92 dBm","45 dB","Beacon frame, SN=3446, FN=0, Flags=........C, BI=100, SSID=""Z5319476"""
"62397","19.953854","e2:bb:15:72:70:e6","ff:ff:ff:ff:ff:ff","802.11","444","-47 dBm","-92 dBm","45 dB","Beacon frame, SN=3447, FN=0, Flags=........C, BI=100, SSID=""Z5319476"""
"62782","20.053638","e2:bb:15:72:70:e6","ff:ff:ff:ff:ff:ff","802.11","444","-46 dBm","-92 dBm","46 dB","Beacon frame, SN=3448, FN=0, Flags=........C, BI=100, SSID=""Z5319476"""
"63053","20.155567","e2:bb:15:72:70:e6","ff:ff:ff:ff:ff:ff","802.11","444","-47 dBm","-92 dBm","45 dB","Beacon frame, SN=3449, FN=0, Flags=........C, BI=100, SSID=""Z5319476"""
"63369","20.258072","e2:bb:15:72:70:e6","ff:ff:ff:ff:ff:ff","802.11","444","-45 dBm","-92 dBm","47 dB","Beacon frame, SN=3450, FN=0, Flags=........C, BI=100, SSID=""Z5319476"""
"63601","20.360957","e2:bb:15:72:70:e6","ff:ff:ff:ff:ff:ff","802.11","444","-49 dBm","-92 dBm","43 dB","Beacon frame, SN=3451, FN=0, Flags=........C, BI=100, SSID=""Z5319476"""
"63889","20.462893","e2:bb:15:72:70:e6","ff:ff:ff:ff:ff:ff","802.11","444","-49 dBm","-92 dBm","43 dB","Beacon frame, SN=3452, FN=0, Flags=........C, BI=100, SSID=""Z5319476"""
"64146","20.566639","e2:bb:15:72:70:e6","ff:ff:ff:ff:ff:ff","802.11","444","-48 dBm","-92 dBm","44 dB","Beacon frame, SN=3453, FN=0, Flags=........C, BI=100, SSID=""Z5319476"""
"64419","20.667571","e2:bb:15:72:70:e6","ff:ff:ff:ff:ff:ff","802.11","444","-47 dBm","-92 dBm","45 dB","Beacon frame, SN=3454, FN=0, Flags=........C, BI=100, SSID=""Z5319476"""
"64642","20.770815","e2:bb:15:72:70:e6","ff:ff:ff:ff:ff:ff","802.11","444","-49 dBm","-92 dBm","43 dB","Beacon frame, SN=3455, FN=0, Flags=........C, BI=100, SSID=""Z5319476"""
"64871","20.874205","e2:bb:15:72:70:e6","ff:ff:ff:ff:ff:ff","802.11","444","-48 dBm","-92 dBm","44 dB","Beacon frame, SN=3456, FN=0, Flags=........C, BI=100, SSID=""Z5319476"""
"65140","20.977980","e2:bb:15:72:70:e6","ff:ff:ff:ff:ff:ff","802.11","444","-47 dBm","-92 dBm","45 dB","Beacon frame, SN=3457, FN=0, Flags=........C, BI=100, SSID=""Z5319476"""
"65410","21.080492","e2:bb:15:72:70:e6","ff:ff:ff:ff:ff:ff","802.11","444","-46 dBm","-92 dBm","46 dB","Beacon frame, SN=3458, FN=0, Flags=........C, BI=100, SSID=""Z5319476"""
"65720","21.179849","e2:bb:15:72:70:e6","ff:ff:ff:ff:ff:ff","802.11","444","-47 dBm","-92 dBm","45 dB","Beacon frame, SN=3459, FN=0, Flags=........C, BI=100, SSID=""Z5319476"""
"65937","21.282188","e2:bb:15:72:70:e6","ff:ff:ff:ff:ff:ff","802.11","444","-47 dBm","-92 dBm","45 dB","Beacon frame, SN=3460, FN=0, Flags=........C, BI=100, SSID=""Z5319476"""
"66391","21.487030","e2:bb:15:72:70:e6","ff:ff:ff:ff:ff:ff","802.11","444","-49 dBm","-92 dBm","43 dB","Beacon frame, SN=3462, FN=0, Flags=........C, BI=100, SSID=""Z5319476"""
"66613","21.591885","e2:bb:15:72:70:e6","ff:ff:ff:ff:ff:ff","802.11","444","-47 dBm","-92 dBm","45 dB","Beacon frame, SN=3463, FN=0, Flags=........C, BI=100, SSID=""Z5319476"""
"66884","21.691642","e2:bb:15:72:70:e6","ff:ff:ff:ff:ff:ff","802.11","444","-48 dBm","-92 dBm","44 dB","Beacon frame, SN=3464, FN=0, Flags=........C, BI=100, SSID=""Z5319476"""
"67149","21.793981","e2:bb:15:72:70:e6","ff:ff:ff:ff:ff:ff","802.11","444","-48 dBm","-92 dBm","44 dB","Beacon frame, SN=3465, FN=0, Flags=........C, BI=100, SSID=""Z5319476"""
"67376","21.900192","e2:bb:15:72:70:e6","ff:ff:ff:ff:ff:ff","802.11","444","-47 dBm","-92 dBm","45 dB","Beacon frame, SN=3466, FN=0, Flags=........C, BI=100, SSID=""Z5319476"""
"67575","21.998490","e2:bb:15:72:70:e6","ff:ff:ff:ff:ff:ff","802.11","444","-44 dBm","-92 dBm","48 dB","Beacon frame, SN=3467, FN=0, Flags=........C, BI=100, SSID=""Z5319476"""
"67761","22.101574","e2:bb:15:72:70:e6","ff:ff:ff:ff:ff:ff","802.11","444","-44 dBm","-92 dBm","48 dB","Beacon frame, SN=3468, FN=0, Flags=........C, BI=100, SSID=""Z5319476"""
"68008","22.207651","e2:bb:15:72:70:e6","ff:ff:ff:ff:ff:ff","802.11","444","-45 dBm","-92 dBm","47 dB","Beacon frame, SN=3469, FN=0, Flags=........C, BI=100, SSID=""Z5319476"""
"68205","22.305633","e2:bb:15:72:70:e6","ff:ff:ff:ff:ff:ff","802.11","444","-47 dBm","-92 dBm","45 dB","Beacon frame, SN=3470, FN=0, Flags=........C, BI=100, SSID=""Z5319476"""
"68395","22.409735","e2:bb:15:72:70:e6","ff:ff:ff:ff:ff:ff","802.11","444","-48 dBm","-92 dBm","44 dB","Beacon frame, SN=3471, FN=0, Flags=........C, BI=100, SSID=""Z5319476"""
"68621","22.510765","e2:bb:15:72:70:e6","ff:ff:ff:ff:ff:ff","802.11","444","-45 dBm","-92 dBm","47 dB","Beacon frame, SN=3472, FN=0, Flags=........C, BI=100, SSID=""Z5319476"""
"68887","22.614231","e2:bb:15:72:70:e6","ff:ff:ff:ff:ff:ff","802.11","444","-45 dBm","-92 dBm","47 dB","Beacon frame, SN=3473, FN=0, Flags=........C, BI=100, SSID=""Z5319476"""
"69164","22.716653","e2:bb:15:72:70:e6","ff:ff:ff:ff:ff:ff","802.11","444","-48 dBm","-92 dBm","44 dB","Beacon frame, SN=3474, FN=0, Flags=........C, BI=100, SSID=""Z5319476"""
"69410","22.818054","e2:bb:15:72:70:e6","ff:ff:ff:ff:ff:ff","802.11","444","-48 dBm","-92 dBm","44 dB","Beacon frame, SN=3475, FN=0, Flags=........C, BI=100, SSID=""Z5319476"""
"69689","22.920431","e2:bb:15:72:70:e6","ff:ff:ff:ff:ff:ff","802.11","444","-47 dBm","-92 dBm","45 dB","Beacon frame, SN=3476, FN=0, Flags=........C, BI=100, SSID=""Z5319476"""
"70144","23.125660","e2:bb:15:72:70:e6","ff:ff:ff:ff:ff:ff","802.11","444","-47 dBm","-92 dBm","45 dB","Beacon frame, SN=3478, FN=0, Flags=........C, BI=100, SSID=""Z5319476"""
"70433","23.229400","e2:bb:15:72:70:e6","ff:ff:ff:ff:ff:ff","802.11","444","-48 dBm","-92 dBm","44 dB","Beacon frame, SN=3479, FN=0, Flags=........C, BI=100, SSID=""Z5319476"""
"71059","23.432534","e2:bb:15:72:70:e6","ff:ff:ff:ff:ff:ff","802.11","444","-48 dBm","-92 dBm","44 dB","Beacon frame, SN=3481, FN=0, Flags=........C, BI=100, SSID=""Z5319476"""
"71326","23.534680","e2:bb:15:72:70:e6","ff:ff:ff:ff:ff:ff","802.11","444","-48 dBm","-92 dBm","44 dB","Beacon frame, SN=3482, FN=0, Flags=........C, BI=100, SSID=""Z5319476"""
"71657","23.640130","e2:bb:15:72:70:e6","ff:ff:ff:ff:ff:ff","802.11","444","-47 dBm","-92 dBm","45 dB","Beacon frame, SN=3483, FN=0, Flags=........C, BI=100, SSID=""Z5319476"""
"72007","23.739542","e2:bb:15:72:70:e6","ff:ff:ff:ff:ff:ff","802.11","444","-48 dBm","-92 dBm","44 dB","Beacon frame, SN=3484, FN=0, Flags=........C, BI=100, SSID=""Z5319476"""
"72347","23.845449","e2:bb:15:72:70:e6","ff:ff:ff:ff:ff:ff","802.11","444","-45 dBm","-92 dBm","47 dB","Beacon frame, SN=3485, FN=0, Flags=........C, BI=100, SSID=""Z5319476"""
"72953","24.047601","e2:bb:15:72:70:e6","ff:ff:ff:ff:ff:ff","802.11","444","-45 dBm","-92 dBm","47 dB","Beacon frame, SN=3487, FN=0, Flags=........C, BI=100, SSID=""Z5319476"""
"73233","24.154749","e2:bb:15:72:70:e6","ff:ff:ff:ff:ff:ff","802.11","444","-47 dBm","-92 dBm","45 dB","Beacon frame, SN=3488, FN=0, Flags=........C, BI=100, SSID=""Z5319476"""
"73477","24.251957","e2:bb:15:72:70:e6","ff:ff:ff:ff:ff:ff","802.11","444","-47 dBm","-92 dBm","45 dB","Beacon frame, SN=3489, FN=0, Flags=........C, BI=100, SSID=""Z5319476"""
"73784","24.354138","e2:bb:15:72:70:e6","ff:ff:ff:ff:ff:ff","802.11","444","-48 dBm","-92 dBm","44 dB","Beacon frame, SN=3490, FN=0, Flags=........C, BI=100, SSID=""Z5319476"""
"74074","24.456582","e2:bb:15:72:70:e6","ff:ff:ff:ff:ff:ff","802.11","444","-44 dBm","-92 dBm","48 dB","Beacon frame, SN=3491, FN=0, Flags=........C, BI=100, SSID=""Z5319476"""
"74394","24.558741","e2:bb:15:72:70:e6","ff:ff:ff:ff:ff:ff","802.11","444","-44 dBm","-92 dBm","48 dB","Beacon frame, SN=3492, FN=0, Flags=........C, BI=100, SSID=""Z5319476"""
"74703","24.662696","e2:bb:15:72:70:e6","ff:ff:ff:ff:ff:ff","802.11","444","-45 dBm","-92 dBm","47 dB","Beacon frame, SN=3493, FN=0, Flags=........C, BI=100, SSID=""Z5319476"""
"75120","24.763709","e2:bb:15:72:70:e6","ff:ff:ff:ff:ff:ff","802.11","444","-48 dBm","-92 dBm","44 dB","Beacon frame, SN=3494, FN=0, Flags=........C, BI=100, SSID=""Z5319476"""
"75509","24.869584","e2:bb:15:72:70:e6","ff:ff:ff:ff:ff:ff","802.11","444","-48 dBm","-92 dBm","44 dB","Beacon frame, SN=3495, FN=0, Flags=........C, BI=100, SSID=""Z5319476"""
"75844","24.972093","e2:bb:15:72:70:e6","ff:ff:ff:ff:ff:ff","802.11","444","-48 dBm","-92 dBm","44 dB","Beacon frame, SN=3496, FN=0, Flags=........C, BI=100, SSID=""Z5319476"""
"76198","25.074897","e2:bb:15:72:70:e6","ff:ff:ff:ff:ff:ff","802.11","444","-48 dBm","-92 dBm","44 dB","Beacon frame, SN=3497, FN=0, Flags=........C, BI=100, SSID=""Z5319476"""
"76435","25.173172","e2:bb:15:72:70:e6","ff:ff:ff:ff:ff:ff","802.11","444","-45 dBm","-92 dBm","47 dB","Beacon frame, SN=3498, FN=0, Flags=........C, BI=100, SSID=""Z5319476"""
"76704","25.278188","e2:bb:15:72:70:e6","ff:ff:ff:ff:ff:ff","802.11","444","-48 dBm","-92 dBm","44 dB","Beacon frame, SN=3499, FN=0, Flags=........C, BI=100, SSID=""Z5319476"""
"76944","25.378196","e2:bb:15:72:70:e6","ff:ff:ff:ff:ff:ff","802.11","444","-48 dBm","-92 dBm","44 dB","Beacon frame, SN=3500, FN=0, Flags=........C, BI=100, SSID=""Z5319476"""
"77310","25.483210","e2:bb:15:72:70:e6","ff:ff:ff:ff:ff:ff","802.11","444","-47 dBm","-92 dBm","45 dB","Beacon frame, SN=3501, FN=0, Flags=........C, BI=100, SSID=""Z5319476"""
"77533","25.582671","e2:bb:15:72:70:e6","ff:ff:ff:ff:ff:ff","802.11","444","-45 dBm","-92 dBm","47 dB","Beacon frame, SN=3502, FN=0, Flags=........C, BI=100, SSID=""Z5319476"""
"77838","25.684796","e2:bb:15:72:70:e6","ff:ff:ff:ff:ff:ff","802.11","444","-45 dBm","-92 dBm","47 dB","Beacon frame, SN=3503, FN=0, Flags=........C, BI=100, SSID=""Z5319476"""
"78133","25.787912","e2:bb:15:72:70:e6","ff:ff:ff:ff:ff:ff","802.11","444","-48 dBm","-92 dBm","44 dB","Beacon frame, SN=3504, FN=0, Flags=........C, BI=100, SSID=""Z5319476"""
"78426","25.890081","e2:bb:15:72:70:e6","ff:ff:ff:ff:ff:ff","802.11","444","-48 dBm","-92 dBm","44 dB","Beacon frame, SN=3505, FN=0, Flags=........C, BI=100, SSID=""Z5319476"""
"78834","25.992474","e2:bb:15:72:70:e6","ff:ff:ff:ff:ff:ff","802.11","444","-49 dBm","-92 dBm","43 dB","Beacon frame, SN=3506, FN=0, Flags=........C, BI=100, SSID=""Z5319476"""
"79306","26.094812","e2:bb:15:72:70:e6","ff:ff:ff:ff:ff:ff","802.11","444","-50 dBm","-92 dBm","42 dB","Beacon frame, SN=3507, FN=0, Flags=........C, BI=100, SSID=""Z5319476"""
"79597","26.201184","e2:bb:15:72:70:e6","ff:ff:ff:ff:ff:ff","802.11","444","-45 dBm","-92 dBm","47 dB","Beacon frame, SN=3508, FN=0, Flags=........C, BI=100, SSID=""Z5319476"""
"80125","26.401818","e2:bb:15:72:70:e6","ff:ff:ff:ff:ff:ff","802.11","444","-49 dBm","-92 dBm","43 dB","Beacon frame, SN=3510, FN=0, Flags=........C, BI=100, SSID=""Z5319476"""
"80402","26.504972","e2:bb:15:72:70:e6","ff:ff:ff:ff:ff:ff","802.11","444","-45 dBm","-92 dBm","47 dB","Beacon frame, SN=3511, FN=0, Flags=........C, BI=100, SSID=""Z5319476"""
"80656","26.609718","e2:bb:15:72:70:e6","ff:ff:ff:ff:ff:ff","802.11","444","-49 dBm","-92 dBm","43 dB","Beacon frame, SN=3512, FN=0, Flags=........C, BI=100, SSID=""Z5319476"""
"81166","26.812365","e2:bb:15:72:70:e6","ff:ff:ff:ff:ff:ff","802.11","444","-49 dBm","-92 dBm","43 dB","Beacon frame, SN=3514, FN=0, Flags=........C, BI=100, SSID=""Z5319476"""
"81405","26.913899","e2:bb:15:72:70:e6","ff:ff:ff:ff:ff:ff","802.11","444","-45 dBm","-92 dBm","47 dB","Beacon frame, SN=3515, FN=0, Flags=........C, BI=100, SSID=""Z5319476"""
"81613","27.016250","e2:bb:15:72:70:e6","ff:ff:ff:ff:ff:ff","802.11","444","-45 dBm","-92 dBm","47 dB","Beacon frame, SN=3516, FN=0, Flags=........C, BI=100, SSID=""Z5319476"""
"82104","27.221070","e2:bb:15:72:70:e6","ff:ff:ff:ff:ff:ff","802.11","444","-49 dBm","-92 dBm","43 dB","Beacon frame, SN=3518, FN=0, Flags=........C, BI=100, SSID=""Z5319476"""
"82358","27.328871","e2:bb:15:72:70:e6","ff:ff:ff:ff:ff:ff","802.11","444","-48 dBm","-92 dBm","44 dB","Beacon frame, SN=3519, FN=0, Flags=........C, BI=100, SSID=""Z5319476"""
"82558","27.425840","e2:bb:15:72:70:e6","ff:ff:ff:ff:ff:ff","802.11","444","-48 dBm","-92 dBm","44 dB","Beacon frame, SN=3520, FN=0, Flags=........C, BI=100, SSID=""Z5319476"""
"82814","27.531371","e2:bb:15:72:70:e6","ff:ff:ff:ff:ff:ff","802.11","444","-49 dBm","-92 dBm","43 dB","Beacon frame, SN=3521, FN=0, Flags=........C, BI=100, SSID=""Z5319476"""
"83005","27.632924","e2:bb:15:72:70:e6","ff:ff:ff:ff:ff:ff","802.11","444","-48 dBm","-92 dBm","44 dB","Beacon frame, SN=3522, FN=0, Flags=........C, BI=100, SSID=""Z5319476"""
"83284","27.737189","e2:bb:15:72:70:e6","ff:ff:ff:ff:ff:ff","802.11","444","-49 dBm","-92 dBm","43 dB","Beacon frame, SN=3523, FN=0, Flags=........C, BI=100, SSID=""Z5319476"""
"83498","27.838485","e2:bb:15:72:70:e6","ff:ff:ff:ff:ff:ff","802.11","444","-47 dBm","-92 dBm","45 dB","Beacon frame, SN=3524, FN=0, Flags=........C, BI=100, SSID=""Z5319476"""
"83754","27.938046","e2:bb:15:72:70:e6","ff:ff:ff:ff:ff:ff","802.11","444","-48 dBm","-92 dBm","44 dB","Beacon frame, SN=3525, FN=0, Flags=........C, BI=100, SSID=""Z5319476"""
"83958","28.040171","e2:bb:15:72:70:e6","ff:ff:ff:ff:ff:ff","802.11","444","-49 dBm","-92 dBm","43 dB","Beacon frame, SN=3526, FN=0, Flags=........C, BI=100, SSID=""Z5319476"""
"84204","28.142666","e2:bb:15:72:70:e6","ff:ff:ff:ff:ff:ff","802.11","444","-49 dBm","-92 dBm","43 dB","Beacon frame, SN=3527, FN=0, Flags=........C, BI=100, SSID=""Z5319476"""
"84438","28.245077","e2:bb:15:72:70:e6","ff:ff:ff:ff:ff:ff","802.11","444","-49 dBm","-92 dBm","43 dB","Beacon frame, SN=3528, FN=0, Flags=........C, BI=100, SSID=""Z5319476"""
"84709","28.347382","e2:bb:15:72:70:e6","ff:ff:ff:ff:ff:ff","802.11","444","-48 dBm","-92 dBm","44 dB","Beacon frame, SN=3529, FN=0, Flags=........C, BI=100, SSID=""Z5319476"""
"84892","28.449921","e2:bb:15:72:70:e6","ff:ff:ff:ff:ff:ff","802.11","444","-49 dBm","-92 dBm","43 dB","Beacon frame, SN=3530, FN=0, Flags=........C, BI=100, SSID=""Z5319476"""
"85134","28.558172","e2:bb:15:72:70:e6","ff:ff:ff:ff:ff:ff","802.11","444","-49 dBm","-92 dBm","43 dB","Beacon frame, SN=3531, FN=0, Flags=........C, BI=100, SSID=""Z5319476"""
"85393","28.654603","e2:bb:15:72:70:e6","ff:ff:ff:ff:ff:ff","802.11","444","-49 dBm","-92 dBm","43 dB","Beacon frame, SN=3532, FN=0, Flags=........C, BI=100, SSID=""Z5319476"""
"85668","28.762293","e2:bb:15:72:70:e6","ff:ff:ff:ff:ff:ff","802.11","444","-45 dBm","-92 dBm","47 dB","Beacon frame, SN=3533, FN=0, Flags=........C, BI=100, SSID=""Z5319476"""
"86230","28.962037","e2:bb:15:72:70:e6","ff:ff:ff:ff:ff:ff","802.11","444","-49 dBm","-92 dBm","43 dB","Beacon frame, SN=3535, FN=0, Flags=........C, BI=100, SSID=""Z5319476"""
"86484","29.065046","e2:bb:15:72:70:e6","ff:ff:ff:ff:ff:ff","802.11","444","-45 dBm","-92 dBm","47 dB","Beacon frame, SN=3536, FN=0, Flags=........C, BI=100, SSID=""Z5319476"""
"86727","29.166916","e2:bb:15:72:70:e6","ff:ff:ff:ff:ff:ff","802.11","444","-45 dBm","-92 dBm","47 dB","Beacon frame, SN=3537, FN=0, Flags=........C, BI=100, SSID=""Z5319476"""
"86996","29.273182","e2:bb:15:72:70:e6","ff:ff:ff:ff:ff:ff","802.11","444","-48 dBm","-92 dBm","44 dB","Beacon frame, SN=3538, FN=0, Flags=........C, BI=100, SSID=""Z5319476"""
"87365","29.371597","e2:bb:15:72:70:e6","ff:ff:ff:ff:ff:ff","802.11","444","-48 dBm","-92 dBm","44 dB","Beacon frame, SN=3539, FN=0, Flags=........C, BI=100, SSID=""Z5319476"""
"87646","29.474054","e2:bb:15:72:70:e6","ff:ff:ff:ff:ff:ff","802.11","444","-44 dBm","-92 dBm","48 dB","Beacon frame, SN=3540, FN=0, Flags=........C, BI=100, SSID=""Z5319476"""
"88172","29.678917","e2:bb:15:72:70:e6","ff:ff:ff:ff:ff:ff","802.11","444","-48 dBm","-92 dBm","44 dB","Beacon frame, SN=3542, FN=0, Flags=........C, BI=100, SSID=""Z5319476"""
"88440","29.786778","e2:bb:15:72:70:e6","ff:ff:ff:ff:ff:ff","802.11","444","-47 dBm","-92 dBm","45 dB","Beacon frame, SN=3543, FN=0, Flags=........C, BI=100, SSID=""Z5319476"""
"88676","29.886931","e2:bb:15:72:70:e6","ff:ff:ff:ff:ff:ff","802.11","444","-47 dBm","-92 dBm","45 dB","Beacon frame, SN=3544, FN=0, Flags=........C, BI=100, SSID=""Z5319476"""
"88907","29.988041","e2:bb:15:72:70:e6","ff:ff:ff:ff:ff:ff","802.11","444","-45 dBm","-92 dBm","47 dB","Beacon frame, SN=3545, FN=0, Flags=........C, BI=100, SSID=""Z5319476"""
"89123","30.088393","e2:bb:15:72:70:e6","ff:ff:ff:ff:ff:ff","802.11","444","-45 dBm","-92 dBm","47 dB","Beacon frame, SN=3546, FN=0, Flags=........C, BI=100, SSID=""Z5319476"""
"89332","30.190465","e2:bb:15:72:70:e6","ff:ff:ff:ff:ff:ff","802.11","444","-45 dBm","-92 dBm","47 dB","Beacon frame, SN=3547, FN=0, Flags=........C, BI=100, SSID=""Z5319476"""
"89524","30.293350","e2:bb:15:72:70:e6","ff:ff:ff:ff:ff:ff","802.11","444","-47 dBm","-92 dBm","45 dB","Beacon frame, SN=3548, FN=0, Flags=........C, BI=100, SSID=""Z5319476"""
"89748","30.395390","e2:bb:15:72:70:e6","ff:ff:ff:ff:ff:ff","802.11","444","-47 dBm","-92 dBm","45 dB","Beacon frame, SN=3549, FN=0, Flags=........C, BI=100, SSID=""Z5319476"""
"89962","30.498804","e2:bb:15:72:70:e6","ff:ff:ff:ff:ff:ff","802.11","444","-45 dBm","-92 dBm","47 dB","Beacon frame, SN=3550, FN=0, Flags=........C, BI=100, SSID=""Z5319476"""
"90198","30.600171","e2:bb:15:72:70:e6","ff:ff:ff:ff:ff:ff","802.11","444","-49 dBm","-92 dBm","43 dB","Beacon frame, SN=3551, FN=0, Flags=........C, BI=100, SSID=""Z5319476"""
"90487","30.702944","e2:bb:15:72:70:e6","ff:ff:ff:ff:ff:ff","802.11","444","-45 dBm","-92 dBm","47 dB","Beacon frame, SN=3552, FN=0, Flags=........C, BI=100, SSID=""Z5319476"""
"90705","30.805460","e2:bb:15:72:70:e6","ff:ff:ff:ff:ff:ff","802.11","444","-47 dBm","-92 dBm","45 dB","Beacon frame, SN=3553, FN=0, Flags=........C, BI=100, SSID=""Z5319476"""
"90942","30.907386","e2:bb:15:72:70:e6","ff:ff:ff:ff:ff:ff","802.11","444","-47 dBm","-92 dBm","45 dB","Beacon frame, SN=3554, FN=0, Flags=........C, BI=100, SSID=""Z5319476"""
"91159","31.010853","e2:bb:15:72:70:e6","ff:ff:ff:ff:ff:ff","802.11","444","-47 dBm","-92 dBm","45 dB","Beacon frame, SN=3555, FN=0, Flags=........C, BI=100, SSID=""Z5319476"""
"91429","31.112108","e2:bb:15:72:70:e6","ff:ff:ff:ff:ff:ff","802.11","444","-44 dBm","-92 dBm","48 dB","Beacon frame, SN=3556, FN=0, Flags=........C, BI=100, SSID=""Z5319476"""
"91685","31.215020","e2:bb:15:72:70:e6","ff:ff:ff:ff:ff:ff","802.11","444","-48 dBm","-92 dBm","44 dB","Beacon frame, SN=3557, FN=0, Flags=........C, BI=100, SSID=""Z5319476"""
"91957","31.317564","e2:bb:15:72:70:e6","ff:ff:ff:ff:ff:ff","802.11","444","-48 dBm","-92 dBm","44 dB","Beacon frame, SN=3558, FN=0, Flags=........C, BI=100, SSID=""Z5319476"""
"92187","31.420299","e2:bb:15:72:70:e6","ff:ff:ff:ff:ff:ff","802.11","444","-48 dBm","-92 dBm","44 dB","Beacon frame, SN=3559, FN=0, Flags=........C, BI=100, SSID=""Z5319476"""
"92577","31.522019","e2:bb:15:72:70:e6","ff:ff:ff:ff:ff:ff","802.11","444","-48 dBm","-92 dBm","44 dB","Beacon frame, SN=3560, FN=0, Flags=........C, BI=100, SSID=""Z5319476"""
"92927","31.631982","e2:bb:15:72:70:e6","ff:ff:ff:ff:ff:ff","802.11","444","-45 dBm","-92 dBm","47 dB","Beacon frame, SN=3561, FN=0, Flags=........C, BI=100, SSID=""Z5319476"""
"93240","31.726605","e2:bb:15:72:70:e6","ff:ff:ff:ff:ff:ff","802.11","444","-48 dBm","-92 dBm","44 dB","Beacon frame, SN=3562, FN=0, Flags=........C, BI=100, SSID=""Z5319476"""
"93618","31.829316","e2:bb:15:72:70:e6","ff:ff:ff:ff:ff:ff","802.11","444","-48 dBm","-92 dBm","44 dB","Beacon frame, SN=3563, FN=0, Flags=........C, BI=100, SSID=""Z5319476"""
"94011","31.931249","e2:bb:15:72:70:e6","ff:ff:ff:ff:ff:ff","802.11","444","-45 dBm","-92 dBm","47 dB","Beacon frame, SN=3564, FN=0, Flags=........C, BI=100, SSID=""Z5319476"""
"94388","32.034213","e2:bb:15:72:70:e6","ff:ff:ff:ff:ff:ff","802.11","444","-45 dBm","-92 dBm","47 dB","Beacon frame, SN=3565, FN=0, Flags=........C, BI=100, SSID=""Z5319476"""
"94727","32.137027","e2:bb:15:72:70:e6","ff:ff:ff:ff:ff:ff","802.11","444","-45 dBm","-92 dBm","47 dB","Beacon frame, SN=3566, FN=0, Flags=........C, BI=100, SSID=""Z5319476"""
"95121","32.241083","e2:bb:15:72:70:e6","ff:ff:ff:ff:ff:ff","802.11","444","-45 dBm","-92 dBm","47 dB","Beacon frame, SN=3567, FN=0, Flags=........C, BI=100, SSID=""Z5319476"""
"95473","32.343820","e2:bb:15:72:70:e6","ff:ff:ff:ff:ff:ff","802.11","444","-48 dBm","-92 dBm","44 dB","Beacon frame, SN=3568, FN=0, Flags=........C, BI=100, SSID=""Z5319476"""
"95955","32.446696","e2:bb:15:72:70:e6","ff:ff:ff:ff:ff:ff","802.11","444","-48 dBm","-92 dBm","44 dB","Beacon frame, SN=3569, FN=0, Flags=........C, BI=100, SSID=""Z5319476"""
"96302","32.545714","e2:bb:15:72:70:e6","ff:ff:ff:ff:ff:ff","802.11","444","-44 dBm","-92 dBm","48 dB","Beacon frame, SN=3570, FN=0, Flags=........C, BI=100, SSID=""Z5319476"""
"96629","32.647928","e2:bb:15:72:70:e6","ff:ff:ff:ff:ff:ff","802.11","444","-44 dBm","-92 dBm","48 dB","Beacon frame, SN=3571, FN=0, Flags=........C, BI=100, SSID=""Z5319476"""
"96960","32.753637","e2:bb:15:72:70:e6","ff:ff:ff:ff:ff:ff","802.11","444","-44 dBm","-92 dBm","48 dB","Beacon frame, SN=3572, FN=0, Flags=........C, BI=100, SSID=""Z5319476"""
"97685","32.959199","e2:bb:15:72:70:e6","ff:ff:ff:ff:ff:ff","802.11","444","-48 dBm","-92 dBm","44 dB","Beacon frame, SN=3574, FN=0, Flags=........C, BI=100, SSID=""Z5319476"""
"97997","33.057978","e2:bb:15:72:70:e6","ff:ff:ff:ff:ff:ff","802.11","444","-47 dBm","-92 dBm","45 dB","Beacon frame, SN=3575, FN=0, Flags=........C, BI=100, SSID=""Z5319476"""
"98323","33.161047","e2:bb:15:72:70:e6","ff:ff:ff:ff:ff:ff","802.11","444","-48 dBm","-92 dBm","44 dB","Beacon frame, SN=3576, FN=0, Flags=........C, BI=100, SSID=""Z5319476"""
"98656","33.262830","e2:bb:15:72:70:e6","ff:ff:ff:ff:ff:ff","802.11","444","-44 dBm","-92 dBm","48 dB","Beacon frame, SN=3577, FN=0, Flags=........C, BI=100, SSID=""Z5319476"""
"98961","33.367529","e2:bb:15:72:70:e6","ff:ff:ff:ff:ff:ff","802.11","444","-47 dBm","-92 dBm","45 dB","Beacon frame, SN=3578, FN=0, Flags=........C, BI=100, SSID=""Z5319476"""
"99293","33.468167","e2:bb:15:72:70:e6","ff:ff:ff:ff:ff:ff","802.11","444","-47 dBm","-92 dBm","45 dB","Beacon frame, SN=3579, FN=0, Flags=........C, BI=100, SSID=""Z5319476"""
"99673","33.570695","e2:bb:15:72:70:e6","ff:ff:ff:ff:ff:ff","802.11","444","-44 dBm","-92 dBm","48 dB","Beacon frame, SN=3580, FN=0, Flags=........C, BI=100, SSID=""Z5319476"""
"100093","33.672304","e2:bb:15:72:70:e6","ff:ff:ff:ff:ff:ff","802.11","444","-44 dBm","-92 dBm","48 dB","Beacon frame, SN=3581, FN=0, Flags=........C, BI=100, SSID=""Z5319476"""
"100438","33.780359","e2:bb:15:72:70:e6","ff:ff:ff:ff:ff:ff","802.11","444","-47 dBm","-92 dBm","45 dB","Beacon frame, SN=3582, FN=0, Flags=........C, BI=100, SSID=""Z5319476"""
"100744","33.880072","e2:bb:15:72:70:e6","ff:ff:ff:ff:ff:ff","802.11","444","-44 dBm","-92 dBm","48 dB","Beacon frame, SN=3583, FN=0, Flags=........C, BI=100, SSID=""Z5319476"""
"101034","33.982009","e2:bb:15:72:70:e6","ff:ff:ff:ff:ff:ff","802.11","444","-44 dBm","-92 dBm","48 dB","Beacon frame, SN=3584, FN=0, Flags=........C, BI=100, SSID=""Z5319476"""
"101373","34.083246","e2:bb:15:72:70:e6","ff:ff:ff:ff:ff:ff","802.11","444","-47 dBm","-92 dBm","45 dB","Beacon frame, SN=3585, FN=0, Flags=........C, BI=100, SSID=""Z5319476"""
"101720","34.184060","e2:bb:15:72:70:e6","ff:ff:ff:ff:ff:ff","802.11","444","-44 dBm","-92 dBm","48 dB","Beacon frame, SN=3586, FN=0, Flags=........C, BI=100, SSID=""Z5319476"""
"102048","34.286468","e2:bb:15:72:70:e6","ff:ff:ff:ff:ff:ff","802.11","444","-47 dBm","-92 dBm","45 dB","Beacon frame, SN=3587, FN=0, Flags=........C, BI=100, SSID=""Z5319476"""
"102631","34.491283","e2:bb:15:72:70:e6","ff:ff:ff:ff:ff:ff","802.11","444","-47 dBm","-92 dBm","45 dB","Beacon frame, SN=3589, FN=0, Flags=........C, BI=100, SSID=""Z5319476"""
"102893","34.594959","e2:bb:15:72:70:e6","ff:ff:ff:ff:ff:ff","802.11","444","-44 dBm","-92 dBm","48 dB","Beacon frame, SN=3590, FN=0, Flags=........C, BI=100, SSID=""Z5319476"""
"103189","34.697100","e2:bb:15:72:70:e6","ff:ff:ff:ff:ff:ff","802.11","444","-44 dBm","-92 dBm","48 dB","Beacon frame, SN=3591, FN=0, Flags=........C, BI=100, SSID=""Z5319476"""
"103402","34.801711","e2:bb:15:72:70:e6","ff:ff:ff:ff:ff:ff","802.11","444","-47 dBm","-92 dBm","45 dB","Beacon frame, SN=3592, FN=0, Flags=........C, BI=100, SSID=""Z5319476"""
"103807","35.004871","e2:bb:15:72:70:e6","ff:ff:ff:ff:ff:ff","802.11","444","-43 dBm","-92 dBm","49 dB","Beacon frame, SN=3594, FN=0, Flags=........C, BI=100, SSID=""Z5319476"""
"104041","35.105919","e2:bb:15:72:70:e6","ff:ff:ff:ff:ff:ff","802.11","444","-47 dBm","-92 dBm","45 dB","Beacon frame, SN=3595, FN=0, Flags=........C, BI=100, SSID=""Z5319476"""
"104303","35.208218","e2:bb:15:72:70:e6","ff:ff:ff:ff:ff:ff","802.11","444","-48 dBm","-92 dBm","44 dB","Beacon frame, SN=3596, FN=0, Flags=........C, BI=100, SSID=""Z5319476"""
"104516","35.310429","e2:bb:15:72:70:e6","ff:ff:ff:ff:ff:ff","802.11","444","-44 dBm","-92 dBm","48 dB","Beacon frame, SN=3597, FN=0, Flags=........C, BI=100, SSID=""Z5319476"""
"104880","35.413275","e2:bb:15:72:70:e6","ff:ff:ff:ff:ff:ff","802.11","444","-47 dBm","-92 dBm","45 dB","Beacon frame, SN=3598, FN=0, Flags=........C, BI=100, SSID=""Z5319476"""
"105125","35.515216","e2:bb:15:72:70:e6","ff:ff:ff:ff:ff:ff","802.11","444","-47 dBm","-92 dBm","45 dB","Beacon frame, SN=3599, FN=0, Flags=........C, BI=100, SSID=""Z5319476"""
"105310","35.617642","e2:bb:15:72:70:e6","ff:ff:ff:ff:ff:ff","802.11","444","-44 dBm","-92 dBm","48 dB","Beacon frame, SN=3600, FN=0, Flags=........C, BI=100, SSID=""Z5319476"""
"105518","35.720020","e2:bb:15:72:70:e6","ff:ff:ff:ff:ff:ff","802.11","444","-47 dBm","-92 dBm","45 dB","Beacon frame, SN=3601, FN=0, Flags=........C, BI=100, SSID=""Z5319476"""
"105801","35.822864","e2:bb:15:72:70:e6","ff:ff:ff:ff:ff:ff","802.11","444","-44 dBm","-92 dBm","48 dB","Beacon frame, SN=3602, FN=0, Flags=........C, BI=100, SSID=""Z5319476"""
"106113","35.927257","e2:bb:15:72:70:e6","ff:ff:ff:ff:ff:ff","802.11","444","-47 dBm","-92 dBm","45 dB","Beacon frame, SN=3603, FN=0, Flags=........C, BI=100, SSID=""Z5319476"""
"106385","36.028575","e2:bb:15:72:70:e6","ff:ff:ff:ff:ff:ff","802.11","444","-49 dBm","-92 dBm","43 dB","Beacon frame, SN=3604, FN=0, Flags=........C, BI=100, SSID=""Z5319476"""
"106649","36.130064","e2:bb:15:72:70:e6","ff:ff:ff:ff:ff:ff","802.11","444","-44 dBm","-92 dBm","48 dB","Beacon frame, SN=3605, FN=0, Flags=........C, BI=100, SSID=""Z5319476"""
"107013","36.232041","e2:bb:15:72:70:e6","ff:ff:ff:ff:ff:ff","802.11","444","-47 dBm","-92 dBm","45 dB","Beacon frame, SN=3606, FN=0, Flags=........C, BI=100, SSID=""Z5319476"""
"107394","36.334397","e2:bb:15:72:70:e6","ff:ff:ff:ff:ff:ff","802.11","444","-47 dBm","-92 dBm","45 dB","Beacon frame, SN=3607, FN=0, Flags=........C, BI=100, SSID=""Z5319476"""
"107743","36.440141","e2:bb:15:72:70:e6","ff:ff:ff:ff:ff:ff","802.11","444","-44 dBm","-92 dBm","48 dB","Beacon frame, SN=3608, FN=0, Flags=........C, BI=100, SSID=""Z5319476"""
"108011","36.539450","e2:bb:15:72:70:e6","ff:ff:ff:ff:ff:ff","802.11","444","-44 dBm","-92 dBm","48 dB","Beacon frame, SN=3609, FN=0, Flags=........C, BI=100, SSID=""Z5319476"""
"108372","36.647392","e2:bb:15:72:70:e6","ff:ff:ff:ff:ff:ff","802.11","444","-45 dBm","-92 dBm","47 dB","Beacon frame, SN=3610, FN=0, Flags=........C, BI=100, SSID=""Z5319476"""
"108646","36.744040","e2:bb:15:72:70:e6","ff:ff:ff:ff:ff:ff","802.11","444","-44 dBm","-92 dBm","48 dB","Beacon frame, SN=3611, FN=0, Flags=........C, BI=100, SSID=""Z5319476"""
"108920","36.846202","e2:bb:15:72:70:e6","ff:ff:ff:ff:ff:ff","802.11","444","-47 dBm","-92 dBm","45 dB","Beacon frame, SN=3612, FN=0, Flags=........C, BI=100, SSID=""Z5319476"""
"109267","36.948822","e2:bb:15:72:70:e6","ff:ff:ff:ff:ff:ff","802.11","444","-47 dBm","-92 dBm","45 dB","Beacon frame, SN=3613, FN=0, Flags=........C, BI=100, SSID=""Z5319476"""
"109643","37.052818","e2:bb:15:72:70:e6","ff:ff:ff:ff:ff:ff","802.11","444","-47 dBm","-92 dBm","45 dB","Beacon frame, SN=3614, FN=0, Flags=........C, BI=100, SSID=""Z5319476"""
"109931","37.153577","e2:bb:15:72:70:e6","ff:ff:ff:ff:ff:ff","802.11","444","-47 dBm","-92 dBm","45 dB","Beacon frame, SN=3615, FN=0, Flags=........C, BI=100, SSID=""Z5319476"""
"110217","37.261353","e2:bb:15:72:70:e6","ff:ff:ff:ff:ff:ff","802.11","444","-47 dBm","-92 dBm","45 dB","Beacon frame, SN=3616, FN=0, Flags=........C, BI=100, SSID=""Z5319476"""
"110567","37.362646","e2:bb:15:72:70:e6","ff:ff:ff:ff:ff:ff","802.11","444","-48 dBm","-92 dBm","44 dB","Beacon frame, SN=3617, FN=0, Flags=........C, BI=100, SSID=""Z5319476"""
"110919","37.463812","e2:bb:15:72:70:e6","ff:ff:ff:ff:ff:ff","802.11","444","-47 dBm","-92 dBm","45 dB","Beacon frame, SN=3618, FN=0, Flags=........C, BI=100, SSID=""Z5319476"""
"111274","37.563177","e2:bb:15:72:70:e6","ff:ff:ff:ff:ff:ff","802.11","444","-47 dBm","-92 dBm","45 dB","Beacon frame, SN=3619, FN=0, Flags=........C, BI=100, SSID=""Z5319476"""
"111674","37.665752","e2:bb:15:72:70:e6","ff:ff:ff:ff:ff:ff","802.11","444","-47 dBm","-92 dBm","45 dB","Beacon frame, SN=3620, FN=0, Flags=........C, BI=100, SSID=""Z5319476"""
"111945","37.769417","e2:bb:15:72:70:e6","ff:ff:ff:ff:ff:ff","802.11","444","-48 dBm","-92 dBm","44 dB","Beacon frame, SN=3621, FN=0, Flags=........C, BI=100, SSID=""Z5319476"""
"112232","37.870215","e2:bb:15:72:70:e6","ff:ff:ff:ff:ff:ff","802.11","444","-47 dBm","-92 dBm","45 dB","Beacon frame, SN=3622, FN=0, Flags=........C, BI=100, SSID=""Z5319476"""
"112517","37.972553","e2:bb:15:72:70:e6","ff:ff:ff:ff:ff:ff","802.11","444","-48 dBm","-92 dBm","44 dB","Beacon frame, SN=3623, FN=0, Flags=........C, BI=100, SSID=""Z5319476"""
"112825","38.075700","e2:bb:15:72:70:e6","ff:ff:ff:ff:ff:ff","802.11","444","-47 dBm","-92 dBm","45 dB","Beacon frame, SN=3624, FN=0, Flags=........C, BI=100, SSID=""Z5319476"""
"113055","38.177560","e2:bb:15:72:70:e6","ff:ff:ff:ff:ff:ff","802.11","444","-44 dBm","-92 dBm","48 dB","Beacon frame, SN=3625, FN=0, Flags=........C, BI=100, SSID=""Z5319476"""
"113372","38.282100","e2:bb:15:72:70:e6","ff:ff:ff:ff:ff:ff","802.11","444","-47 dBm","-92 dBm","45 dB","Beacon frame, SN=3626, FN=0, Flags=........C, BI=100, SSID=""Z5319476"""
"113613","38.383830","e2:bb:15:72:70:e6","ff:ff:ff:ff:ff:ff","802.11","444","-47 dBm","-92 dBm","45 dB","Beacon frame, SN=3627, FN=0, Flags=........C, BI=100, SSID=""Z5319476"""
"113864","38.486091","e2:bb:15:72:70:e6","ff:ff:ff:ff:ff:ff","802.11","444","-44 dBm","-92 dBm","48 dB","Beacon frame, SN=3628, FN=0, Flags=........C, BI=100, SSID=""Z5319476"""
"114141","38.587789","e2:bb:15:72:70:e6","ff:ff:ff:ff:ff:ff","802.11","444","-48 dBm","-92 dBm","44 dB","Beacon frame, SN=3629, FN=0, Flags=........C, BI=100, SSID=""Z5319476"""
"114434","38.689550","e2:bb:15:72:70:e6","ff:ff:ff:ff:ff:ff","802.11","444","-44 dBm","-92 dBm","48 dB","Beacon frame, SN=3630, FN=0, Flags=........C, BI=100, SSID=""Z5319476"""
"114783","38.793865","e2:bb:15:72:70:e6","ff:ff:ff:ff:ff:ff","802.11","444","-44 dBm","-92 dBm","48 dB","Beacon frame, SN=3631, FN=0, Flags=........C, BI=100, SSID=""Z5319476"""
"115105","38.894346","e2:bb:15:72:70:e6","ff:ff:ff:ff:ff:ff","802.11","444","-47 dBm","-92 dBm","45 dB","Beacon frame, SN=3632, FN=0, Flags=........C, BI=100, SSID=""Z5319476"""
"115434","38.997044","e2:bb:15:72:70:e6","ff:ff:ff:ff:ff:ff","802.11","444","-48 dBm","-92 dBm","44 dB","Beacon frame, SN=3633, FN=0, Flags=........C, BI=100, SSID=""Z5319476"""
"115915","39.099852","e2:bb:15:72:70:e6","ff:ff:ff:ff:ff:ff","802.11","444","-44 dBm","-92 dBm","48 dB","Beacon frame, SN=3634, FN=0, Flags=........C, BI=100, SSID=""Z5319476"""
"116382","39.201254","e2:bb:15:72:70:e6","ff:ff:ff:ff:ff:ff","802.11","444","-47 dBm","-92 dBm","45 dB","Beacon frame, SN=3635, FN=0, Flags=........C, BI=100, SSID=""Z5319476"""
"116801","39.303977","e2:bb:15:72:70:e6","ff:ff:ff:ff:ff:ff","802.11","444","-44 dBm","-92 dBm","48 dB","Beacon frame, SN=3636, FN=0, Flags=........C, BI=100, SSID=""Z5319476"""
"117156","39.406347","e2:bb:15:72:70:e6","ff:ff:ff:ff:ff:ff","802.11","444","-44 dBm","-92 dBm","48 dB","Beacon frame, SN=3637, FN=0, Flags=........C, BI=100, SSID=""Z5319476"""
"117583","39.508708","e2:bb:15:72:70:e6","ff:ff:ff:ff:ff:ff","802.11","444","-47 dBm","-92 dBm","45 dB","Beacon frame, SN=3638, FN=0, Flags=........C, BI=100, SSID=""Z5319476"""
"118060","39.611424","e2:bb:15:72:70:e6","ff:ff:ff:ff:ff:ff","802.11","444","-47 dBm","-92 dBm","45 dB","Beacon frame, SN=3639, FN=0, Flags=........C, BI=100, SSID=""Z5319476"""
"118447","39.713646","e2:bb:15:72:70:e6","ff:ff:ff:ff:ff:ff","802.11","444","-44 dBm","-92 dBm","48 dB","Beacon frame, SN=3640, FN=0, Flags=........C, BI=100, SSID=""Z5319476"""
"118840","39.815966","e2:bb:15:72:70:e6","ff:ff:ff:ff:ff:ff","802.11","444","-44 dBm","-92 dBm","48 dB","Beacon frame, SN=3641, FN=0, Flags=........C, BI=100, SSID=""Z5319476"""
"119295","39.918890","e2:bb:15:72:70:e6","ff:ff:ff:ff:ff:ff","802.11","444","-47 dBm","-92 dBm","45 dB","Beacon frame, SN=3642, FN=0, Flags=........C, BI=100, SSID=""Z5319476"""
"119734","40.020962","e2:bb:15:72:70:e6","ff:ff:ff:ff:ff:ff","802.11","444","-44 dBm","-92 dBm","48 dB","Beacon frame, SN=3643, FN=0, Flags=........C, BI=100, SSID=""Z5319476"""
"120562","40.225533","e2:bb:15:72:70:e6","ff:ff:ff:ff:ff:ff","802.11","444","-44 dBm","-92 dBm","48 dB","Beacon frame, SN=3645, FN=0, Flags=........C, BI=100, SSID=""Z5319476"""
"120995","40.328959","e2:bb:15:72:70:e6","ff:ff:ff:ff:ff:ff","802.11","444","-43 dBm","-92 dBm","49 dB","Beacon frame, SN=3646, FN=0, Flags=........C, BI=100, SSID=""Z5319476"""
"121455","40.430477","e2:bb:15:72:70:e6","ff:ff:ff:ff:ff:ff","802.11","444","-44 dBm","-92 dBm","48 dB","Beacon frame, SN=3647, FN=0, Flags=........C, BI=100, SSID=""Z5319476"""
"121833","40.532721","e2:bb:15:72:70:e6","ff:ff:ff:ff:ff:ff","802.11","444","-47 dBm","-92 dBm","45 dB","Beacon frame, SN=3648, FN=0, Flags=........C, BI=100, SSID=""Z5319476"""
"122173","40.636382","e2:bb:15:72:70:e6","ff:ff:ff:ff:ff:ff","802.11","444","-47 dBm","-92 dBm","45 dB","Beacon frame, SN=3649, FN=0, Flags=........C, BI=100, SSID=""Z5319476"""
"122573","40.737669","e2:bb:15:72:70:e6","ff:ff:ff:ff:ff:ff","802.11","444","-44 dBm","-92 dBm","48 dB","Beacon frame, SN=3650, FN=0, Flags=........C, BI=100, SSID=""Z5319476"""
"123055","40.840214","e2:bb:15:72:70:e6","ff:ff:ff:ff:ff:ff","802.11","444","-48 dBm","-92 dBm","44 dB","Beacon frame, SN=3651, FN=0, Flags=........C, BI=100, SSID=""Z5319476"""
"123694","40.942302","e2:bb:15:72:70:e6","ff:ff:ff:ff:ff:ff","802.11","444","-44 dBm","-92 dBm","48 dB","Beacon frame, SN=3652, FN=0, Flags=........C, BI=100, SSID=""Z5319476"""
"124092","41.045189","e2:bb:15:72:70:e6","ff:ff:ff:ff:ff:ff","802.11","444","-47 dBm","-92 dBm","45 dB","Beacon frame, SN=3653, FN=0, Flags=........C, BI=100, SSID=""Z5319476"""
"124438","41.147282","e2:bb:15:72:70:e6","ff:ff:ff:ff:ff:ff","802.11","444","-48 dBm","-92 dBm","44 dB","Beacon frame, SN=3654, FN=0, Flags=........C, BI=100, SSID=""Z5319476"""
"124777","41.249728","e2:bb:15:72:70:e6","ff:ff:ff:ff:ff:ff","802.11","444","-44 dBm","-92 dBm","48 dB","Beacon frame, SN=3655, FN=0, Flags=........C, BI=100, SSID=""Z5319476"""
"125191","41.351708","e2:bb:15:72:70:e6","ff:ff:ff:ff:ff:ff","802.11","444","-45 dBm","-92 dBm","47 dB","Beacon frame, SN=3656, FN=0, Flags=........C, BI=100, SSID=""Z5319476"""
"125523","41.454422","e2:bb:15:72:70:e6","ff:ff:ff:ff:ff:ff","802.11","444","-48 dBm","-92 dBm","44 dB","Beacon frame, SN=3657, FN=0, Flags=........C, BI=100, SSID=""Z5319476"""
"125975","41.558129","e2:bb:15:72:70:e6","ff:ff:ff:ff:ff:ff","802.11","444","-45 dBm","-92 dBm","47 dB","Beacon frame, SN=3658, FN=0, Flags=........C, BI=100, SSID=""Z5319476"""
"126368","41.658655","e2:bb:15:72:70:e6","ff:ff:ff:ff:ff:ff","802.11","444","-45 dBm","-92 dBm","47 dB","Beacon frame, SN=3659, FN=0, Flags=........C, BI=100, SSID=""Z5319476"""
"126753","41.761578","e2:bb:15:72:70:e6","ff:ff:ff:ff:ff:ff","802.11","444","-47 dBm","-92 dBm","45 dB","Beacon frame, SN=3660, FN=0, Flags=........C, BI=100, SSID=""Z5319476"""
"127339","41.863490","e2:bb:15:72:70:e6","ff:ff:ff:ff:ff:ff","802.11","444","-47 dBm","-92 dBm","45 dB","Beacon frame, SN=3661, FN=0, Flags=........C, BI=100, SSID=""Z5319476"""
"127721","41.966268","e2:bb:15:72:70:e6","ff:ff:ff:ff:ff:ff","802.11","444","-45 dBm","-92 dBm","47 dB","Beacon frame, SN=3662, FN=0, Flags=........C, BI=100, SSID=""Z5319476"""
"128042","42.068699","e2:bb:15:72:70:e6","ff:ff:ff:ff:ff:ff","802.11","444","-48 dBm","-92 dBm","44 dB","Beacon frame, SN=3663, FN=0, Flags=........C, BI=100, SSID=""Z5319476"""
"128399","42.171051","e2:bb:15:72:70:e6","ff:ff:ff:ff:ff:ff","802.11","444","-45 dBm","-92 dBm","47 dB","Beacon frame, SN=3664, FN=0, Flags=........C, BI=100, SSID=""Z5319476"""
"128747","42.274373","e2:bb:15:72:70:e6","ff:ff:ff:ff:ff:ff","802.11","444","-48 dBm","-92 dBm","44 dB","Beacon frame, SN=3665, FN=0, Flags=........C, BI=100, SSID=""Z5319476"""
"129116","42.376152","e2:bb:15:72:70:e6","ff:ff:ff:ff:ff:ff","802.11","444","-45 dBm","-92 dBm","47 dB","Beacon frame, SN=3666, FN=0, Flags=........C, BI=100, SSID=""Z5319476"""
"129443","42.478452","e2:bb:15:72:70:e6","ff:ff:ff:ff:ff:ff","802.11","444","-45 dBm","-92 dBm","47 dB","Beacon frame, SN=3667, FN=0, Flags=........C, BI=100, SSID=""Z5319476"""
"129806","42.580723","e2:bb:15:72:70:e6","ff:ff:ff:ff:ff:ff","802.11","444","-48 dBm","-92 dBm","44 dB","Beacon frame, SN=3668, FN=0, Flags=........C, BI=100, SSID=""Z5319476"""
"130150","42.683269","e2:bb:15:72:70:e6","ff:ff:ff:ff:ff:ff","802.11","444","-44 dBm","-92 dBm","48 dB","Beacon frame, SN=3669, FN=0, Flags=........C, BI=100, SSID=""Z5319476"""
"130504","42.785474","e2:bb:15:72:70:e6","ff:ff:ff:ff:ff:ff","802.11","444","-49 dBm","-92 dBm","43 dB","Beacon frame, SN=3670, FN=0, Flags=........C, BI=100, SSID=""Z5319476"""
"130954","42.889551","e2:bb:15:72:70:e6","ff:ff:ff:ff:ff:ff","802.11","444","-45 dBm","-92 dBm","47 dB","Beacon frame, SN=3671, FN=0, Flags=........C, BI=100, SSID=""Z5319476"""
