"No.","Time","Source","Destination","Protocol","Length","Signal strength (RSSI)","Noise level (dBm)","Signal/noise ratio (dB)","Info"
"308","0.077222","e2:bb:15:72:70:e6","ff:ff:ff:ff:ff:ff","802.11","444","-39 dBm","-92 dBm","53 dB","Beacon frame, SN=1915, FN=0, Flags=........C, BI=100, SSID=""Z5319476"""
"642","0.181883","e2:bb:15:72:70:e6","ff:ff:ff:ff:ff:ff","802.11","444","-41 dBm","-92 dBm","51 dB","Beacon frame, SN=1916, FN=0, Flags=........C, BI=100, SSID=""Z5319476"""
"994","0.281759","e2:bb:15:72:70:e6","ff:ff:ff:ff:ff:ff","802.11","444","-39 dBm","-92 dBm","53 dB","Beacon frame, SN=1917, FN=0, Flags=........C, BI=100, SSID=""Z5319476"""
"1374","0.384492","e2:bb:15:72:70:e6","ff:ff:ff:ff:ff:ff","802.11","444","-38 dBm","-92 dBm","54 dB","Beacon frame, SN=1918, FN=0, Flags=........C, BI=100, SSID=""Z5319476"""
"1802","0.486768","e2:bb:15:72:70:e6","ff:ff:ff:ff:ff:ff","802.11","444","-41 dBm","-92 dBm","51 dB","Beacon frame, SN=1919, FN=0, Flags=........C, BI=100, SSID=""Z5319476"""
"2265","0.590058","e2:bb:15:72:70:e6","ff:ff:ff:ff:ff:ff","802.11","444","-39 dBm","-92 dBm","53 dB","Beacon frame, SN=1920, FN=0, Flags=........C, BI=100, SSID=""Z5319476"""
"2666","0.691326","e2:bb:15:72:70:e6","ff:ff:ff:ff:ff:ff","802.11","444","-39 dBm","-92 dBm","53 dB","Beacon frame, SN=1921, FN=0, Flags=........C, BI=100, SSID=""Z5319476"""
"3202","0.793643","e2:bb:15:72:70:e6","ff:ff:ff:ff:ff:ff","802.11","444","-41 dBm","-92 dBm","51 dB","Beacon frame, SN=1922, FN=0, Flags=........C, BI=100, SSID=""Z5319476"""
"3792","0.896167","e2:bb:15:72:70:e6","ff:ff:ff:ff:ff:ff","802.11","444","-41 dBm","-92 dBm","51 dB","Beacon frame, SN=1923, FN=0, Flags=........C, BI=100, SSID=""Z5319476"""
"4363","0.998862","e2:bb:15:72:70:e6","ff:ff:ff:ff:ff:ff","802.11","444","-39 dBm","-92 dBm","53 dB","Beacon frame, SN=1924, FN=0, Flags=........C, BI=100, SSID=""Z5319476"""
"4901","1.101340","e2:bb:15:72:70:e6","ff:ff:ff:ff:ff:ff","802.11","444","-42 dBm","-92 dBm","50 dB","Beacon frame, SN=1925, FN=0, Flags=........C, BI=100, SSID=""Z5319476"""
"5419","1.204338","e2:bb:15:72:70:e6","ff:ff:ff:ff:ff:ff","802.11","444","-40 dBm","-92 dBm","52 dB","Beacon frame, SN=1926, FN=0, Flags=........C, BI=100, SSID=""Z5319476"""
"5866","1.305753","e2:bb:15:72:70:e6","ff:ff:ff:ff:ff:ff","802.11","444","-41 dBm","-92 dBm","51 dB","Beacon frame, SN=1927, FN=0, Flags=........C, BI=100, SSID=""Z5319476"""
"6413","1.408141","e2:bb:15:72:70:e6","ff:ff:ff:ff:ff:ff","802.11","444","-42 dBm","-92 dBm","50 dB","Beacon frame, SN=1928, FN=0, Flags=........C, BI=100, SSID=""Z5319476"""
"6832","1.510661","e2:bb:15:72:70:e6","ff:ff:ff:ff:ff:ff","802.11","444","-40 dBm","-92 dBm","52 dB","Beacon frame, SN=1929, FN=0, Flags=........C, BI=100, SSID=""Z5319476"""
"7246","1.613191","e2:bb:15:72:70:e6","ff:ff:ff:ff:ff:ff","802.11","444","-42 dBm","-92 dBm","50 dB","Beacon frame, SN=1930, FN=0, Flags=........C, BI=100, SSID=""Z5319476"""
"7799","1.716438","e2:bb:15:72:70:e6","ff:ff:ff:ff:ff:ff","802.11","444","-39 dBm","-92 dBm","53 dB","Beacon frame, SN=1931, FN=0, Flags=........C, BI=100, SSID=""Z5319476"""
"8336","1.818052","e2:bb:15:72:70:e6","ff:ff:ff:ff:ff:ff","802.11","444","-40 dBm","-92 dBm","52 dB","Beacon frame, SN=1932, FN=0, Flags=........C, BI=100, SSID=""Z5319476"""
"8854","1.921088","e2:bb:15:72:70:e6","ff:ff:ff:ff:ff:ff","802.11","444","-40 dBm","-92 dBm","52 dB","Beacon frame, SN=1933, FN=0, Flags=........C, BI=100, SSID=""Z5319476"""
"9479","2.023316","e2:bb:15:72:70:e6","ff:ff:ff:ff:ff:ff","802.11","444","-42 dBm","-92 dBm","50 dB","Beacon frame, SN=1934, FN=0, Flags=........C, BI=100, SSID=""Z5319476"""
"10014","2.125368","e2:bb:15:72:70:e6","ff:ff:ff:ff:ff:ff","802.11","444","-40 dBm","-92 dBm","52 dB","Beacon frame, SN=1935, FN=0, Flags=........C, BI=100, SSID=""Z5319476"""
"10488","2.227522","e2:bb:15:72:70:e6","ff:ff:ff:ff:ff:ff","802.11","444","-40 dBm","-92 dBm","52 dB","Beacon frame, SN=1936, FN=0, Flags=........C, BI=100, SSID=""Z5319476"""
"10836","2.329781","e2:bb:15:72:70:e6","ff:ff:ff:ff:ff:ff","802.11","444","-42 dBm","-92 dBm","50 dB","Beacon frame, SN=1938, FN=0, Flags=........C, BI=100, SSID=""Z5319476"""
"11165","2.432498","e2:bb:15:72:70:e6","ff:ff:ff:ff:ff:ff","802.11","444","-40 dBm","-92 dBm","52 dB","Beacon frame, SN=1939, FN=0, Flags=........C, BI=100, SSID=""Z5319476"""
"11551","2.535668","e2:bb:15:72:70:e6","ff:ff:ff:ff:ff:ff","802.11","444","-40 dBm","-92 dBm","52 dB","Beacon frame, SN=1940, FN=0, Flags=........C, BI=100, SSID=""Z5319476"""
"11913","2.638478","e2:bb:15:72:70:e6","ff:ff:ff:ff:ff:ff","802.11","444","-40 dBm","-92 dBm","52 dB","Beacon frame, SN=1941, FN=0, Flags=........C, BI=100, SSID=""Z5319476"""
"12275","2.739791","e2:bb:15:72:70:e6","ff:ff:ff:ff:ff:ff","802.11","444","-42 dBm","-92 dBm","50 dB","Beacon frame, SN=1942, FN=0, Flags=........C, BI=100, SSID=""Z5319476"""
"12652","2.842982","e2:bb:15:72:70:e6","ff:ff:ff:ff:ff:ff","802.11","444","-39 dBm","-92 dBm","53 dB","Beacon frame, SN=1943, FN=0, Flags=........C, BI=100, SSID=""Z5319476"""
"12968","2.944427","e2:bb:15:72:70:e6","ff:ff:ff:ff:ff:ff","802.11","444","-39 dBm","-92 dBm","53 dB","Beacon frame, SN=1944, FN=0, Flags=........C, BI=100, SSID=""Z5319476"""
"13327","3.046756","e2:bb:15:72:70:e6","ff:ff:ff:ff:ff:ff","802.11","444","-42 dBm","-92 dBm","50 dB","Beacon frame, SN=1945, FN=0, Flags=........C, BI=100, SSID=""Z5319476"""
"13712","3.148979","e2:bb:15:72:70:e6","ff:ff:ff:ff:ff:ff","802.11","444","-42 dBm","-92 dBm","50 dB","Beacon frame, SN=1946, FN=0, Flags=........C, BI=100, SSID=""Z5319476"""
"14089","3.251405","e2:bb:15:72:70:e6","ff:ff:ff:ff:ff:ff","802.11","444","-39 dBm","-92 dBm","53 dB","Beacon frame, SN=1947, FN=0, Flags=........C, BI=100, SSID=""Z5319476"""
"14511","3.353955","e2:bb:15:72:70:e6","ff:ff:ff:ff:ff:ff","802.11","444","-42 dBm","-92 dBm","50 dB","Beacon frame, SN=1948, FN=0, Flags=........C, BI=100, SSID=""Z5319476"""
"14918","3.456433","e2:bb:15:72:70:e6","ff:ff:ff:ff:ff:ff","802.11","444","-42 dBm","-92 dBm","50 dB","Beacon frame, SN=1949, FN=0, Flags=........C, BI=100, SSID=""Z5319476"""
"15325","3.558749","e2:bb:15:72:70:e6","ff:ff:ff:ff:ff:ff","802.11","444","-42 dBm","-92 dBm","50 dB","Beacon frame, SN=1951, FN=0, Flags=........C, BI=100, SSID=""Z5319476"""
"15676","3.660967","e2:bb:15:72:70:e6","ff:ff:ff:ff:ff:ff","802.11","444","-42 dBm","-92 dBm","50 dB","Beacon frame, SN=1952, FN=0, Flags=........C, BI=100, SSID=""Z5319476"""
"16046","3.763526","e2:bb:15:72:70:e6","ff:ff:ff:ff:ff:ff","802.11","444","-40 dBm","-92 dBm","52 dB","Beacon frame, SN=1953, FN=0, Flags=........C, BI=100, SSID=""Z5319476"""
"16441","3.865650","e2:bb:15:72:70:e6","ff:ff:ff:ff:ff:ff","802.11","444","-42 dBm","-92 dBm","50 dB","Beacon frame, SN=1954, FN=0, Flags=........C, BI=100, SSID=""Z5319476"""
"16803","3.968331","e2:bb:15:72:70:e6","ff:ff:ff:ff:ff:ff","802.11","444","-40 dBm","-92 dBm","52 dB","Beacon frame, SN=1955, FN=0, Flags=........C, BI=100, SSID=""Z5319476"""
"17189","4.070734","e2:bb:15:72:70:e6","ff:ff:ff:ff:ff:ff","802.11","444","-40 dBm","-92 dBm","52 dB","Beacon frame, SN=1956, FN=0, Flags=........C, BI=100, SSID=""Z5319476"""
"17605","4.173110","e2:bb:15:72:70:e6","ff:ff:ff:ff:ff:ff","802.11","444","-42 dBm","-92 dBm","50 dB","Beacon frame, SN=1957, FN=0, Flags=........C, BI=100, SSID=""Z5319476"""
"18023","4.276750","e2:bb:15:72:70:e6","ff:ff:ff:ff:ff:ff","802.11","444","-39 dBm","-92 dBm","53 dB","Beacon frame, SN=1958, FN=0, Flags=........C, BI=100, SSID=""Z5319476"""
"18490","4.378084","e2:bb:15:72:70:e6","ff:ff:ff:ff:ff:ff","802.11","444","-40 dBm","-92 dBm","52 dB","Beacon frame, SN=1959, FN=0, Flags=........C, BI=100, SSID=""Z5319476"""
"18966","4.480169","e2:bb:15:72:70:e6","ff:ff:ff:ff:ff:ff","802.11","444","-40 dBm","-92 dBm","52 dB","Beacon frame, SN=1960, FN=0, Flags=........C, BI=100, SSID=""Z5319476"""
"19480","4.582734","e2:bb:15:72:70:e6","ff:ff:ff:ff:ff:ff","802.11","444","-42 dBm","-92 dBm","50 dB","Beacon frame, SN=1961, FN=0, Flags=........C, BI=100, SSID=""Z5319476"""
"20016","4.685136","e2:bb:15:72:70:e6","ff:ff:ff:ff:ff:ff","802.11","444","-39 dBm","-92 dBm","53 dB","Beacon frame, SN=1962, FN=0, Flags=........C, BI=100, SSID=""Z5319476"""
"20482","4.787741","e2:bb:15:72:70:e6","ff:ff:ff:ff:ff:ff","802.11","444","-39 dBm","-92 dBm","53 dB","Beacon frame, SN=1963, FN=0, Flags=........C, BI=100, SSID=""Z5319476"""
"21015","4.890013","e2:bb:15:72:70:e6","ff:ff:ff:ff:ff:ff","802.11","444","-42 dBm","-92 dBm","50 dB","Beacon frame, SN=1964, FN=0, Flags=........C, BI=100, SSID=""Z5319476"""
"21491","4.992150","e2:bb:15:72:70:e6","ff:ff:ff:ff:ff:ff","802.11","444","-39 dBm","-92 dBm","53 dB","Beacon frame, SN=1965, FN=0, Flags=........C, BI=100, SSID=""Z5319476"""
"21932","5.094484","e2:bb:15:72:70:e6","ff:ff:ff:ff:ff:ff","802.11","444","-40 dBm","-92 dBm","52 dB","Beacon frame, SN=1966, FN=0, Flags=........C, BI=100, SSID=""Z5319476"""
"22216","5.196837","e2:bb:15:72:70:e6","ff:ff:ff:ff:ff:ff","802.11","444","-40 dBm","-92 dBm","52 dB","Beacon frame, SN=1967, FN=0, Flags=........C, BI=100, SSID=""Z5319476"""
"22524","5.299725","e2:bb:15:72:70:e6","ff:ff:ff:ff:ff:ff","802.11","444","-41 dBm","-92 dBm","51 dB","Beacon frame, SN=1968, FN=0, Flags=........C, BI=100, SSID=""Z5319476"""
"22920","5.402046","e2:bb:15:72:70:e6","ff:ff:ff:ff:ff:ff","802.11","444","-40 dBm","-92 dBm","52 dB","Beacon frame, SN=1969, FN=0, Flags=........C, BI=100, SSID=""Z5319476"""
"23306","5.504009","e2:bb:15:72:70:e6","ff:ff:ff:ff:ff:ff","802.11","444","-40 dBm","-92 dBm","52 dB","Beacon frame, SN=1970, FN=0, Flags=........C, BI=100, SSID=""Z5319476"""
"23676","5.607088","e2:bb:15:72:70:e6","ff:ff:ff:ff:ff:ff","802.11","444","-42 dBm","-92 dBm","50 dB","Beacon frame, SN=1971, FN=0, Flags=........C, BI=100, SSID=""Z5319476"""
"24064","5.709000","e2:bb:15:72:70:e6","ff:ff:ff:ff:ff:ff","802.11","444","-43 dBm","-92 dBm","49 dB","Beacon frame, SN=1972, FN=0, Flags=........C, BI=100, SSID=""Z5319476"""
"24408","5.811201","e2:bb:15:72:70:e6","ff:ff:ff:ff:ff:ff","802.11","444","-40 dBm","-92 dBm","52 dB","Beacon frame, SN=1973, FN=0, Flags=........C, BI=100, SSID=""Z5319476"""
"24799","5.913649","e2:bb:15:72:70:e6","ff:ff:ff:ff:ff:ff","802.11","444","-42 dBm","-92 dBm","50 dB","Beacon frame, SN=1974, FN=0, Flags=........C, BI=100, SSID=""Z5319476"""
"25174","6.016318","e2:bb:15:72:70:e6","ff:ff:ff:ff:ff:ff","802.11","444","-42 dBm","-92 dBm","50 dB","Beacon frame, SN=1976, FN=0, Flags=........C, BI=100, SSID=""Z5319476"""
"25536","6.118842","e2:bb:15:72:70:e6","ff:ff:ff:ff:ff:ff","802.11","444","-40 dBm","-92 dBm","52 dB","Beacon frame, SN=1977, FN=0, Flags=........C, BI=100, SSID=""Z5319476"""
"25870","6.220770","e2:bb:15:72:70:e6","ff:ff:ff:ff:ff:ff","802.11","444","-42 dBm","-92 dBm","50 dB","Beacon frame, SN=1978, FN=0, Flags=........C, BI=100, SSID=""Z5319476"""
"26245","6.323372","e2:bb:15:72:70:e6","ff:ff:ff:ff:ff:ff","802.11","444","-39 dBm","-92 dBm","53 dB","Beacon frame, SN=1979, FN=0, Flags=........C, BI=100, SSID=""Z5319476"""
"26601","6.425705","e2:bb:15:72:70:e6","ff:ff:ff:ff:ff:ff","802.11","444","-41 dBm","-92 dBm","51 dB","Beacon frame, SN=1980, FN=0, Flags=........C, BI=100, SSID=""Z5319476"""
"26956","6.528051","e2:bb:15:72:70:e6","ff:ff:ff:ff:ff:ff","802.11","444","-40 dBm","-92 dBm","52 dB","Beacon frame, SN=1981, FN=0, Flags=........C, BI=100, SSID=""Z5319476"""
"27324","6.630442","e2:bb:15:72:70:e6","ff:ff:ff:ff:ff:ff","802.11","444","-40 dBm","-92 dBm","52 dB","Beacon frame, SN=1982, FN=0, Flags=........C, BI=100, SSID=""Z5319476"""
"27670","6.732596","e2:bb:15:72:70:e6","ff:ff:ff:ff:ff:ff","802.11","444","-42 dBm","-92 dBm","50 dB","Beacon frame, SN=1983, FN=0, Flags=........C, BI=100, SSID=""Z5319476"""
"28024","6.835240","e2:bb:15:72:70:e6","ff:ff:ff:ff:ff:ff","802.11","444","-41 dBm","-92 dBm","51 dB","Beacon frame, SN=1984, FN=0, Flags=........C, BI=100, SSID=""Z5319476"""
"28317","6.937816","e2:bb:15:72:70:e6","ff:ff:ff:ff:ff:ff","802.11","444","-42 dBm","-92 dBm","50 dB","Beacon frame, SN=1985, FN=0, Flags=........C, BI=100, SSID=""Z5319476"""
"28728","7.040167","e2:bb:15:72:70:e6","ff:ff:ff:ff:ff:ff","802.11","444","-42 dBm","-92 dBm","50 dB","Beacon frame, SN=1986, FN=0, Flags=........C, BI=100, SSID=""Z5319476"""
"29210","7.142484","e2:bb:15:72:70:e6","ff:ff:ff:ff:ff:ff","802.11","444","-41 dBm","-92 dBm","51 dB","Beacon frame, SN=1987, FN=0, Flags=........C, BI=100, SSID=""Z5319476"""
"29636","7.248092","e2:bb:15:72:70:e6","ff:ff:ff:ff:ff:ff","802.11","444","-39 dBm","-92 dBm","53 dB","Beacon frame, SN=1988, FN=0, Flags=........C, BI=100, SSID=""Z5319476"""
"30037","7.348158","e2:bb:15:72:70:e6","ff:ff:ff:ff:ff:ff","802.11","444","-39 dBm","-92 dBm","53 dB","Beacon frame, SN=1989, FN=0, Flags=........C, BI=100, SSID=""Z5319476"""
"30440","7.449679","e2:bb:15:72:70:e6","ff:ff:ff:ff:ff:ff","802.11","444","-39 dBm","-92 dBm","53 dB","Beacon frame, SN=1990, FN=0, Flags=........C, BI=100, SSID=""Z5319476"""
"31181","7.655127","e2:bb:15:72:70:e6","ff:ff:ff:ff:ff:ff","802.11","444","-40 dBm","-92 dBm","52 dB","Beacon frame, SN=1992, FN=0, Flags=........C, BI=100, SSID=""Z5319476"""
"31565","7.756817","e2:bb:15:72:70:e6","ff:ff:ff:ff:ff:ff","802.11","444","-40 dBm","-92 dBm","52 dB","Beacon frame, SN=1993, FN=0, Flags=........C, BI=100, SSID=""Z5319476"""
"31935","7.859474","e2:bb:15:72:70:e6","ff:ff:ff:ff:ff:ff","802.11","444","-42 dBm","-92 dBm","50 dB","Beacon frame, SN=1994, FN=0, Flags=........C, BI=100, SSID=""Z5319476"""
"32320","7.962672","e2:bb:15:72:70:e6","ff:ff:ff:ff:ff:ff","802.11","444","-40 dBm","-92 dBm","52 dB","Beacon frame, SN=1995, FN=0, Flags=........C, BI=100, SSID=""Z5319476"""
"33048","8.166751","e2:bb:15:72:70:e6","ff:ff:ff:ff:ff:ff","802.11","444","-42 dBm","-92 dBm","50 dB","Beacon frame, SN=1997, FN=0, Flags=........C, BI=100, SSID=""Z5319476"""
"33424","8.268854","e2:bb:15:72:70:e6","ff:ff:ff:ff:ff:ff","802.11","444","-42 dBm","-92 dBm","50 dB","Beacon frame, SN=1998, FN=0, Flags=........C, BI=100, SSID=""Z5319476"""
"33813","8.371145","e2:bb:15:72:70:e6","ff:ff:ff:ff:ff:ff","802.11","444","-39 dBm","-92 dBm","53 dB","Beacon frame, SN=1999, FN=0, Flags=........C, BI=100, SSID=""Z5319476"""
"34187","8.473853","e2:bb:15:72:70:e6","ff:ff:ff:ff:ff:ff","802.11","444","-42 dBm","-92 dBm","50 dB","Beacon frame, SN=2000, FN=0, Flags=........C, BI=100, SSID=""Z5319476"""
"34537","8.576200","e2:bb:15:72:70:e6","ff:ff:ff:ff:ff:ff","802.11","444","-42 dBm","-92 dBm","50 dB","Beacon frame, SN=2001, FN=0, Flags=........C, BI=100, SSID=""Z5319476"""
"35357","8.780854","e2:bb:15:72:70:e6","ff:ff:ff:ff:ff:ff","802.11","444","-42 dBm","-92 dBm","50 dB","Beacon frame, SN=2003, FN=0, Flags=........C, BI=100, SSID=""Z5319476"""
"35806","8.883626","e2:bb:15:72:70:e6","ff:ff:ff:ff:ff:ff","802.11","444","-39 dBm","-92 dBm","53 dB","Beacon frame, SN=2004, FN=0, Flags=........C, BI=100, SSID=""Z5319476"""
"36223","8.985516","e2:bb:15:72:70:e6","ff:ff:ff:ff:ff:ff","802.11","444","-42 dBm","-92 dBm","50 dB","Beacon frame, SN=2005, FN=0, Flags=........C, BI=100, SSID=""Z5319476"""
"36558","9.088173","e2:bb:15:72:70:e6","ff:ff:ff:ff:ff:ff","802.11","444","-39 dBm","-92 dBm","53 dB","Beacon frame, SN=2006, FN=0, Flags=........C, BI=100, SSID=""Z5319476"""
"36866","9.190333","e2:bb:15:72:70:e6","ff:ff:ff:ff:ff:ff","802.11","444","-39 dBm","-92 dBm","53 dB","Beacon frame, SN=2007, FN=0, Flags=........C, BI=100, SSID=""Z5319476"""
"37151","9.293059","e2:bb:15:72:70:e6","ff:ff:ff:ff:ff:ff","802.11","444","-42 dBm","-92 dBm","50 dB","Beacon frame, SN=2008, FN=0, Flags=........C, BI=100, SSID=""Z5319476"""
"37622","9.395437","e2:bb:15:72:70:e6","ff:ff:ff:ff:ff:ff","802.11","444","-40 dBm","-92 dBm","52 dB","Beacon frame, SN=2009, FN=0, Flags=........C, BI=100, SSID=""Z5319476"""
"38107","9.497921","e2:bb:15:72:70:e6","ff:ff:ff:ff:ff:ff","802.11","444","-39 dBm","-92 dBm","53 dB","Beacon frame, SN=2010, FN=0, Flags=........C, BI=100, SSID=""Z5319476"""
"38625","9.599574","e2:bb:15:72:70:e6","ff:ff:ff:ff:ff:ff","802.11","444","-40 dBm","-92 dBm","52 dB","Beacon frame, SN=2011, FN=0, Flags=........C, BI=100, SSID=""Z5319476"""
"39131","9.703266","e2:bb:15:72:70:e6","ff:ff:ff:ff:ff:ff","802.11","444","-42 dBm","-92 dBm","50 dB","Beacon frame, SN=2012, FN=0, Flags=........C, BI=100, SSID=""Z5319476"""
"39644","9.805228","e2:bb:15:72:70:e6","ff:ff:ff:ff:ff:ff","802.11","444","-40 dBm","-92 dBm","52 dB","Beacon frame, SN=2013, FN=0, Flags=........C, BI=100, SSID=""Z5319476"""
"40042","9.907235","e2:bb:15:72:70:e6","ff:ff:ff:ff:ff:ff","802.11","444","-40 dBm","-92 dBm","52 dB","Beacon frame, SN=2014, FN=0, Flags=........C, BI=100, SSID=""Z5319476"""
"40375","10.009470","e2:bb:15:72:70:e6","ff:ff:ff:ff:ff:ff","802.11","444","-40 dBm","-92 dBm","52 dB","Beacon frame, SN=2015, FN=0, Flags=........C, BI=100, SSID=""Z5319476"""
"40736","10.112192","e2:bb:15:72:70:e6","ff:ff:ff:ff:ff:ff","802.11","444","-40 dBm","-92 dBm","52 dB","Beacon frame, SN=2016, FN=0, Flags=........C, BI=100, SSID=""Z5319476"""
"41113","10.214586","e2:bb:15:72:70:e6","ff:ff:ff:ff:ff:ff","802.11","444","-40 dBm","-92 dBm","52 dB","Beacon frame, SN=2017, FN=0, Flags=........C, BI=100, SSID=""Z5319476"""
"41517","10.316924","e2:bb:15:72:70:e6","ff:ff:ff:ff:ff:ff","802.11","444","-40 dBm","-92 dBm","52 dB","Beacon frame, SN=2018, FN=0, Flags=........C, BI=100, SSID=""Z5319476"""
"41909","10.419904","e2:bb:15:72:70:e6","ff:ff:ff:ff:ff:ff","802.11","444","-42 dBm","-92 dBm","50 dB","Beacon frame, SN=2019, FN=0, Flags=........C, BI=100, SSID=""Z5319476"""
"42603","10.623859","e2:bb:15:72:70:e6","ff:ff:ff:ff:ff:ff","802.11","444","-40 dBm","-92 dBm","52 dB","Beacon frame, SN=2022, FN=0, Flags=........C, BI=100, SSID=""Z5319476"""
"43103","10.726547","e2:bb:15:72:70:e6","ff:ff:ff:ff:ff:ff","802.11","444","-42 dBm","-92 dBm","50 dB","Beacon frame, SN=2023, FN=0, Flags=........C, BI=100, SSID=""Z5319476"""
"43438","10.829261","e2:bb:15:72:70:e6","ff:ff:ff:ff:ff:ff","802.11","444","-42 dBm","-92 dBm","50 dB","Beacon frame, SN=2024, FN=0, Flags=........C, BI=100, SSID=""Z5319476"""
"43785","10.932382","e2:bb:15:72:70:e6","ff:ff:ff:ff:ff:ff","802.11","444","-40 dBm","-92 dBm","52 dB","Beacon frame, SN=2025, FN=0, Flags=........C, BI=100, SSID=""Z5319476"""
"44240","11.033806","e2:bb:15:72:70:e6","ff:ff:ff:ff:ff:ff","802.11","444","-42 dBm","-92 dBm","50 dB","Beacon frame, SN=2026, FN=0, Flags=........C, BI=100, SSID=""Z5319476"""
"44596","11.135994","e2:bb:15:72:70:e6","ff:ff:ff:ff:ff:ff","802.11","444","-43 dBm","-92 dBm","49 dB","Beacon frame, SN=2027, FN=0, Flags=........C, BI=100, SSID=""Z5319476"""
"45020","11.238300","e2:bb:15:72:70:e6","ff:ff:ff:ff:ff:ff","802.11","444","-39 dBm","-92 dBm","53 dB","Beacon frame, SN=2029, FN=0, Flags=........C, BI=100, SSID=""Z5319476"""
"45474","11.340839","e2:bb:15:72:70:e6","ff:ff:ff:ff:ff:ff","802.11","444","-41 dBm","-92 dBm","51 dB","Beacon frame, SN=2030, FN=0, Flags=........C, BI=100, SSID=""Z5319476"""
"45910","11.443029","e2:bb:15:72:70:e6","ff:ff:ff:ff:ff:ff","802.11","444","-39 dBm","-92 dBm","53 dB","Beacon frame, SN=2031, FN=0, Flags=........C, BI=100, SSID=""Z5319476"""
"46264","11.545570","e2:bb:15:72:70:e6","ff:ff:ff:ff:ff:ff","802.11","444","-42 dBm","-92 dBm","50 dB","Beacon frame, SN=2032, FN=0, Flags=........C, BI=100, SSID=""Z5319476"""
"46658","11.647993","e2:bb:15:72:70:e6","ff:ff:ff:ff:ff:ff","802.11","444","-42 dBm","-92 dBm","50 dB","Beacon frame, SN=2033, FN=0, Flags=........C, BI=100, SSID=""Z5319476"""
"47029","11.750419","e2:bb:15:72:70:e6","ff:ff:ff:ff:ff:ff","802.11","444","-39 dBm","-92 dBm","53 dB","Beacon frame, SN=2034, FN=0, Flags=........C, BI=100, SSID=""Z5319476"""
"47430","11.852651","e2:bb:15:72:70:e6","ff:ff:ff:ff:ff:ff","802.11","444","-41 dBm","-92 dBm","51 dB","Beacon frame, SN=2035, FN=0, Flags=........C, BI=100, SSID=""Z5319476"""
"47837","11.955288","e2:bb:15:72:70:e6","ff:ff:ff:ff:ff:ff","802.11","444","-38 dBm","-92 dBm","54 dB","Beacon frame, SN=2036, FN=0, Flags=........C, BI=100, SSID=""Z5319476"""
"48146","12.057740","e2:bb:15:72:70:e6","ff:ff:ff:ff:ff:ff","802.11","444","-40 dBm","-92 dBm","52 dB","Beacon frame, SN=2037, FN=0, Flags=........C, BI=100, SSID=""Z5319476"""
"48508","12.160313","e2:bb:15:72:70:e6","ff:ff:ff:ff:ff:ff","802.11","444","-40 dBm","-92 dBm","52 dB","Beacon frame, SN=2038, FN=0, Flags=........C, BI=100, SSID=""Z5319476"""
"48861","12.262372","e2:bb:15:72:70:e6","ff:ff:ff:ff:ff:ff","802.11","444","-41 dBm","-92 dBm","51 dB","Beacon frame, SN=2039, FN=0, Flags=........C, BI=100, SSID=""Z5319476"""
"49210","12.364777","e2:bb:15:72:70:e6","ff:ff:ff:ff:ff:ff","802.11","444","-39 dBm","-92 dBm","53 dB","Beacon frame, SN=2040, FN=0, Flags=........C, BI=100, SSID=""Z5319476"""
"49605","12.467035","e2:bb:15:72:70:e6","ff:ff:ff:ff:ff:ff","802.11","444","-40 dBm","-92 dBm","52 dB","Beacon frame, SN=2041, FN=0, Flags=........C, BI=100, SSID=""Z5319476"""
"50035","12.569878","e2:bb:15:72:70:e6","ff:ff:ff:ff:ff:ff","802.11","444","-40 dBm","-92 dBm","52 dB","Beacon frame, SN=2042, FN=0, Flags=........C, BI=100, SSID=""Z5319476"""
"50456","12.671847","e2:bb:15:72:70:e6","ff:ff:ff:ff:ff:ff","802.11","444","-40 dBm","-92 dBm","52 dB","Beacon frame, SN=2043, FN=0, Flags=........C, BI=100, SSID=""Z5319476"""
"50779","12.774211","e2:bb:15:72:70:e6","ff:ff:ff:ff:ff:ff","802.11","444","-40 dBm","-92 dBm","52 dB","Beacon frame, SN=2044, FN=0, Flags=........C, BI=100, SSID=""Z5319476"""
"51170","12.876636","e2:bb:15:72:70:e6","ff:ff:ff:ff:ff:ff","802.11","444","-40 dBm","-92 dBm","52 dB","Beacon frame, SN=2045, FN=0, Flags=........C, BI=100, SSID=""Z5319476"""
"51505","12.979068","e2:bb:15:72:70:e6","ff:ff:ff:ff:ff:ff","802.11","444","-42 dBm","-92 dBm","50 dB","Beacon frame, SN=2046, FN=0, Flags=........C, BI=100, SSID=""Z5319476"""
"51950","13.081817","e2:bb:15:72:70:e6","ff:ff:ff:ff:ff:ff","802.11","444","-40 dBm","-92 dBm","52 dB","Beacon frame, SN=2047, FN=0, Flags=........C, BI=100, SSID=""Z5319476"""
"52331","13.184730","e2:bb:15:72:70:e6","ff:ff:ff:ff:ff:ff","802.11","444","-40 dBm","-92 dBm","52 dB","Beacon frame, SN=2048, FN=0, Flags=........C, BI=100, SSID=""Z5319476"""
"52678","13.286250","e2:bb:15:72:70:e6","ff:ff:ff:ff:ff:ff","802.11","444","-42 dBm","-92 dBm","50 dB","Beacon frame, SN=2049, FN=0, Flags=........C, BI=100, SSID=""Z5319476"""
"53030","13.389630","e2:bb:15:72:70:e6","ff:ff:ff:ff:ff:ff","802.11","444","-39 dBm","-92 dBm","53 dB","Beacon frame, SN=2050, FN=0, Flags=........C, BI=100, SSID=""Z5319476"""
"53391","13.491522","e2:bb:15:72:70:e6","ff:ff:ff:ff:ff:ff","802.11","444","-39 dBm","-92 dBm","53 dB","Beacon frame, SN=2051, FN=0, Flags=........C, BI=100, SSID=""Z5319476"""
"53751","13.594784","e2:bb:15:72:70:e6","ff:ff:ff:ff:ff:ff","802.11","444","-42 dBm","-92 dBm","50 dB","Beacon frame, SN=2052, FN=0, Flags=........C, BI=100, SSID=""Z5319476"""
"54633","13.798310","e2:bb:15:72:70:e6","ff:ff:ff:ff:ff:ff","802.11","444","-38 dBm","-92 dBm","54 dB","Beacon frame, SN=2054, FN=0, Flags=........C, BI=100, SSID=""Z5319476"""
"55156","13.900668","e2:bb:15:72:70:e6","ff:ff:ff:ff:ff:ff","802.11","444","-41 dBm","-92 dBm","51 dB","Beacon frame, SN=2055, FN=0, Flags=........C, BI=100, SSID=""Z5319476"""
"55591","14.003473","e2:bb:15:72:70:e6","ff:ff:ff:ff:ff:ff","802.11","444","-39 dBm","-92 dBm","53 dB","Beacon frame, SN=2056, FN=0, Flags=........C, BI=100, SSID=""Z5319476"""
"55952","14.106115","e2:bb:15:72:70:e6","ff:ff:ff:ff:ff:ff","802.11","444","-42 dBm","-92 dBm","50 dB","Beacon frame, SN=2057, FN=0, Flags=........C, BI=100, SSID=""Z5319476"""
"56289","14.209936","e2:bb:15:72:70:e6","ff:ff:ff:ff:ff:ff","802.11","444","-39 dBm","-92 dBm","53 dB","Beacon frame, SN=2058, FN=0, Flags=........C, BI=100, SSID=""Z5319476"""
"56772","14.310432","e2:bb:15:72:70:e6","ff:ff:ff:ff:ff:ff","802.11","444","-39 dBm","-92 dBm","53 dB","Beacon frame, SN=2059, FN=0, Flags=........C, BI=100, SSID=""Z5319476"""
"57224","14.412752","e2:bb:15:72:70:e6","ff:ff:ff:ff:ff:ff","802.11","444","-42 dBm","-92 dBm","50 dB","Beacon frame, SN=2060, FN=0, Flags=........C, BI=100, SSID=""Z5319476"""
"57732","14.515547","e2:bb:15:72:70:e6","ff:ff:ff:ff:ff:ff","802.11","444","-43 dBm","-92 dBm","49 dB","Beacon frame, SN=2061, FN=0, Flags=........C, BI=100, SSID=""Z5319476"""
"58205","14.618010","e2:bb:15:72:70:e6","ff:ff:ff:ff:ff:ff","802.11","444","-43 dBm","-92 dBm","49 dB","Beacon frame, SN=2062, FN=0, Flags=........C, BI=100, SSID=""Z5319476"""
"58662","14.719877","e2:bb:15:72:70:e6","ff:ff:ff:ff:ff:ff","802.11","444","-42 dBm","-92 dBm","50 dB","Beacon frame, SN=2063, FN=0, Flags=........C, BI=100, SSID=""Z5319476"""
"59145","14.822439","e2:bb:15:72:70:e6","ff:ff:ff:ff:ff:ff","802.11","444","-42 dBm","-92 dBm","50 dB","Beacon frame, SN=2064, FN=0, Flags=........C, BI=100, SSID=""Z5319476"""
"59594","14.925029","e2:bb:15:72:70:e6","ff:ff:ff:ff:ff:ff","802.11","444","-40 dBm","-92 dBm","52 dB","Beacon frame, SN=2065, FN=0, Flags=........C, BI=100, SSID=""Z5319476"""
"60082","15.027734","e2:bb:15:72:70:e6","ff:ff:ff:ff:ff:ff","802.11","444","-40 dBm","-92 dBm","52 dB","Beacon frame, SN=2066, FN=0, Flags=........C, BI=100, SSID=""Z5319476"""
"60615","15.129630","e2:bb:15:72:70:e6","ff:ff:ff:ff:ff:ff","802.11","444","-40 dBm","-92 dBm","52 dB","Beacon frame, SN=2067, FN=0, Flags=........C, BI=100, SSID=""Z5319476"""
"60951","15.232251","e2:bb:15:72:70:e6","ff:ff:ff:ff:ff:ff","802.11","444","-40 dBm","-92 dBm","52 dB","Beacon frame, SN=2068, FN=0, Flags=........C, BI=100, SSID=""Z5319476"""
"61382","15.334165","e2:bb:15:72:70:e6","ff:ff:ff:ff:ff:ff","802.11","444","-40 dBm","-92 dBm","52 dB","Beacon frame, SN=2069, FN=0, Flags=........C, BI=100, SSID=""Z5319476"""
"61779","15.437084","e2:bb:15:72:70:e6","ff:ff:ff:ff:ff:ff","802.11","444","-40 dBm","-92 dBm","52 dB","Beacon frame, SN=2070, FN=0, Flags=........C, BI=100, SSID=""Z5319476"""
"62151","15.539557","e2:bb:15:72:70:e6","ff:ff:ff:ff:ff:ff","802.11","444","-43 dBm","-92 dBm","49 dB","Beacon frame, SN=2071, FN=0, Flags=........C, BI=100, SSID=""Z5319476"""
"62510","15.641615","e2:bb:15:72:70:e6","ff:ff:ff:ff:ff:ff","802.11","444","-40 dBm","-92 dBm","52 dB","Beacon frame, SN=2072, FN=0, Flags=........C, BI=100, SSID=""Z5319476"""
"62764","15.744009","e2:bb:15:72:70:e6","ff:ff:ff:ff:ff:ff","802.11","444","-40 dBm","-92 dBm","52 dB","Beacon frame, SN=2073, FN=0, Flags=........C, BI=100, SSID=""Z5319476"""
"63077","15.846133","e2:bb:15:72:70:e6","ff:ff:ff:ff:ff:ff","802.11","444","-43 dBm","-92 dBm","49 dB","Beacon frame, SN=2074, FN=0, Flags=........C, BI=100, SSID=""Z5319476"""
"63376","15.948556","e2:bb:15:72:70:e6","ff:ff:ff:ff:ff:ff","802.11","444","-40 dBm","-92 dBm","52 dB","Beacon frame, SN=2075, FN=0, Flags=........C, BI=100, SSID=""Z5319476"""
"63637","16.050995","e2:bb:15:72:70:e6","ff:ff:ff:ff:ff:ff","802.11","444","-40 dBm","-92 dBm","52 dB","Beacon frame, SN=2076, FN=0, Flags=........C, BI=100, SSID=""Z5319476"""
"63962","16.154968","e2:bb:15:72:70:e6","ff:ff:ff:ff:ff:ff","802.11","444","-42 dBm","-92 dBm","50 dB","Beacon frame, SN=2077, FN=0, Flags=........C, BI=100, SSID=""Z5319476"""
"64324","16.256267","e2:bb:15:72:70:e6","ff:ff:ff:ff:ff:ff","802.11","444","-43 dBm","-92 dBm","49 dB","Beacon frame, SN=2078, FN=0, Flags=........C, BI=100, SSID=""Z5319476"""
"64616","16.358125","e2:bb:15:72:70:e6","ff:ff:ff:ff:ff:ff","802.11","444","-40 dBm","-92 dBm","52 dB","Beacon frame, SN=2079, FN=0, Flags=........C, BI=100, SSID=""Z5319476"""
"64944","16.460597","e2:bb:15:72:70:e6","ff:ff:ff:ff:ff:ff","802.11","444","-42 dBm","-92 dBm","50 dB","Beacon frame, SN=2080, FN=0, Flags=........C, BI=100, SSID=""Z5319476"""
"65269","16.563197","e2:bb:15:72:70:e6","ff:ff:ff:ff:ff:ff","802.11","444","-40 dBm","-92 dBm","52 dB","Beacon frame, SN=2081, FN=0, Flags=........C, BI=100, SSID=""Z5319476"""
"65623","16.665448","e2:bb:15:72:70:e6","ff:ff:ff:ff:ff:ff","802.11","444","-41 dBm","-92 dBm","51 dB","Beacon frame, SN=2082, FN=0, Flags=........C, BI=100, SSID=""Z5319476"""
"65987","16.767714","e2:bb:15:72:70:e6","ff:ff:ff:ff:ff:ff","802.11","444","-40 dBm","-92 dBm","52 dB","Beacon frame, SN=2083, FN=0, Flags=........C, BI=100, SSID=""Z5319476"""
"66337","16.870115","e2:bb:15:72:70:e6","ff:ff:ff:ff:ff:ff","802.11","444","-40 dBm","-92 dBm","52 dB","Beacon frame, SN=2084, FN=0, Flags=........C, BI=100, SSID=""Z5319476"""
"66680","16.972562","e2:bb:15:72:70:e6","ff:ff:ff:ff:ff:ff","802.11","444","-43 dBm","-92 dBm","49 dB","Beacon frame, SN=2085, FN=0, Flags=........C, BI=100, SSID=""Z5319476"""
"67028","17.074935","e2:bb:15:72:70:e6","ff:ff:ff:ff:ff:ff","802.11","444","-41 dBm","-92 dBm","51 dB","Beacon frame, SN=2086, FN=0, Flags=........C, BI=100, SSID=""Z5319476"""
"67346","17.177337","e2:bb:15:72:70:e6","ff:ff:ff:ff:ff:ff","802.11","444","-40 dBm","-92 dBm","52 dB","Beacon frame, SN=2087, FN=0, Flags=........C, BI=100, SSID=""Z5319476"""
"67675","17.280587","e2:bb:15:72:70:e6","ff:ff:ff:ff:ff:ff","802.11","444","-40 dBm","-92 dBm","52 dB","Beacon frame, SN=2088, FN=0, Flags=........C, BI=100, SSID=""Z5319476"""
"67926","17.382140","e2:bb:15:72:70:e6","ff:ff:ff:ff:ff:ff","802.11","444","-43 dBm","-92 dBm","49 dB","Beacon frame, SN=2089, FN=0, Flags=........C, BI=100, SSID=""Z5319476"""
"68280","17.484736","e2:bb:15:72:70:e6","ff:ff:ff:ff:ff:ff","802.11","444","-41 dBm","-92 dBm","51 dB","Beacon frame, SN=2090, FN=0, Flags=........C, BI=100, SSID=""Z5319476"""
"68662","17.587680","e2:bb:15:72:70:e6","ff:ff:ff:ff:ff:ff","802.11","444","-41 dBm","-92 dBm","51 dB","Beacon frame, SN=2091, FN=0, Flags=........C, BI=100, SSID=""Z5319476"""
"69037","17.689292","e2:bb:15:72:70:e6","ff:ff:ff:ff:ff:ff","802.11","444","-40 dBm","-92 dBm","52 dB","Beacon frame, SN=2092, FN=0, Flags=........C, BI=100, SSID=""Z5319476"""
"69447","17.791770","e2:bb:15:72:70:e6","ff:ff:ff:ff:ff:ff","802.11","444","-40 dBm","-92 dBm","52 dB","Beacon frame, SN=2093, FN=0, Flags=........C, BI=100, SSID=""Z5319476"""
"69835","17.894355","e2:bb:15:72:70:e6","ff:ff:ff:ff:ff:ff","802.11","444","-40 dBm","-92 dBm","52 dB","Beacon frame, SN=2094, FN=0, Flags=........C, BI=100, SSID=""Z5319476"""
"70210","17.996414","e2:bb:15:72:70:e6","ff:ff:ff:ff:ff:ff","802.11","444","-40 dBm","-92 dBm","52 dB","Beacon frame, SN=2095, FN=0, Flags=........C, BI=100, SSID=""Z5319476"""
"70641","18.098879","e2:bb:15:72:70:e6","ff:ff:ff:ff:ff:ff","802.11","444","-43 dBm","-92 dBm","49 dB","Beacon frame, SN=2096, FN=0, Flags=........C, BI=100, SSID=""Z5319476"""
"71046","18.201345","e2:bb:15:72:70:e6","ff:ff:ff:ff:ff:ff","802.11","444","-40 dBm","-92 dBm","52 dB","Beacon frame, SN=2097, FN=0, Flags=........C, BI=100, SSID=""Z5319476"""
"71426","18.303956","e2:bb:15:72:70:e6","ff:ff:ff:ff:ff:ff","802.11","444","-40 dBm","-92 dBm","52 dB","Beacon frame, SN=2098, FN=0, Flags=........C, BI=100, SSID=""Z5319476"""
"71786","18.406663","e2:bb:15:72:70:e6","ff:ff:ff:ff:ff:ff","802.11","444","-43 dBm","-92 dBm","49 dB","Beacon frame, SN=2099, FN=0, Flags=........C, BI=100, SSID=""Z5319476"""
"72081","18.508487","e2:bb:15:72:70:e6","ff:ff:ff:ff:ff:ff","802.11","444","-43 dBm","-92 dBm","49 dB","Beacon frame, SN=2100, FN=0, Flags=........C, BI=100, SSID=""Z5319476"""
"72420","18.611108","e2:bb:15:72:70:e6","ff:ff:ff:ff:ff:ff","802.11","444","-40 dBm","-92 dBm","52 dB","Beacon frame, SN=2101, FN=0, Flags=........C, BI=100, SSID=""Z5319476"""
"72834","18.713265","e2:bb:15:72:70:e6","ff:ff:ff:ff:ff:ff","802.11","444","-43 dBm","-92 dBm","49 dB","Beacon frame, SN=2102, FN=0, Flags=........C, BI=100, SSID=""Z5319476"""
"73301","18.815684","e2:bb:15:72:70:e6","ff:ff:ff:ff:ff:ff","802.11","444","-43 dBm","-92 dBm","49 dB","Beacon frame, SN=2103, FN=0, Flags=........C, BI=100, SSID=""Z5319476"""
"73654","18.918683","e2:bb:15:72:70:e6","ff:ff:ff:ff:ff:ff","802.11","444","-43 dBm","-92 dBm","49 dB","Beacon frame, SN=2104, FN=0, Flags=........C, BI=100, SSID=""Z5319476"""
"74080","19.020497","e2:bb:15:72:70:e6","ff:ff:ff:ff:ff:ff","802.11","444","-43 dBm","-92 dBm","49 dB","Beacon frame, SN=2105, FN=0, Flags=........C, BI=100, SSID=""Z5319476"""
"74432","19.122860","e2:bb:15:72:70:e6","ff:ff:ff:ff:ff:ff","802.11","444","-40 dBm","-92 dBm","52 dB","Beacon frame, SN=2106, FN=0, Flags=........C, BI=100, SSID=""Z5319476"""
"74860","19.225520","e2:bb:15:72:70:e6","ff:ff:ff:ff:ff:ff","802.11","444","-42 dBm","-92 dBm","50 dB","Beacon frame, SN=2107, FN=0, Flags=........C, BI=100, SSID=""Z5319476"""
"75234","19.327692","e2:bb:15:72:70:e6","ff:ff:ff:ff:ff:ff","802.11","444","-40 dBm","-92 dBm","52 dB","Beacon frame, SN=2108, FN=0, Flags=........C, BI=100, SSID=""Z5319476"""
"75653","19.431821","e2:bb:15:72:70:e6","ff:ff:ff:ff:ff:ff","802.11","444","-40 dBm","-92 dBm","52 dB","Beacon frame, SN=2109, FN=0, Flags=........C, BI=100, SSID=""Z5319476"""
"76016","19.532564","e2:bb:15:72:70:e6","ff:ff:ff:ff:ff:ff","802.11","444","-42 dBm","-92 dBm","50 dB","Beacon frame, SN=2110, FN=0, Flags=........C, BI=100, SSID=""Z5319476"""
"76435","19.635007","e2:bb:15:72:70:e6","ff:ff:ff:ff:ff:ff","802.11","444","-40 dBm","-92 dBm","52 dB","Beacon frame, SN=2111, FN=0, Flags=........C, BI=100, SSID=""Z5319476"""
"76861","19.738374","e2:bb:15:72:70:e6","ff:ff:ff:ff:ff:ff","802.11","444","-40 dBm","-92 dBm","52 dB","Beacon frame, SN=2112, FN=0, Flags=........C, BI=100, SSID=""Z5319476"""
"77278","19.839783","e2:bb:15:72:70:e6","ff:ff:ff:ff:ff:ff","802.11","444","-40 dBm","-92 dBm","52 dB","Beacon frame, SN=2113, FN=0, Flags=........C, BI=100, SSID=""Z5319476"""
"77672","19.942367","e2:bb:15:72:70:e6","ff:ff:ff:ff:ff:ff","802.11","444","-42 dBm","-92 dBm","50 dB","Beacon frame, SN=2114, FN=0, Flags=........C, BI=100, SSID=""Z5319476"""
"78140","20.044491","e2:bb:15:72:70:e6","ff:ff:ff:ff:ff:ff","802.11","444","-40 dBm","-92 dBm","52 dB","Beacon frame, SN=2115, FN=0, Flags=........C, BI=100, SSID=""Z5319476"""
"78556","20.147249","e2:bb:15:72:70:e6","ff:ff:ff:ff:ff:ff","802.11","444","-40 dBm","-92 dBm","52 dB","Beacon frame, SN=2116, FN=0, Flags=........C, BI=100, SSID=""Z5319476"""
"78975","20.249282","e2:bb:15:72:70:e6","ff:ff:ff:ff:ff:ff","802.11","444","-40 dBm","-92 dBm","52 dB","Beacon frame, SN=2117, FN=0, Flags=........C, BI=100, SSID=""Z5319476"""
"79483","20.352117","e2:bb:15:72:70:e6","ff:ff:ff:ff:ff:ff","802.11","444","-40 dBm","-92 dBm","52 dB","Beacon frame, SN=2118, FN=0, Flags=........C, BI=100, SSID=""Z5319476"""
"79843","20.454371","e2:bb:15:72:70:e6","ff:ff:ff:ff:ff:ff","802.11","444","-40 dBm","-92 dBm","52 dB","Beacon frame, SN=2119, FN=0, Flags=........C, BI=100, SSID=""Z5319476"""
"80208","20.556781","e2:bb:15:72:70:e6","ff:ff:ff:ff:ff:ff","802.11","444","-40 dBm","-92 dBm","52 dB","Beacon frame, SN=2120, FN=0, Flags=........C, BI=100, SSID=""Z5319476"""
"81198","20.761304","e2:bb:15:72:70:e6","ff:ff:ff:ff:ff:ff","802.11","444","-39 dBm","-92 dBm","53 dB","Beacon frame, SN=2122, FN=0, Flags=........C, BI=100, SSID=""Z5319476"""
"81794","20.865339","e2:bb:15:72:70:e6","ff:ff:ff:ff:ff:ff","802.11","444","-39 dBm","-92 dBm","53 dB","Beacon frame, SN=2123, FN=0, Flags=........C, BI=100, SSID=""Z5319476"""
"82114","20.966048","e2:bb:15:72:70:e6","ff:ff:ff:ff:ff:ff","802.11","444","-42 dBm","-92 dBm","50 dB","Beacon frame, SN=2124, FN=0, Flags=........C, BI=100, SSID=""Z5319476"""
"82486","21.068771","e2:bb:15:72:70:e6","ff:ff:ff:ff:ff:ff","802.11","444","-42 dBm","-92 dBm","50 dB","Beacon frame, SN=2125, FN=0, Flags=........C, BI=100, SSID=""Z5319476"""
"82889","21.171153","e2:bb:15:72:70:e6","ff:ff:ff:ff:ff:ff","802.11","444","-42 dBm","-92 dBm","50 dB","Beacon frame, SN=2126, FN=0, Flags=........C, BI=100, SSID=""Z5319476"""
"83202","21.273757","e2:bb:15:72:70:e6","ff:ff:ff:ff:ff:ff","802.11","444","-42 dBm","-92 dBm","50 dB","Beacon frame, SN=2127, FN=0, Flags=........C, BI=100, SSID=""Z5319476"""
"83581","21.376216","e2:bb:15:72:70:e6","ff:ff:ff:ff:ff:ff","802.11","444","-42 dBm","-92 dBm","50 dB","Beacon frame, SN=2128, FN=0, Flags=........C, BI=100, SSID=""Z5319476"""
"84045","21.478407","e2:bb:15:72:70:e6","ff:ff:ff:ff:ff:ff","802.11","444","-40 dBm","-92 dBm","52 dB","Beacon frame, SN=2129, FN=0, Flags=........C, BI=100, SSID=""Z5319476"""
"84576","21.580621","e2:bb:15:72:70:e6","ff:ff:ff:ff:ff:ff","802.11","444","-42 dBm","-92 dBm","50 dB","Beacon frame, SN=2130, FN=0, Flags=........C, BI=100, SSID=""Z5319476"""
"84951","21.682884","e2:bb:15:72:70:e6","ff:ff:ff:ff:ff:ff","802.11","444","-39 dBm","-92 dBm","53 dB","Beacon frame, SN=2131, FN=0, Flags=........C, BI=100, SSID=""Z5319476"""
"85349","21.785195","e2:bb:15:72:70:e6","ff:ff:ff:ff:ff:ff","802.11","444","-41 dBm","-92 dBm","51 dB","Beacon frame, SN=2132, FN=0, Flags=........C, BI=100, SSID=""Z5319476"""
"85737","21.887880","e2:bb:15:72:70:e6","ff:ff:ff:ff:ff:ff","802.11","444","-39 dBm","-92 dBm","53 dB","Beacon frame, SN=2133, FN=0, Flags=........C, BI=100, SSID=""Z5319476"""
"86115","21.992065","e2:bb:15:72:70:e6","ff:ff:ff:ff:ff:ff","802.11","444","-39 dBm","-92 dBm","53 dB","Beacon frame, SN=2134, FN=0, Flags=........C, BI=100, SSID=""Z5319476"""
"86516","22.092752","e2:bb:15:72:70:e6","ff:ff:ff:ff:ff:ff","802.11","444","-41 dBm","-92 dBm","51 dB","Beacon frame, SN=2135, FN=0, Flags=........C, BI=100, SSID=""Z5319476"""
"86913","22.194780","e2:bb:15:72:70:e6","ff:ff:ff:ff:ff:ff","802.11","444","-39 dBm","-92 dBm","53 dB","Beacon frame, SN=2136, FN=0, Flags=........C, BI=100, SSID=""Z5319476"""
"87738","22.399491","e2:bb:15:72:70:e6","ff:ff:ff:ff:ff:ff","802.11","444","-41 dBm","-92 dBm","51 dB","Beacon frame, SN=2138, FN=0, Flags=........C, BI=100, SSID=""Z5319476"""
"88107","22.501937","e2:bb:15:72:70:e6","ff:ff:ff:ff:ff:ff","802.11","444","-41 dBm","-92 dBm","51 dB","Beacon frame, SN=2139, FN=0, Flags=........C, BI=100, SSID=""Z5319476"""
"88490","22.604444","e2:bb:15:72:70:e6","ff:ff:ff:ff:ff:ff","802.11","444","-39 dBm","-92 dBm","53 dB","Beacon frame, SN=2140, FN=0, Flags=........C, BI=100, SSID=""Z5319476"""
