"No.","Time","Source","Destination","Protocol","Length","Signal strength (RSSI)","Noise level (dBm)","Signal/noise ratio (dB)","Info"
"412","0.065443","e2:bb:15:72:70:e6","ff:ff:ff:ff:ff:ff","802.11","444","-42 dBm","-92 dBm","50 dB","Beacon frame, SN=3926, FN=0, Flags=........C, BI=100, SSID=""Z5319476"""
"825","0.167595","e2:bb:15:72:70:e6","ff:ff:ff:ff:ff:ff","802.11","444","-42 dBm","-92 dBm","50 dB","Beacon frame, SN=3927, FN=0, Flags=........C, BI=100, SSID=""Z5319476"""
"1291","0.270425","e2:bb:15:72:70:e6","ff:ff:ff:ff:ff:ff","802.11","444","-42 dBm","-92 dBm","50 dB","Beacon frame, SN=3928, FN=0, Flags=........C, BI=100, SSID=""Z5319476"""
"1634","0.372292","e2:bb:15:72:70:e6","ff:ff:ff:ff:ff:ff","802.11","444","-41 dBm","-92 dBm","51 dB","Beacon frame, SN=3929, FN=0, Flags=........C, BI=100, SSID=""Z5319476"""
"2003","0.475007","e2:bb:15:72:70:e6","ff:ff:ff:ff:ff:ff","802.11","444","-41 dBm","-92 dBm","51 dB","Beacon frame, SN=3930, FN=0, Flags=........C, BI=100, SSID=""Z5319476"""
"2466","0.577070","e2:bb:15:72:70:e6","ff:ff:ff:ff:ff:ff","802.11","444","-42 dBm","-92 dBm","50 dB","Beacon frame, SN=3931, FN=0, Flags=........C, BI=100, SSID=""Z5319476"""
"2774","0.679680","e2:bb:15:72:70:e6","ff:ff:ff:ff:ff:ff","802.11","444","-42 dBm","-92 dBm","50 dB","Beacon frame, SN=3932, FN=0, Flags=........C, BI=100, SSID=""Z5319476"""
"3081","0.782196","e2:bb:15:72:70:e6","ff:ff:ff:ff:ff:ff","802.11","444","-42 dBm","-92 dBm","50 dB","Beacon frame, SN=3933, FN=0, Flags=........C, BI=100, SSID=""Z5319476"""
"3595","0.885495","e2:bb:15:72:70:e6","ff:ff:ff:ff:ff:ff","802.11","444","-42 dBm","-92 dBm","50 dB","Beacon frame, SN=3934, FN=0, Flags=........C, BI=100, SSID=""Z5319476"""
"3980","0.987117","e2:bb:15:72:70:e6","ff:ff:ff:ff:ff:ff","802.11","444","-42 dBm","-92 dBm","50 dB","Beacon frame, SN=3935, FN=0, Flags=........C, BI=100, SSID=""Z5319476"""
"4351","1.093238","e2:bb:15:72:70:e6","ff:ff:ff:ff:ff:ff","802.11","444","-41 dBm","-92 dBm","51 dB","Beacon frame, SN=3936, FN=0, Flags=........C, BI=100, SSID=""Z5319476"""
"4640","1.192816","e2:bb:15:72:70:e6","ff:ff:ff:ff:ff:ff","802.11","444","-42 dBm","-92 dBm","50 dB","Beacon frame, SN=3937, FN=0, Flags=........C, BI=100, SSID=""Z5319476"""
"5097","1.293795","e2:bb:15:72:70:e6","ff:ff:ff:ff:ff:ff","802.11","444","-41 dBm","-92 dBm","51 dB","Beacon frame, SN=3938, FN=0, Flags=........C, BI=100, SSID=""Z5319476"""
"5483","1.396275","e2:bb:15:72:70:e6","ff:ff:ff:ff:ff:ff","802.11","444","-43 dBm","-92 dBm","49 dB","Beacon frame, SN=3939, FN=0, Flags=........C, BI=100, SSID=""Z5319476"""
"5886","1.498708","e2:bb:15:72:70:e6","ff:ff:ff:ff:ff:ff","802.11","444","-43 dBm","-92 dBm","49 dB","Beacon frame, SN=3940, FN=0, Flags=........C, BI=100, SSID=""Z5319476"""
"6259","1.601264","e2:bb:15:72:70:e6","ff:ff:ff:ff:ff:ff","802.11","444","-43 dBm","-92 dBm","49 dB","Beacon frame, SN=3941, FN=0, Flags=........C, BI=100, SSID=""Z5319476"""
"6714","1.703349","e2:bb:15:72:70:e6","ff:ff:ff:ff:ff:ff","802.11","444","-43 dBm","-92 dBm","49 dB","Beacon frame, SN=3942, FN=0, Flags=........C, BI=100, SSID=""Z5319476"""
"7139","1.806161","e2:bb:15:72:70:e6","ff:ff:ff:ff:ff:ff","802.11","444","-44 dBm","-92 dBm","48 dB","Beacon frame, SN=3943, FN=0, Flags=........C, BI=100, SSID=""Z5319476"""
"7462","1.909628","e2:bb:15:72:70:e6","ff:ff:ff:ff:ff:ff","802.11","444","-44 dBm","-92 dBm","48 dB","Beacon frame, SN=3944, FN=0, Flags=........C, BI=100, SSID=""Z5319476"""
"7957","2.012912","e2:bb:15:72:70:e6","ff:ff:ff:ff:ff:ff","802.11","444","-43 dBm","-92 dBm","49 dB","Beacon frame, SN=3945, FN=0, Flags=........C, BI=100, SSID=""Z5319476"""
"8381","2.112774","e2:bb:15:72:70:e6","ff:ff:ff:ff:ff:ff","802.11","444","-43 dBm","-92 dBm","49 dB","Beacon frame, SN=3946, FN=0, Flags=........C, BI=100, SSID=""Z5319476"""
"9018","2.215763","e2:bb:15:72:70:e6","ff:ff:ff:ff:ff:ff","802.11","444","-43 dBm","-92 dBm","49 dB","Beacon frame, SN=3947, FN=0, Flags=........C, BI=100, SSID=""Z5319476"""
"9674","2.318212","e2:bb:15:72:70:e6","ff:ff:ff:ff:ff:ff","802.11","444","-43 dBm","-92 dBm","49 dB","Beacon frame, SN=3948, FN=0, Flags=........C, BI=100, SSID=""Z5319476"""
"10343","2.421786","e2:bb:15:72:70:e6","ff:ff:ff:ff:ff:ff","802.11","444","-42 dBm","-92 dBm","50 dB","Beacon frame, SN=3949, FN=0, Flags=........C, BI=100, SSID=""Z5319476"""
"11019","2.523020","e2:bb:15:72:70:e6","ff:ff:ff:ff:ff:ff","802.11","444","-43 dBm","-92 dBm","49 dB","Beacon frame, SN=3950, FN=0, Flags=........C, BI=100, SSID=""Z5319476"""
"11642","2.625107","e2:bb:15:72:70:e6","ff:ff:ff:ff:ff:ff","802.11","444","-43 dBm","-92 dBm","49 dB","Beacon frame, SN=3951, FN=0, Flags=........C, BI=100, SSID=""Z5319476"""
"12356","2.727752","e2:bb:15:72:70:e6","ff:ff:ff:ff:ff:ff","802.11","444","-43 dBm","-92 dBm","49 dB","Beacon frame, SN=3952, FN=0, Flags=........C, BI=100, SSID=""Z5319476"""
"12955","2.829867","e2:bb:15:72:70:e6","ff:ff:ff:ff:ff:ff","802.11","444","-43 dBm","-92 dBm","49 dB","Beacon frame, SN=3953, FN=0, Flags=........C, BI=100, SSID=""Z5319476"""
"14087","3.034907","e2:bb:15:72:70:e6","ff:ff:ff:ff:ff:ff","802.11","444","-43 dBm","-92 dBm","49 dB","Beacon frame, SN=3955, FN=0, Flags=........C, BI=100, SSID=""Z5319476"""
"14638","3.137455","e2:bb:15:72:70:e6","ff:ff:ff:ff:ff:ff","802.11","444","-43 dBm","-92 dBm","49 dB","Beacon frame, SN=3956, FN=0, Flags=........C, BI=100, SSID=""Z5319476"""
"15183","3.240026","e2:bb:15:72:70:e6","ff:ff:ff:ff:ff:ff","802.11","444","-43 dBm","-92 dBm","49 dB","Beacon frame, SN=3957, FN=0, Flags=........C, BI=100, SSID=""Z5319476"""
"15528","3.341874","e2:bb:15:72:70:e6","ff:ff:ff:ff:ff:ff","802.11","444","-43 dBm","-92 dBm","49 dB","Beacon frame, SN=3958, FN=0, Flags=........C, BI=100, SSID=""Z5319476"""
"15817","3.444414","e2:bb:15:72:70:e6","ff:ff:ff:ff:ff:ff","802.11","444","-43 dBm","-92 dBm","49 dB","Beacon frame, SN=3959, FN=0, Flags=........C, BI=100, SSID=""Z5319476"""
"15998","3.546602","e2:bb:15:72:70:e6","ff:ff:ff:ff:ff:ff","802.11","444","-43 dBm","-92 dBm","49 dB","Beacon frame, SN=3960, FN=0, Flags=........C, BI=100, SSID=""Z5319476"""
"16354","3.650218","e2:bb:15:72:70:e6","ff:ff:ff:ff:ff:ff","802.11","444","-43 dBm","-92 dBm","49 dB","Beacon frame, SN=3961, FN=0, Flags=........C, BI=100, SSID=""Z5319476"""
"16650","3.751355","e2:bb:15:72:70:e6","ff:ff:ff:ff:ff:ff","802.11","444","-43 dBm","-92 dBm","49 dB","Beacon frame, SN=3962, FN=0, Flags=........C, BI=100, SSID=""Z5319476"""
"17069","3.854047","e2:bb:15:72:70:e6","ff:ff:ff:ff:ff:ff","802.11","444","-43 dBm","-92 dBm","49 dB","Beacon frame, SN=3963, FN=0, Flags=........C, BI=100, SSID=""Z5319476"""
"17397","3.956177","e2:bb:15:72:70:e6","ff:ff:ff:ff:ff:ff","802.11","444","-43 dBm","-92 dBm","49 dB","Beacon frame, SN=3964, FN=0, Flags=........C, BI=100, SSID=""Z5319476"""
"17650","4.061542","e2:bb:15:72:70:e6","ff:ff:ff:ff:ff:ff","802.11","444","-44 dBm","-92 dBm","48 dB","Beacon frame, SN=3965, FN=0, Flags=........C, BI=100, SSID=""Z5319476"""
"17897","4.161279","e2:bb:15:72:70:e6","ff:ff:ff:ff:ff:ff","802.11","444","-43 dBm","-92 dBm","49 dB","Beacon frame, SN=3966, FN=0, Flags=........C, BI=100, SSID=""Z5319476"""
"18288","4.263668","e2:bb:15:72:70:e6","ff:ff:ff:ff:ff:ff","802.11","444","-43 dBm","-92 dBm","49 dB","Beacon frame, SN=3967, FN=0, Flags=........C, BI=100, SSID=""Z5319476"""
"18814","4.366202","e2:bb:15:72:70:e6","ff:ff:ff:ff:ff:ff","802.11","444","-43 dBm","-92 dBm","49 dB","Beacon frame, SN=3968, FN=0, Flags=........C, BI=100, SSID=""Z5319476"""
"19249","4.468497","e2:bb:15:72:70:e6","ff:ff:ff:ff:ff:ff","802.11","444","-43 dBm","-92 dBm","49 dB","Beacon frame, SN=3969, FN=0, Flags=........C, BI=100, SSID=""Z5319476"""
"19719","4.571039","e2:bb:15:72:70:e6","ff:ff:ff:ff:ff:ff","802.11","444","-43 dBm","-92 dBm","49 dB","Beacon frame, SN=3970, FN=0, Flags=........C, BI=100, SSID=""Z5319476"""
"20161","4.672939","e2:bb:15:72:70:e6","ff:ff:ff:ff:ff:ff","802.11","444","-43 dBm","-92 dBm","49 dB","Beacon frame, SN=3971, FN=0, Flags=........C, BI=100, SSID=""Z5319476"""
"20483","4.775599","e2:bb:15:72:70:e6","ff:ff:ff:ff:ff:ff","802.11","444","-43 dBm","-92 dBm","49 dB","Beacon frame, SN=3972, FN=0, Flags=........C, BI=100, SSID=""Z5319476"""
"20957","4.878106","e2:bb:15:72:70:e6","ff:ff:ff:ff:ff:ff","802.11","444","-43 dBm","-92 dBm","49 dB","Beacon frame, SN=3973, FN=0, Flags=........C, BI=100, SSID=""Z5319476"""
"21336","4.980260","e2:bb:15:72:70:e6","ff:ff:ff:ff:ff:ff","802.11","444","-43 dBm","-92 dBm","49 dB","Beacon frame, SN=3974, FN=0, Flags=........C, BI=100, SSID=""Z5319476"""
"22050","5.187554","e2:bb:15:72:70:e6","ff:ff:ff:ff:ff:ff","802.11","444","-43 dBm","-92 dBm","49 dB","Beacon frame, SN=3976, FN=0, Flags=........C, BI=100, SSID=""Z5319476"""
"22436","5.289442","e2:bb:15:72:70:e6","ff:ff:ff:ff:ff:ff","802.11","444","-43 dBm","-92 dBm","49 dB","Beacon frame, SN=3977, FN=0, Flags=........C, BI=100, SSID=""Z5319476"""
"22769","5.389759","e2:bb:15:72:70:e6","ff:ff:ff:ff:ff:ff","802.11","444","-43 dBm","-92 dBm","49 dB","Beacon frame, SN=3978, FN=0, Flags=........C, BI=100, SSID=""Z5319476"""
"23113","5.492309","e2:bb:15:72:70:e6","ff:ff:ff:ff:ff:ff","802.11","444","-43 dBm","-92 dBm","49 dB","Beacon frame, SN=3979, FN=0, Flags=........C, BI=100, SSID=""Z5319476"""
"23504","5.594521","e2:bb:15:72:70:e6","ff:ff:ff:ff:ff:ff","802.11","444","-43 dBm","-92 dBm","49 dB","Beacon frame, SN=3980, FN=0, Flags=........C, BI=100, SSID=""Z5319476"""
"23749","5.697208","e2:bb:15:72:70:e6","ff:ff:ff:ff:ff:ff","802.11","444","-43 dBm","-92 dBm","49 dB","Beacon frame, SN=3981, FN=0, Flags=........C, BI=100, SSID=""Z5319476"""
"24141","5.799513","e2:bb:15:72:70:e6","ff:ff:ff:ff:ff:ff","802.11","444","-42 dBm","-92 dBm","50 dB","Beacon frame, SN=3982, FN=0, Flags=........C, BI=100, SSID=""Z5319476"""
"24442","5.901720","e2:bb:15:72:70:e6","ff:ff:ff:ff:ff:ff","802.11","444","-43 dBm","-92 dBm","49 dB","Beacon frame, SN=3983, FN=0, Flags=........C, BI=100, SSID=""Z5319476"""
"24785","6.004407","e2:bb:15:72:70:e6","ff:ff:ff:ff:ff:ff","802.11","444","-43 dBm","-92 dBm","49 dB","Beacon frame, SN=3984, FN=0, Flags=........C, BI=100, SSID=""Z5319476"""
"25096","6.106799","e2:bb:15:72:70:e6","ff:ff:ff:ff:ff:ff","802.11","444","-43 dBm","-92 dBm","49 dB","Beacon frame, SN=3985, FN=0, Flags=........C, BI=100, SSID=""Z5319476"""
"25426","6.208770","e2:bb:15:72:70:e6","ff:ff:ff:ff:ff:ff","802.11","444","-43 dBm","-92 dBm","49 dB","Beacon frame, SN=3986, FN=0, Flags=........C, BI=100, SSID=""Z5319476"""
"25750","6.311651","e2:bb:15:72:70:e6","ff:ff:ff:ff:ff:ff","802.11","444","-43 dBm","-92 dBm","49 dB","Beacon frame, SN=3987, FN=0, Flags=........C, BI=100, SSID=""Z5319476"""
"26005","6.413793","e2:bb:15:72:70:e6","ff:ff:ff:ff:ff:ff","802.11","444","-43 dBm","-92 dBm","49 dB","Beacon frame, SN=3988, FN=0, Flags=........C, BI=100, SSID=""Z5319476"""
"26298","6.516560","e2:bb:15:72:70:e6","ff:ff:ff:ff:ff:ff","802.11","444","-44 dBm","-92 dBm","48 dB","Beacon frame, SN=3989, FN=0, Flags=........C, BI=100, SSID=""Z5319476"""
"26584","6.618820","e2:bb:15:72:70:e6","ff:ff:ff:ff:ff:ff","802.11","444","-43 dBm","-92 dBm","49 dB","Beacon frame, SN=3990, FN=0, Flags=........C, BI=100, SSID=""Z5319476"""
"26921","6.721096","e2:bb:15:72:70:e6","ff:ff:ff:ff:ff:ff","802.11","444","-43 dBm","-92 dBm","49 dB","Beacon frame, SN=3991, FN=0, Flags=........C, BI=100, SSID=""Z5319476"""
"27214","6.823278","e2:bb:15:72:70:e6","ff:ff:ff:ff:ff:ff","802.11","444","-43 dBm","-92 dBm","49 dB","Beacon frame, SN=3992, FN=0, Flags=........C, BI=100, SSID=""Z5319476"""
"27517","6.925825","e2:bb:15:72:70:e6","ff:ff:ff:ff:ff:ff","802.11","444","-43 dBm","-92 dBm","49 dB","Beacon frame, SN=3993, FN=0, Flags=........C, BI=100, SSID=""Z5319476"""
"27849","7.028129","e2:bb:15:72:70:e6","ff:ff:ff:ff:ff:ff","802.11","444","-43 dBm","-92 dBm","49 dB","Beacon frame, SN=3994, FN=0, Flags=........C, BI=100, SSID=""Z5319476"""
"28157","7.132522","e2:bb:15:72:70:e6","ff:ff:ff:ff:ff:ff","802.11","444","-43 dBm","-92 dBm","49 dB","Beacon frame, SN=3995, FN=0, Flags=........C, BI=100, SSID=""Z5319476"""
"28421","7.233190","e2:bb:15:72:70:e6","ff:ff:ff:ff:ff:ff","802.11","444","-42 dBm","-92 dBm","50 dB","Beacon frame, SN=3996, FN=0, Flags=........C, BI=100, SSID=""Z5319476"""
"28746","7.335600","e2:bb:15:72:70:e6","ff:ff:ff:ff:ff:ff","802.11","444","-43 dBm","-92 dBm","49 dB","Beacon frame, SN=3997, FN=0, Flags=........C, BI=100, SSID=""Z5319476"""
"29094","7.438223","e2:bb:15:72:70:e6","ff:ff:ff:ff:ff:ff","802.11","444","-43 dBm","-92 dBm","49 dB","Beacon frame, SN=3998, FN=0, Flags=........C, BI=100, SSID=""Z5319476"""
"29457","7.539843","e2:bb:15:72:70:e6","ff:ff:ff:ff:ff:ff","802.11","444","-43 dBm","-92 dBm","49 dB","Beacon frame, SN=3999, FN=0, Flags=........C, BI=100, SSID=""Z5319476"""
"29777","7.642511","e2:bb:15:72:70:e6","ff:ff:ff:ff:ff:ff","802.11","444","-43 dBm","-92 dBm","49 dB","Beacon frame, SN=4000, FN=0, Flags=........C, BI=100, SSID=""Z5319476"""
"30083","7.744914","e2:bb:15:72:70:e6","ff:ff:ff:ff:ff:ff","802.11","444","-43 dBm","-92 dBm","49 dB","Beacon frame, SN=4001, FN=0, Flags=........C, BI=100, SSID=""Z5319476"""
"30365","7.847255","e2:bb:15:72:70:e6","ff:ff:ff:ff:ff:ff","802.11","444","-43 dBm","-92 dBm","49 dB","Beacon frame, SN=4002, FN=0, Flags=........C, BI=100, SSID=""Z5319476"""
"30939","8.052086","e2:bb:15:72:70:e6","ff:ff:ff:ff:ff:ff","802.11","444","-43 dBm","-92 dBm","49 dB","Beacon frame, SN=4004, FN=0, Flags=........C, BI=100, SSID=""Z5319476"""
"31225","8.154774","e2:bb:15:72:70:e6","ff:ff:ff:ff:ff:ff","802.11","444","-43 dBm","-92 dBm","49 dB","Beacon frame, SN=4005, FN=0, Flags=........C, BI=100, SSID=""Z5319476"""
"31570","8.257909","e2:bb:15:72:70:e6","ff:ff:ff:ff:ff:ff","802.11","444","-43 dBm","-92 dBm","49 dB","Beacon frame, SN=4006, FN=0, Flags=........C, BI=100, SSID=""Z5319476"""
"31880","8.360869","e2:bb:15:72:70:e6","ff:ff:ff:ff:ff:ff","802.11","444","-43 dBm","-92 dBm","49 dB","Beacon frame, SN=4007, FN=0, Flags=........C, BI=100, SSID=""Z5319476"""
"32209","8.464401","e2:bb:15:72:70:e6","ff:ff:ff:ff:ff:ff","802.11","444","-43 dBm","-92 dBm","49 dB","Beacon frame, SN=4008, FN=0, Flags=........C, BI=100, SSID=""Z5319476"""
"32461","8.564083","e2:bb:15:72:70:e6","ff:ff:ff:ff:ff:ff","802.11","444","-43 dBm","-92 dBm","49 dB","Beacon frame, SN=4009, FN=0, Flags=........C, BI=100, SSID=""Z5319476"""
"32842","8.666931","e2:bb:15:72:70:e6","ff:ff:ff:ff:ff:ff","802.11","444","-43 dBm","-92 dBm","49 dB","Beacon frame, SN=4010, FN=0, Flags=........C, BI=100, SSID=""Z5319476"""
"33209","8.769526","e2:bb:15:72:70:e6","ff:ff:ff:ff:ff:ff","802.11","444","-43 dBm","-92 dBm","49 dB","Beacon frame, SN=4011, FN=0, Flags=........C, BI=100, SSID=""Z5319476"""
"33611","8.871297","e2:bb:15:72:70:e6","ff:ff:ff:ff:ff:ff","802.11","444","-43 dBm","-92 dBm","49 dB","Beacon frame, SN=4012, FN=0, Flags=........C, BI=100, SSID=""Z5319476"""
"34052","8.973958","e2:bb:15:72:70:e6","ff:ff:ff:ff:ff:ff","802.11","444","-43 dBm","-92 dBm","49 dB","Beacon frame, SN=4013, FN=0, Flags=........C, BI=100, SSID=""Z5319476"""
"34524","9.076113","e2:bb:15:72:70:e6","ff:ff:ff:ff:ff:ff","802.11","444","-43 dBm","-92 dBm","49 dB","Beacon frame, SN=4014, FN=0, Flags=........C, BI=100, SSID=""Z5319476"""
"34948","9.178768","e2:bb:15:72:70:e6","ff:ff:ff:ff:ff:ff","802.11","444","-43 dBm","-92 dBm","49 dB","Beacon frame, SN=4015, FN=0, Flags=........C, BI=100, SSID=""Z5319476"""
"35413","9.281122","e2:bb:15:72:70:e6","ff:ff:ff:ff:ff:ff","802.11","444","-43 dBm","-92 dBm","49 dB","Beacon frame, SN=4016, FN=0, Flags=........C, BI=100, SSID=""Z5319476"""
"35860","9.383584","e2:bb:15:72:70:e6","ff:ff:ff:ff:ff:ff","802.11","444","-43 dBm","-92 dBm","49 dB","Beacon frame, SN=4017, FN=0, Flags=........C, BI=100, SSID=""Z5319476"""
"36316","9.485519","e2:bb:15:72:70:e6","ff:ff:ff:ff:ff:ff","802.11","444","-43 dBm","-92 dBm","49 dB","Beacon frame, SN=4018, FN=0, Flags=........C, BI=100, SSID=""Z5319476"""
"36761","9.588099","e2:bb:15:72:70:e6","ff:ff:ff:ff:ff:ff","802.11","444","-44 dBm","-92 dBm","48 dB","Beacon frame, SN=4019, FN=0, Flags=........C, BI=100, SSID=""Z5319476"""
"37250","9.690946","e2:bb:15:72:70:e6","ff:ff:ff:ff:ff:ff","802.11","444","-43 dBm","-92 dBm","49 dB","Beacon frame, SN=4020, FN=0, Flags=........C, BI=100, SSID=""Z5319476"""
"37610","9.793088","e2:bb:15:72:70:e6","ff:ff:ff:ff:ff:ff","802.11","444","-44 dBm","-92 dBm","48 dB","Beacon frame, SN=4021, FN=0, Flags=........C, BI=100, SSID=""Z5319476"""
"38068","9.895895","e2:bb:15:72:70:e6","ff:ff:ff:ff:ff:ff","802.11","444","-44 dBm","-92 dBm","48 dB","Beacon frame, SN=4022, FN=0, Flags=........C, BI=100, SSID=""Z5319476"""
"38529","9.998284","e2:bb:15:72:70:e6","ff:ff:ff:ff:ff:ff","802.11","444","-43 dBm","-92 dBm","49 dB","Beacon frame, SN=4023, FN=0, Flags=........C, BI=100, SSID=""Z5319476"""
"38993","10.102392","e2:bb:15:72:70:e6","ff:ff:ff:ff:ff:ff","802.11","444","-43 dBm","-92 dBm","49 dB","Beacon frame, SN=4024, FN=0, Flags=........C, BI=100, SSID=""Z5319476"""
"39436","10.203320","e2:bb:15:72:70:e6","ff:ff:ff:ff:ff:ff","802.11","444","-43 dBm","-92 dBm","49 dB","Beacon frame, SN=4025, FN=0, Flags=........C, BI=100, SSID=""Z5319476"""
"39901","10.306395","e2:bb:15:72:70:e6","ff:ff:ff:ff:ff:ff","802.11","444","-43 dBm","-92 dBm","49 dB","Beacon frame, SN=4026, FN=0, Flags=........C, BI=100, SSID=""Z5319476"""
"40289","10.407651","e2:bb:15:72:70:e6","ff:ff:ff:ff:ff:ff","802.11","444","-41 dBm","-92 dBm","51 dB","Beacon frame, SN=4027, FN=0, Flags=........C, BI=100, SSID=""Z5319476"""
"40722","10.513373","e2:bb:15:72:70:e6","ff:ff:ff:ff:ff:ff","802.11","444","-43 dBm","-92 dBm","49 dB","Beacon frame, SN=4028, FN=0, Flags=........C, BI=100, SSID=""Z5319476"""
"41007","10.612156","e2:bb:15:72:70:e6","ff:ff:ff:ff:ff:ff","802.11","444","-43 dBm","-92 dBm","49 dB","Beacon frame, SN=4029, FN=0, Flags=........C, BI=100, SSID=""Z5319476"""
"41221","10.714144","e2:bb:15:72:70:e6","ff:ff:ff:ff:ff:ff","802.11","444","-43 dBm","-92 dBm","49 dB","Beacon frame, SN=4030, FN=0, Flags=........C, BI=100, SSID=""Z5319476"""
"41784","10.919798","e2:bb:15:72:70:e6","ff:ff:ff:ff:ff:ff","802.11","444","-44 dBm","-92 dBm","48 dB","Beacon frame, SN=4032, FN=0, Flags=........C, BI=100, SSID=""Z5319476"""
"42032","11.021840","e2:bb:15:72:70:e6","ff:ff:ff:ff:ff:ff","802.11","444","-43 dBm","-92 dBm","49 dB","Beacon frame, SN=4033, FN=0, Flags=........C, BI=100, SSID=""Z5319476"""
"42335","11.126046","e2:bb:15:72:70:e6","ff:ff:ff:ff:ff:ff","802.11","444","-43 dBm","-92 dBm","49 dB","Beacon frame, SN=4034, FN=0, Flags=........C, BI=100, SSID=""Z5319476"""
"42585","11.226380","e2:bb:15:72:70:e6","ff:ff:ff:ff:ff:ff","802.11","444","-43 dBm","-92 dBm","49 dB","Beacon frame, SN=4035, FN=0, Flags=........C, BI=100, SSID=""Z5319476"""
"42838","11.329163","e2:bb:15:72:70:e6","ff:ff:ff:ff:ff:ff","802.11","444","-43 dBm","-92 dBm","49 dB","Beacon frame, SN=4036, FN=0, Flags=........C, BI=100, SSID=""Z5319476"""
"43088","11.431255","e2:bb:15:72:70:e6","ff:ff:ff:ff:ff:ff","802.11","444","-44 dBm","-92 dBm","48 dB","Beacon frame, SN=4037, FN=0, Flags=........C, BI=100, SSID=""Z5319476"""
"43383","11.534282","e2:bb:15:72:70:e6","ff:ff:ff:ff:ff:ff","802.11","444","-43 dBm","-92 dBm","49 dB","Beacon frame, SN=4038, FN=0, Flags=........C, BI=100, SSID=""Z5319476"""
"43747","11.643644","e2:bb:15:72:70:e6","ff:ff:ff:ff:ff:ff","802.11","444","-43 dBm","-92 dBm","49 dB","Beacon frame, SN=4039, FN=0, Flags=........C, BI=100, SSID=""Z5319476"""
"44120","11.738543","e2:bb:15:72:70:e6","ff:ff:ff:ff:ff:ff","802.11","444","-43 dBm","-92 dBm","49 dB","Beacon frame, SN=4040, FN=0, Flags=........C, BI=100, SSID=""Z5319476"""
"44474","11.841155","e2:bb:15:72:70:e6","ff:ff:ff:ff:ff:ff","802.11","444","-43 dBm","-92 dBm","49 dB","Beacon frame, SN=4041, FN=0, Flags=........C, BI=100, SSID=""Z5319476"""
"44800","11.943336","e2:bb:15:72:70:e6","ff:ff:ff:ff:ff:ff","802.11","444","-44 dBm","-92 dBm","48 dB","Beacon frame, SN=4042, FN=0, Flags=........C, BI=100, SSID=""Z5319476"""
"45123","12.045896","e2:bb:15:72:70:e6","ff:ff:ff:ff:ff:ff","802.11","444","-44 dBm","-92 dBm","48 dB","Beacon frame, SN=4043, FN=0, Flags=........C, BI=100, SSID=""Z5319476"""
"45496","12.148051","e2:bb:15:72:70:e6","ff:ff:ff:ff:ff:ff","802.11","444","-43 dBm","-92 dBm","49 dB","Beacon frame, SN=4044, FN=0, Flags=........C, BI=100, SSID=""Z5319476"""
"45735","12.250544","e2:bb:15:72:70:e6","ff:ff:ff:ff:ff:ff","802.11","444","-43 dBm","-92 dBm","49 dB","Beacon frame, SN=4045, FN=0, Flags=........C, BI=100, SSID=""Z5319476"""
"46008","12.352945","e2:bb:15:72:70:e6","ff:ff:ff:ff:ff:ff","802.11","444","-44 dBm","-92 dBm","48 dB","Beacon frame, SN=4046, FN=0, Flags=........C, BI=100, SSID=""Z5319476"""
"46278","12.455988","e2:bb:15:72:70:e6","ff:ff:ff:ff:ff:ff","802.11","444","-43 dBm","-92 dBm","49 dB","Beacon frame, SN=4047, FN=0, Flags=........C, BI=100, SSID=""Z5319476"""
"46506","12.558034","e2:bb:15:72:70:e6","ff:ff:ff:ff:ff:ff","802.11","444","-44 dBm","-92 dBm","48 dB","Beacon frame, SN=4048, FN=0, Flags=........C, BI=100, SSID=""Z5319476"""
"46718","12.660739","e2:bb:15:72:70:e6","ff:ff:ff:ff:ff:ff","802.11","444","-43 dBm","-92 dBm","49 dB","Beacon frame, SN=4049, FN=0, Flags=........C, BI=100, SSID=""Z5319476"""
"46989","12.762363","e2:bb:15:72:70:e6","ff:ff:ff:ff:ff:ff","802.11","444","-43 dBm","-92 dBm","49 dB","Beacon frame, SN=4050, FN=0, Flags=........C, BI=100, SSID=""Z5319476"""
"47240","12.865559","e2:bb:15:72:70:e6","ff:ff:ff:ff:ff:ff","802.11","444","-43 dBm","-92 dBm","49 dB","Beacon frame, SN=4051, FN=0, Flags=........C, BI=100, SSID=""Z5319476"""
"47530","12.967178","e2:bb:15:72:70:e6","ff:ff:ff:ff:ff:ff","802.11","444","-43 dBm","-92 dBm","49 dB","Beacon frame, SN=4052, FN=0, Flags=........C, BI=100, SSID=""Z5319476"""
"47808","13.069915","e2:bb:15:72:70:e6","ff:ff:ff:ff:ff:ff","802.11","444","-43 dBm","-92 dBm","49 dB","Beacon frame, SN=4053, FN=0, Flags=........C, BI=100, SSID=""Z5319476"""
"48085","13.174321","e2:bb:15:72:70:e6","ff:ff:ff:ff:ff:ff","802.11","444","-43 dBm","-92 dBm","49 dB","Beacon frame, SN=4054, FN=0, Flags=........C, BI=100, SSID=""Z5319476"""
"48395","13.274379","e2:bb:15:72:70:e6","ff:ff:ff:ff:ff:ff","802.11","444","-43 dBm","-92 dBm","49 dB","Beacon frame, SN=4055, FN=0, Flags=........C, BI=100, SSID=""Z5319476"""
"48627","13.380314","e2:bb:15:72:70:e6","ff:ff:ff:ff:ff:ff","802.11","444","-44 dBm","-92 dBm","48 dB","Beacon frame, SN=4056, FN=0, Flags=........C, BI=100, SSID=""Z5319476"""
"48915","13.479721","e2:bb:15:72:70:e6","ff:ff:ff:ff:ff:ff","802.11","444","-43 dBm","-92 dBm","49 dB","Beacon frame, SN=4057, FN=0, Flags=........C, BI=100, SSID=""Z5319476"""
"49226","13.581888","e2:bb:15:72:70:e6","ff:ff:ff:ff:ff:ff","802.11","444","-43 dBm","-92 dBm","49 dB","Beacon frame, SN=4058, FN=0, Flags=........C, BI=100, SSID=""Z5319476"""
"49581","13.685250","e2:bb:15:72:70:e6","ff:ff:ff:ff:ff:ff","802.11","444","-43 dBm","-92 dBm","49 dB","Beacon frame, SN=4059, FN=0, Flags=........C, BI=100, SSID=""Z5319476"""
"49887","13.786800","e2:bb:15:72:70:e6","ff:ff:ff:ff:ff:ff","802.11","444","-44 dBm","-92 dBm","48 dB","Beacon frame, SN=4060, FN=0, Flags=........C, BI=100, SSID=""Z5319476"""
"50199","13.890038","e2:bb:15:72:70:e6","ff:ff:ff:ff:ff:ff","802.11","444","-44 dBm","-92 dBm","48 dB","Beacon frame, SN=4061, FN=0, Flags=........C, BI=100, SSID=""Z5319476"""
"50477","13.991269","e2:bb:15:72:70:e6","ff:ff:ff:ff:ff:ff","802.11","444","-43 dBm","-92 dBm","49 dB","Beacon frame, SN=4062, FN=0, Flags=........C, BI=100, SSID=""Z5319476"""
"50786","14.093760","e2:bb:15:72:70:e6","ff:ff:ff:ff:ff:ff","802.11","444","-43 dBm","-92 dBm","49 dB","Beacon frame, SN=4063, FN=0, Flags=........C, BI=100, SSID=""Z5319476"""
"51071","14.195949","e2:bb:15:72:70:e6","ff:ff:ff:ff:ff:ff","802.11","444","-43 dBm","-92 dBm","49 dB","Beacon frame, SN=4064, FN=0, Flags=........C, BI=100, SSID=""Z5319476"""
"51358","14.298335","e2:bb:15:72:70:e6","ff:ff:ff:ff:ff:ff","802.11","444","-43 dBm","-92 dBm","49 dB","Beacon frame, SN=4065, FN=0, Flags=........C, BI=100, SSID=""Z5319476"""
"51669","14.400825","e2:bb:15:72:70:e6","ff:ff:ff:ff:ff:ff","802.11","444","-44 dBm","-92 dBm","48 dB","Beacon frame, SN=4066, FN=0, Flags=........C, BI=100, SSID=""Z5319476"""
"51946","14.503102","e2:bb:15:72:70:e6","ff:ff:ff:ff:ff:ff","802.11","444","-43 dBm","-92 dBm","49 dB","Beacon frame, SN=4067, FN=0, Flags=........C, BI=100, SSID=""Z5319476"""
"52228","14.605580","e2:bb:15:72:70:e6","ff:ff:ff:ff:ff:ff","802.11","444","-43 dBm","-92 dBm","49 dB","Beacon frame, SN=4068, FN=0, Flags=........C, BI=100, SSID=""Z5319476"""
"52484","14.707953","e2:bb:15:72:70:e6","ff:ff:ff:ff:ff:ff","802.11","444","-43 dBm","-92 dBm","49 dB","Beacon frame, SN=4069, FN=0, Flags=........C, BI=100, SSID=""Z5319476"""
"52806","14.810914","e2:bb:15:72:70:e6","ff:ff:ff:ff:ff:ff","802.11","444","-43 dBm","-92 dBm","49 dB","Beacon frame, SN=4070, FN=0, Flags=........C, BI=100, SSID=""Z5319476"""
"53084","14.913150","e2:bb:15:72:70:e6","ff:ff:ff:ff:ff:ff","802.11","444","-43 dBm","-92 dBm","49 dB","Beacon frame, SN=4071, FN=0, Flags=........C, BI=100, SSID=""Z5319476"""
"53470","15.015328","e2:bb:15:72:70:e6","ff:ff:ff:ff:ff:ff","802.11","444","-42 dBm","-92 dBm","50 dB","Beacon frame, SN=4072, FN=0, Flags=........C, BI=100, SSID=""Z5319476"""
"53755","15.119292","e2:bb:15:72:70:e6","ff:ff:ff:ff:ff:ff","802.11","444","-42 dBm","-92 dBm","50 dB","Beacon frame, SN=4073, FN=0, Flags=........C, BI=100, SSID=""Z5319476"""
"54012","15.219814","e2:bb:15:72:70:e6","ff:ff:ff:ff:ff:ff","802.11","444","-42 dBm","-92 dBm","50 dB","Beacon frame, SN=4074, FN=0, Flags=........C, BI=100, SSID=""Z5319476"""
"54322","15.322756","e2:bb:15:72:70:e6","ff:ff:ff:ff:ff:ff","802.11","444","-43 dBm","-92 dBm","49 dB","Beacon frame, SN=4075, FN=0, Flags=........C, BI=100, SSID=""Z5319476"""
"54645","15.425047","e2:bb:15:72:70:e6","ff:ff:ff:ff:ff:ff","802.11","444","-43 dBm","-92 dBm","49 dB","Beacon frame, SN=4076, FN=0, Flags=........C, BI=100, SSID=""Z5319476"""
"55018","15.527416","e2:bb:15:72:70:e6","ff:ff:ff:ff:ff:ff","802.11","444","-42 dBm","-92 dBm","50 dB","Beacon frame, SN=4077, FN=0, Flags=........C, BI=100, SSID=""Z5319476"""
"55387","15.629908","e2:bb:15:72:70:e6","ff:ff:ff:ff:ff:ff","802.11","444","-43 dBm","-92 dBm","49 dB","Beacon frame, SN=4078, FN=0, Flags=........C, BI=100, SSID=""Z5319476"""
"55648","15.731904","e2:bb:15:72:70:e6","ff:ff:ff:ff:ff:ff","802.11","444","-43 dBm","-92 dBm","49 dB","Beacon frame, SN=4079, FN=0, Flags=........C, BI=100, SSID=""Z5319476"""
"55946","15.835122","e2:bb:15:72:70:e6","ff:ff:ff:ff:ff:ff","802.11","444","-43 dBm","-92 dBm","49 dB","Beacon frame, SN=4080, FN=0, Flags=........C, BI=100, SSID=""Z5319476"""
"56380","15.936773","e2:bb:15:72:70:e6","ff:ff:ff:ff:ff:ff","802.11","444","-41 dBm","-92 dBm","51 dB","Beacon frame, SN=4081, FN=0, Flags=........C, BI=100, SSID=""Z5319476"""
"56774","16.039077","e2:bb:15:72:70:e6","ff:ff:ff:ff:ff:ff","802.11","444","-43 dBm","-92 dBm","49 dB","Beacon frame, SN=4082, FN=0, Flags=........C, BI=100, SSID=""Z5319476"""
"57030","16.141747","e2:bb:15:72:70:e6","ff:ff:ff:ff:ff:ff","802.11","444","-43 dBm","-92 dBm","49 dB","Beacon frame, SN=4083, FN=0, Flags=........C, BI=100, SSID=""Z5319476"""
"57354","16.243568","e2:bb:15:72:70:e6","ff:ff:ff:ff:ff:ff","802.11","444","-43 dBm","-92 dBm","49 dB","Beacon frame, SN=4084, FN=0, Flags=........C, BI=100, SSID=""Z5319476"""
"57676","16.346409","e2:bb:15:72:70:e6","ff:ff:ff:ff:ff:ff","802.11","444","-43 dBm","-92 dBm","49 dB","Beacon frame, SN=4085, FN=0, Flags=........C, BI=100, SSID=""Z5319476"""
"58135","16.448930","e2:bb:15:72:70:e6","ff:ff:ff:ff:ff:ff","802.11","444","-43 dBm","-92 dBm","49 dB","Beacon frame, SN=4086, FN=0, Flags=........C, BI=100, SSID=""Z5319476"""
"58528","16.551618","e2:bb:15:72:70:e6","ff:ff:ff:ff:ff:ff","802.11","444","-43 dBm","-92 dBm","49 dB","Beacon frame, SN=4087, FN=0, Flags=........C, BI=100, SSID=""Z5319476"""
"59346","16.755866","e2:bb:15:72:70:e6","ff:ff:ff:ff:ff:ff","802.11","444","-43 dBm","-92 dBm","49 dB","Beacon frame, SN=4089, FN=0, Flags=........C, BI=100, SSID=""Z5319476"""
"59741","16.858291","e2:bb:15:72:70:e6","ff:ff:ff:ff:ff:ff","802.11","444","-43 dBm","-92 dBm","49 dB","Beacon frame, SN=4090, FN=0, Flags=........C, BI=100, SSID=""Z5319476"""
"60160","16.960700","e2:bb:15:72:70:e6","ff:ff:ff:ff:ff:ff","802.11","444","-42 dBm","-92 dBm","50 dB","Beacon frame, SN=4091, FN=0, Flags=........C, BI=100, SSID=""Z5319476"""
"60537","17.063400","e2:bb:15:72:70:e6","ff:ff:ff:ff:ff:ff","802.11","444","-42 dBm","-92 dBm","50 dB","Beacon frame, SN=4092, FN=0, Flags=........C, BI=100, SSID=""Z5319476"""
"60980","17.166082","e2:bb:15:72:70:e6","ff:ff:ff:ff:ff:ff","802.11","444","-42 dBm","-92 dBm","50 dB","Beacon frame, SN=4093, FN=0, Flags=........C, BI=100, SSID=""Z5319476"""
"61448","17.271289","e2:bb:15:72:70:e6","ff:ff:ff:ff:ff:ff","802.11","444","-43 dBm","-92 dBm","49 dB","Beacon frame, SN=4094, FN=0, Flags=........C, BI=100, SSID=""Z5319476"""
"61845","17.370457","e2:bb:15:72:70:e6","ff:ff:ff:ff:ff:ff","802.11","444","-43 dBm","-92 dBm","49 dB","Beacon frame, SN=4095, FN=0, Flags=........C, BI=100, SSID=""Z5319476"""
"62283","17.473070","e2:bb:15:72:70:e6","ff:ff:ff:ff:ff:ff","802.11","444","-42 dBm","-92 dBm","50 dB","Beacon frame, SN=0, FN=0, Flags=........C, BI=100, SSID=""Z5319476"""
"62839","17.575463","e2:bb:15:72:70:e6","ff:ff:ff:ff:ff:ff","802.11","444","-42 dBm","-92 dBm","50 dB","Beacon frame, SN=1, FN=0, Flags=........C, BI=100, SSID=""Z5319476"""
"63425","17.677545","e2:bb:15:72:70:e6","ff:ff:ff:ff:ff:ff","802.11","444","-42 dBm","-92 dBm","50 dB","Beacon frame, SN=2, FN=0, Flags=........C, BI=100, SSID=""Z5319476"""
"63927","17.780084","e2:bb:15:72:70:e6","ff:ff:ff:ff:ff:ff","802.11","444","-42 dBm","-92 dBm","50 dB","Beacon frame, SN=3, FN=0, Flags=........C, BI=100, SSID=""Z5319476"""
"64458","17.882587","e2:bb:15:72:70:e6","ff:ff:ff:ff:ff:ff","802.11","444","-42 dBm","-92 dBm","50 dB","Beacon frame, SN=4, FN=0, Flags=........C, BI=100, SSID=""Z5319476"""
"64986","17.985166","e2:bb:15:72:70:e6","ff:ff:ff:ff:ff:ff","802.11","444","-43 dBm","-92 dBm","49 dB","Beacon frame, SN=5, FN=0, Flags=........C, BI=100, SSID=""Z5319476"""
"65353","18.087323","e2:bb:15:72:70:e6","ff:ff:ff:ff:ff:ff","802.11","444","-42 dBm","-92 dBm","50 dB","Beacon frame, SN=6, FN=0, Flags=........C, BI=100, SSID=""Z5319476"""
"66255","18.292192","e2:bb:15:72:70:e6","ff:ff:ff:ff:ff:ff","802.11","444","-43 dBm","-92 dBm","49 dB","Beacon frame, SN=8, FN=0, Flags=........C, BI=100, SSID=""Z5319476"""
"66580","18.394416","e2:bb:15:72:70:e6","ff:ff:ff:ff:ff:ff","802.11","444","-43 dBm","-92 dBm","49 dB","Beacon frame, SN=9, FN=0, Flags=........C, BI=100, SSID=""Z5319476"""
"66975","18.496673","e2:bb:15:72:70:e6","ff:ff:ff:ff:ff:ff","802.11","444","-42 dBm","-92 dBm","50 dB","Beacon frame, SN=10, FN=0, Flags=........C, BI=100, SSID=""Z5319476"""
"67390","18.599854","e2:bb:15:72:70:e6","ff:ff:ff:ff:ff:ff","802.11","444","-43 dBm","-92 dBm","49 dB","Beacon frame, SN=11, FN=0, Flags=........C, BI=100, SSID=""Z5319476"""
"67723","18.701845","e2:bb:15:72:70:e6","ff:ff:ff:ff:ff:ff","802.11","444","-43 dBm","-92 dBm","49 dB","Beacon frame, SN=12, FN=0, Flags=........C, BI=100, SSID=""Z5319476"""
"68115","18.804729","e2:bb:15:72:70:e6","ff:ff:ff:ff:ff:ff","802.11","444","-42 dBm","-92 dBm","50 dB","Beacon frame, SN=13, FN=0, Flags=........C, BI=100, SSID=""Z5319476"""
"68437","18.906679","e2:bb:15:72:70:e6","ff:ff:ff:ff:ff:ff","802.11","444","-40 dBm","-92 dBm","52 dB","Beacon frame, SN=14, FN=0, Flags=........C, BI=100, SSID=""Z5319476"""
"68728","19.008935","e2:bb:15:72:70:e6","ff:ff:ff:ff:ff:ff","802.11","444","-42 dBm","-92 dBm","50 dB","Beacon frame, SN=15, FN=0, Flags=........C, BI=100, SSID=""Z5319476"""
"69032","19.111002","e2:bb:15:72:70:e6","ff:ff:ff:ff:ff:ff","802.11","444","-43 dBm","-92 dBm","49 dB","Beacon frame, SN=16, FN=0, Flags=........C, BI=100, SSID=""Z5319476"""
"69364","19.213352","e2:bb:15:72:70:e6","ff:ff:ff:ff:ff:ff","802.11","444","-43 dBm","-92 dBm","49 dB","Beacon frame, SN=17, FN=0, Flags=........C, BI=100, SSID=""Z5319476"""
"69675","19.316065","e2:bb:15:72:70:e6","ff:ff:ff:ff:ff:ff","802.11","444","-43 dBm","-92 dBm","49 dB","Beacon frame, SN=18, FN=0, Flags=........C, BI=100, SSID=""Z5319476"""
"69954","19.418465","e2:bb:15:72:70:e6","ff:ff:ff:ff:ff:ff","802.11","444","-43 dBm","-92 dBm","49 dB","Beacon frame, SN=19, FN=0, Flags=........C, BI=100, SSID=""Z5319476"""
"70266","19.521542","e2:bb:15:72:70:e6","ff:ff:ff:ff:ff:ff","802.11","444","-43 dBm","-92 dBm","49 dB","Beacon frame, SN=20, FN=0, Flags=........C, BI=100, SSID=""Z5319476"""
"70660","19.623166","e2:bb:15:72:70:e6","ff:ff:ff:ff:ff:ff","802.11","444","-43 dBm","-92 dBm","49 dB","Beacon frame, SN=21, FN=0, Flags=........C, BI=100, SSID=""Z5319476"""
"71533","19.828085","e2:bb:15:72:70:e6","ff:ff:ff:ff:ff:ff","802.11","444","-43 dBm","-92 dBm","49 dB","Beacon frame, SN=23, FN=0, Flags=........C, BI=100, SSID=""Z5319476"""
"71983","19.930641","e2:bb:15:72:70:e6","ff:ff:ff:ff:ff:ff","802.11","444","-43 dBm","-92 dBm","49 dB","Beacon frame, SN=24, FN=0, Flags=........C, BI=100, SSID=""Z5319476"""
"72473","20.032700","e2:bb:15:72:70:e6","ff:ff:ff:ff:ff:ff","802.11","444","-43 dBm","-92 dBm","49 dB","Beacon frame, SN=25, FN=0, Flags=........C, BI=100, SSID=""Z5319476"""
"72989","20.135554","e2:bb:15:72:70:e6","ff:ff:ff:ff:ff:ff","802.11","444","-43 dBm","-92 dBm","49 dB","Beacon frame, SN=26, FN=0, Flags=........C, BI=100, SSID=""Z5319476"""
"73505","20.237633","e2:bb:15:72:70:e6","ff:ff:ff:ff:ff:ff","802.11","444","-42 dBm","-92 dBm","50 dB","Beacon frame, SN=27, FN=0, Flags=........C, BI=100, SSID=""Z5319476"""
"74068","20.344129","e2:bb:15:72:70:e6","ff:ff:ff:ff:ff:ff","802.11","444","-43 dBm","-92 dBm","49 dB","Beacon frame, SN=28, FN=0, Flags=........C, BI=100, SSID=""Z5319476"""
"74527","20.442522","e2:bb:15:72:70:e6","ff:ff:ff:ff:ff:ff","802.11","444","-44 dBm","-92 dBm","48 dB","Beacon frame, SN=29, FN=0, Flags=........C, BI=100, SSID=""Z5319476"""
"75459","20.647301","e2:bb:15:72:70:e6","ff:ff:ff:ff:ff:ff","802.11","444","-43 dBm","-92 dBm","49 dB","Beacon frame, SN=31, FN=0, Flags=........C, BI=100, SSID=""Z5319476"""
"75874","20.749685","e2:bb:15:72:70:e6","ff:ff:ff:ff:ff:ff","802.11","444","-43 dBm","-92 dBm","49 dB","Beacon frame, SN=32, FN=0, Flags=........C, BI=100, SSID=""Z5319476"""
"76301","20.851770","e2:bb:15:72:70:e6","ff:ff:ff:ff:ff:ff","802.11","444","-42 dBm","-92 dBm","50 dB","Beacon frame, SN=33, FN=0, Flags=........C, BI=100, SSID=""Z5319476"""
"76632","20.954204","e2:bb:15:72:70:e6","ff:ff:ff:ff:ff:ff","802.11","444","-43 dBm","-92 dBm","49 dB","Beacon frame, SN=34, FN=0, Flags=........C, BI=100, SSID=""Z5319476"""
"76886","21.056561","e2:bb:15:72:70:e6","ff:ff:ff:ff:ff:ff","802.11","444","-43 dBm","-92 dBm","49 dB","Beacon frame, SN=35, FN=0, Flags=........C, BI=100, SSID=""Z5319476"""
"77149","21.158878","e2:bb:15:72:70:e6","ff:ff:ff:ff:ff:ff","802.11","444","-43 dBm","-92 dBm","49 dB","Beacon frame, SN=36, FN=0, Flags=........C, BI=100, SSID=""Z5319476"""
"77419","21.261399","e2:bb:15:72:70:e6","ff:ff:ff:ff:ff:ff","802.11","444","-43 dBm","-92 dBm","49 dB","Beacon frame, SN=37, FN=0, Flags=........C, BI=100, SSID=""Z5319476"""
"77745","21.363858","e2:bb:15:72:70:e6","ff:ff:ff:ff:ff:ff","802.11","444","-43 dBm","-92 dBm","49 dB","Beacon frame, SN=38, FN=0, Flags=........C, BI=100, SSID=""Z5319476"""
"78067","21.466135","e2:bb:15:72:70:e6","ff:ff:ff:ff:ff:ff","802.11","444","-43 dBm","-92 dBm","49 dB","Beacon frame, SN=39, FN=0, Flags=........C, BI=100, SSID=""Z5319476"""
"78361","21.568666","e2:bb:15:72:70:e6","ff:ff:ff:ff:ff:ff","802.11","444","-43 dBm","-92 dBm","49 dB","Beacon frame, SN=40, FN=0, Flags=........C, BI=100, SSID=""Z5319476"""
"78701","21.671290","e2:bb:15:72:70:e6","ff:ff:ff:ff:ff:ff","802.11","444","-43 dBm","-92 dBm","49 dB","Beacon frame, SN=41, FN=0, Flags=........C, BI=100, SSID=""Z5319476"""
"78996","21.773347","e2:bb:15:72:70:e6","ff:ff:ff:ff:ff:ff","802.11","444","-42 dBm","-92 dBm","50 dB","Beacon frame, SN=42, FN=0, Flags=........C, BI=100, SSID=""Z5319476"""
"79307","21.876437","e2:bb:15:72:70:e6","ff:ff:ff:ff:ff:ff","802.11","444","-42 dBm","-92 dBm","50 dB","Beacon frame, SN=43, FN=0, Flags=........C, BI=100, SSID=""Z5319476"""
"79700","21.978515","e2:bb:15:72:70:e6","ff:ff:ff:ff:ff:ff","802.11","444","-43 dBm","-92 dBm","49 dB","Beacon frame, SN=44, FN=0, Flags=........C, BI=100, SSID=""Z5319476"""
"80121","22.081300","e2:bb:15:72:70:e6","ff:ff:ff:ff:ff:ff","802.11","444","-43 dBm","-92 dBm","49 dB","Beacon frame, SN=45, FN=0, Flags=........C, BI=100, SSID=""Z5319476"""
"80489","22.183649","e2:bb:15:72:70:e6","ff:ff:ff:ff:ff:ff","802.11","444","-43 dBm","-92 dBm","49 dB","Beacon frame, SN=46, FN=0, Flags=........C, BI=100, SSID=""Z5319476"""
"80898","22.286130","e2:bb:15:72:70:e6","ff:ff:ff:ff:ff:ff","802.11","444","-43 dBm","-92 dBm","49 dB","Beacon frame, SN=47, FN=0, Flags=........C, BI=100, SSID=""Z5319476"""
"81271","22.387839","e2:bb:15:72:70:e6","ff:ff:ff:ff:ff:ff","802.11","444","-42 dBm","-92 dBm","50 dB","Beacon frame, SN=48, FN=0, Flags=........C, BI=100, SSID=""Z5319476"""
"81716","22.490328","e2:bb:15:72:70:e6","ff:ff:ff:ff:ff:ff","802.11","444","-43 dBm","-92 dBm","49 dB","Beacon frame, SN=49, FN=0, Flags=........C, BI=100, SSID=""Z5319476"""
"82056","22.592510","e2:bb:15:72:70:e6","ff:ff:ff:ff:ff:ff","802.11","444","-43 dBm","-92 dBm","49 dB","Beacon frame, SN=50, FN=0, Flags=........C, BI=100, SSID=""Z5319476"""
"82275","22.694899","e2:bb:15:72:70:e6","ff:ff:ff:ff:ff:ff","802.11","444","-43 dBm","-92 dBm","49 dB","Beacon frame, SN=51, FN=0, Flags=........C, BI=100, SSID=""Z5319476"""
"82556","22.797775","e2:bb:15:72:70:e6","ff:ff:ff:ff:ff:ff","802.11","444","-43 dBm","-92 dBm","49 dB","Beacon frame, SN=52, FN=0, Flags=........C, BI=100, SSID=""Z5319476"""
"82823","22.899699","e2:bb:15:72:70:e6","ff:ff:ff:ff:ff:ff","802.11","444","-43 dBm","-92 dBm","49 dB","Beacon frame, SN=53, FN=0, Flags=........C, BI=100, SSID=""Z5319476"""
"83065","23.002833","e2:bb:15:72:70:e6","ff:ff:ff:ff:ff:ff","802.11","444","-43 dBm","-92 dBm","49 dB","Beacon frame, SN=54, FN=0, Flags=........C, BI=100, SSID=""Z5319476"""
"83306","23.104568","e2:bb:15:72:70:e6","ff:ff:ff:ff:ff:ff","802.11","444","-43 dBm","-92 dBm","49 dB","Beacon frame, SN=55, FN=0, Flags=........C, BI=100, SSID=""Z5319476"""
