"No.","Time","Source","Destination","Protocol","Length","Signal strength (RSSI)","Noise level (dBm)","Signal/noise ratio (dB)","Info"
"387","0.074692","e2:bb:15:72:70:e6","ff:ff:ff:ff:ff:ff","802.11","444","-34 dBm","-92 dBm","58 dB","Beacon frame, SN=965, FN=0, Flags=........C, BI=100, SSID=""Z5319476"""
"822","0.177138","e2:bb:15:72:70:e6","ff:ff:ff:ff:ff:ff","802.11","444","-34 dBm","-92 dBm","58 dB","Beacon frame, SN=966, FN=0, Flags=........C, BI=100, SSID=""Z5319476"""
"1376","0.279150","e2:bb:15:72:70:e6","ff:ff:ff:ff:ff:ff","802.11","444","-35 dBm","-92 dBm","57 dB","Beacon frame, SN=967, FN=0, Flags=........C, BI=100, SSID=""Z5319476"""
"1775","0.381679","e2:bb:15:72:70:e6","ff:ff:ff:ff:ff:ff","802.11","444","-35 dBm","-92 dBm","57 dB","Beacon frame, SN=968, FN=0, Flags=........C, BI=100, SSID=""Z5319476"""
"2465","0.586349","e2:bb:15:72:70:e6","ff:ff:ff:ff:ff:ff","802.11","444","-31 dBm","-92 dBm","61 dB","Beacon frame, SN=970, FN=0, Flags=........C, BI=100, SSID=""Z5319476"""
"2754","0.689053","e2:bb:15:72:70:e6","ff:ff:ff:ff:ff:ff","802.11","444","-33 dBm","-92 dBm","59 dB","Beacon frame, SN=971, FN=0, Flags=........C, BI=100, SSID=""Z5319476"""
"3052","0.790858","e2:bb:15:72:70:e6","ff:ff:ff:ff:ff:ff","802.11","444","-35 dBm","-92 dBm","57 dB","Beacon frame, SN=972, FN=0, Flags=........C, BI=100, SSID=""Z5319476"""
"3355","0.893940","e2:bb:15:72:70:e6","ff:ff:ff:ff:ff:ff","802.11","444","-35 dBm","-92 dBm","57 dB","Beacon frame, SN=973, FN=0, Flags=........C, BI=100, SSID=""Z5319476"""
"3684","0.996258","e2:bb:15:72:70:e6","ff:ff:ff:ff:ff:ff","802.11","444","-33 dBm","-92 dBm","59 dB","Beacon frame, SN=974, FN=0, Flags=........C, BI=100, SSID=""Z5319476"""
"4042","1.099080","e2:bb:15:72:70:e6","ff:ff:ff:ff:ff:ff","802.11","444","-31 dBm","-92 dBm","61 dB","Beacon frame, SN=975, FN=0, Flags=........C, BI=100, SSID=""Z5319476"""
"4373","1.200837","e2:bb:15:72:70:e6","ff:ff:ff:ff:ff:ff","802.11","444","-35 dBm","-92 dBm","57 dB","Beacon frame, SN=976, FN=0, Flags=........C, BI=100, SSID=""Z5319476"""
"4737","1.303147","e2:bb:15:72:70:e6","ff:ff:ff:ff:ff:ff","802.11","444","-35 dBm","-92 dBm","57 dB","Beacon frame, SN=977, FN=0, Flags=........C, BI=100, SSID=""Z5319476"""
"5133","1.405759","e2:bb:15:72:70:e6","ff:ff:ff:ff:ff:ff","802.11","444","-32 dBm","-92 dBm","60 dB","Beacon frame, SN=978, FN=0, Flags=........C, BI=100, SSID=""Z5319476"""
"5431","1.508185","e2:bb:15:72:70:e6","ff:ff:ff:ff:ff:ff","802.11","444","-35 dBm","-92 dBm","57 dB","Beacon frame, SN=979, FN=0, Flags=........C, BI=100, SSID=""Z5319476"""
"5720","1.611017","e2:bb:15:72:70:e6","ff:ff:ff:ff:ff:ff","802.11","444","-34 dBm","-92 dBm","58 dB","Beacon frame, SN=980, FN=0, Flags=........C, BI=100, SSID=""Z5319476"""
"6048","1.712914","e2:bb:15:72:70:e6","ff:ff:ff:ff:ff:ff","802.11","444","-33 dBm","-92 dBm","59 dB","Beacon frame, SN=981, FN=0, Flags=........C, BI=100, SSID=""Z5319476"""
"6398","1.815166","e2:bb:15:72:70:e6","ff:ff:ff:ff:ff:ff","802.11","444","-32 dBm","-92 dBm","60 dB","Beacon frame, SN=982, FN=0, Flags=........C, BI=100, SSID=""Z5319476"""
"6759","1.917601","e2:bb:15:72:70:e6","ff:ff:ff:ff:ff:ff","802.11","444","-31 dBm","-92 dBm","61 dB","Beacon frame, SN=983, FN=0, Flags=........C, BI=100, SSID=""Z5319476"""
"7155","2.020267","e2:bb:15:72:70:e6","ff:ff:ff:ff:ff:ff","802.11","444","-32 dBm","-92 dBm","60 dB","Beacon frame, SN=984, FN=0, Flags=........C, BI=100, SSID=""Z5319476"""
"7499","2.122713","e2:bb:15:72:70:e6","ff:ff:ff:ff:ff:ff","802.11","444","-31 dBm","-92 dBm","61 dB","Beacon frame, SN=985, FN=0, Flags=........C, BI=100, SSID=""Z5319476"""
"7833","2.224975","e2:bb:15:72:70:e6","ff:ff:ff:ff:ff:ff","802.11","444","-35 dBm","-92 dBm","57 dB","Beacon frame, SN=986, FN=0, Flags=........C, BI=100, SSID=""Z5319476"""
"8192","2.327042","e2:bb:15:72:70:e6","ff:ff:ff:ff:ff:ff","802.11","444","-33 dBm","-92 dBm","59 dB","Beacon frame, SN=987, FN=0, Flags=........C, BI=100, SSID=""Z5319476"""
"8826","2.532174","e2:bb:15:72:70:e6","ff:ff:ff:ff:ff:ff","802.11","444","-33 dBm","-92 dBm","59 dB","Beacon frame, SN=989, FN=0, Flags=........C, BI=100, SSID=""Z5319476"""
"9214","2.634992","e2:bb:15:72:70:e6","ff:ff:ff:ff:ff:ff","802.11","444","-34 dBm","-92 dBm","58 dB","Beacon frame, SN=990, FN=0, Flags=........C, BI=100, SSID=""Z5319476"""
"9910","2.839146","e2:bb:15:72:70:e6","ff:ff:ff:ff:ff:ff","802.11","444","-35 dBm","-92 dBm","57 dB","Beacon frame, SN=992, FN=0, Flags=........C, BI=100, SSID=""Z5319476"""
"10228","2.941621","e2:bb:15:72:70:e6","ff:ff:ff:ff:ff:ff","802.11","444","-35 dBm","-92 dBm","57 dB","Beacon frame, SN=993, FN=0, Flags=........C, BI=100, SSID=""Z5319476"""
"10563","3.044167","e2:bb:15:72:70:e6","ff:ff:ff:ff:ff:ff","802.11","444","-32 dBm","-92 dBm","60 dB","Beacon frame, SN=994, FN=0, Flags=........C, BI=100, SSID=""Z5319476"""
"10922","3.146318","e2:bb:15:72:70:e6","ff:ff:ff:ff:ff:ff","802.11","444","-31 dBm","-92 dBm","61 dB","Beacon frame, SN=995, FN=0, Flags=........C, BI=100, SSID=""Z5319476"""
"11241","3.248798","e2:bb:15:72:70:e6","ff:ff:ff:ff:ff:ff","802.11","444","-31 dBm","-92 dBm","61 dB","Beacon frame, SN=996, FN=0, Flags=........C, BI=100, SSID=""Z5319476"""
"11577","3.351123","e2:bb:15:72:70:e6","ff:ff:ff:ff:ff:ff","802.11","444","-34 dBm","-92 dBm","58 dB","Beacon frame, SN=997, FN=0, Flags=........C, BI=100, SSID=""Z5319476"""
"12007","3.453579","e2:bb:15:72:70:e6","ff:ff:ff:ff:ff:ff","802.11","444","-35 dBm","-92 dBm","57 dB","Beacon frame, SN=998, FN=0, Flags=........C, BI=100, SSID=""Z5319476"""
"12414","3.555970","e2:bb:15:72:70:e6","ff:ff:ff:ff:ff:ff","802.11","444","-34 dBm","-92 dBm","58 dB","Beacon frame, SN=999, FN=0, Flags=........C, BI=100, SSID=""Z5319476"""
"12790","3.658312","e2:bb:15:72:70:e6","ff:ff:ff:ff:ff:ff","802.11","444","-34 dBm","-92 dBm","58 dB","Beacon frame, SN=1000, FN=0, Flags=........C, BI=100, SSID=""Z5319476"""
"13157","3.760777","e2:bb:15:72:70:e6","ff:ff:ff:ff:ff:ff","802.11","444","-35 dBm","-92 dBm","57 dB","Beacon frame, SN=1001, FN=0, Flags=........C, BI=100, SSID=""Z5319476"""
"13523","3.863255","e2:bb:15:72:70:e6","ff:ff:ff:ff:ff:ff","802.11","444","-35 dBm","-92 dBm","57 dB","Beacon frame, SN=1002, FN=0, Flags=........C, BI=100, SSID=""Z5319476"""
"13961","3.965530","e2:bb:15:72:70:e6","ff:ff:ff:ff:ff:ff","802.11","444","-32 dBm","-92 dBm","60 dB","Beacon frame, SN=1003, FN=0, Flags=........C, BI=100, SSID=""Z5319476"""
"14326","4.068341","e2:bb:15:72:70:e6","ff:ff:ff:ff:ff:ff","802.11","444","-35 dBm","-92 dBm","57 dB","Beacon frame, SN=1004, FN=0, Flags=........C, BI=100, SSID=""Z5319476"""
"14683","4.170792","e2:bb:15:72:70:e6","ff:ff:ff:ff:ff:ff","802.11","444","-32 dBm","-92 dBm","60 dB","Beacon frame, SN=1005, FN=0, Flags=........C, BI=100, SSID=""Z5319476"""
"14990","4.272774","e2:bb:15:72:70:e6","ff:ff:ff:ff:ff:ff","802.11","444","-35 dBm","-92 dBm","57 dB","Beacon frame, SN=1006, FN=0, Flags=........C, BI=100, SSID=""Z5319476"""
"15372","4.375109","e2:bb:15:72:70:e6","ff:ff:ff:ff:ff:ff","802.11","444","-32 dBm","-92 dBm","60 dB","Beacon frame, SN=1007, FN=0, Flags=........C, BI=100, SSID=""Z5319476"""
"15634","4.477614","e2:bb:15:72:70:e6","ff:ff:ff:ff:ff:ff","802.11","444","-31 dBm","-92 dBm","61 dB","Beacon frame, SN=1008, FN=0, Flags=........C, BI=100, SSID=""Z5319476"""
"16012","4.581414","e2:bb:15:72:70:e6","ff:ff:ff:ff:ff:ff","802.11","444","-33 dBm","-92 dBm","59 dB","Beacon frame, SN=1009, FN=0, Flags=........C, BI=100, SSID=""Z5319476"""
"16401","4.682315","e2:bb:15:72:70:e6","ff:ff:ff:ff:ff:ff","802.11","444","-33 dBm","-92 dBm","59 dB","Beacon frame, SN=1010, FN=0, Flags=........C, BI=100, SSID=""Z5319476"""
"16826","4.785708","e2:bb:15:72:70:e6","ff:ff:ff:ff:ff:ff","802.11","444","-35 dBm","-92 dBm","57 dB","Beacon frame, SN=1011, FN=0, Flags=........C, BI=100, SSID=""Z5319476"""
"17140","4.887594","e2:bb:15:72:70:e6","ff:ff:ff:ff:ff:ff","802.11","444","-34 dBm","-92 dBm","58 dB","Beacon frame, SN=1012, FN=0, Flags=........C, BI=100, SSID=""Z5319476"""
"17563","4.989829","e2:bb:15:72:70:e6","ff:ff:ff:ff:ff:ff","802.11","444","-32 dBm","-92 dBm","60 dB","Beacon frame, SN=1013, FN=0, Flags=........C, BI=100, SSID=""Z5319476"""
"18388","5.195695","e2:bb:15:72:70:e6","ff:ff:ff:ff:ff:ff","802.11","444","-35 dBm","-92 dBm","57 dB","Beacon frame, SN=1015, FN=0, Flags=........C, BI=100, SSID=""Z5319476"""
"19050","5.399142","e2:bb:15:72:70:e6","ff:ff:ff:ff:ff:ff","802.11","444","-35 dBm","-92 dBm","57 dB","Beacon frame, SN=1017, FN=0, Flags=........C, BI=100, SSID=""Z5319476"""
"19312","5.501530","e2:bb:15:72:70:e6","ff:ff:ff:ff:ff:ff","802.11","444","-32 dBm","-92 dBm","60 dB","Beacon frame, SN=1018, FN=0, Flags=........C, BI=100, SSID=""Z5319476"""
"19633","5.603640","e2:bb:15:72:70:e6","ff:ff:ff:ff:ff:ff","802.11","444","-32 dBm","-92 dBm","60 dB","Beacon frame, SN=1019, FN=0, Flags=........C, BI=100, SSID=""Z5319476"""
"19963","5.706451","e2:bb:15:72:70:e6","ff:ff:ff:ff:ff:ff","802.11","444","-35 dBm","-92 dBm","57 dB","Beacon frame, SN=1020, FN=0, Flags=........C, BI=100, SSID=""Z5319476"""
"20273","5.808600","e2:bb:15:72:70:e6","ff:ff:ff:ff:ff:ff","802.11","444","-32 dBm","-92 dBm","60 dB","Beacon frame, SN=1021, FN=0, Flags=........C, BI=100, SSID=""Z5319476"""
"20572","5.911290","e2:bb:15:72:70:e6","ff:ff:ff:ff:ff:ff","802.11","444","-32 dBm","-92 dBm","60 dB","Beacon frame, SN=1022, FN=0, Flags=........C, BI=100, SSID=""Z5319476"""
"20917","6.013711","e2:bb:15:72:70:e6","ff:ff:ff:ff:ff:ff","802.11","444","-35 dBm","-92 dBm","57 dB","Beacon frame, SN=1023, FN=0, Flags=........C, BI=100, SSID=""Z5319476"""
"21261","6.116152","e2:bb:15:72:70:e6","ff:ff:ff:ff:ff:ff","802.11","444","-35 dBm","-92 dBm","57 dB","Beacon frame, SN=1024, FN=0, Flags=........C, BI=100, SSID=""Z5319476"""
"21566","6.218024","e2:bb:15:72:70:e6","ff:ff:ff:ff:ff:ff","802.11","444","-33 dBm","-92 dBm","59 dB","Beacon frame, SN=1025, FN=0, Flags=........C, BI=100, SSID=""Z5319476"""
"21853","6.321082","e2:bb:15:72:70:e6","ff:ff:ff:ff:ff:ff","802.11","444","-35 dBm","-92 dBm","57 dB","Beacon frame, SN=1026, FN=0, Flags=........C, BI=100, SSID=""Z5319476"""
"22204","6.423397","e2:bb:15:72:70:e6","ff:ff:ff:ff:ff:ff","802.11","444","-36 dBm","-92 dBm","56 dB","Beacon frame, SN=1027, FN=0, Flags=........C, BI=100, SSID=""Z5319476"""
"22478","6.525508","e2:bb:15:72:70:e6","ff:ff:ff:ff:ff:ff","802.11","444","-36 dBm","-92 dBm","56 dB","Beacon frame, SN=1028, FN=0, Flags=........C, BI=100, SSID=""Z5319476"""
"22782","6.628119","e2:bb:15:72:70:e6","ff:ff:ff:ff:ff:ff","802.11","444","-35 dBm","-92 dBm","57 dB","Beacon frame, SN=1029, FN=0, Flags=........C, BI=100, SSID=""Z5319476"""
"23087","6.730449","e2:bb:15:72:70:e6","ff:ff:ff:ff:ff:ff","802.11","444","-34 dBm","-92 dBm","58 dB","Beacon frame, SN=1030, FN=0, Flags=........C, BI=100, SSID=""Z5319476"""
"23480","6.832827","e2:bb:15:72:70:e6","ff:ff:ff:ff:ff:ff","802.11","444","-32 dBm","-92 dBm","60 dB","Beacon frame, SN=1031, FN=0, Flags=........C, BI=100, SSID=""Z5319476"""
"23789","6.935098","e2:bb:15:72:70:e6","ff:ff:ff:ff:ff:ff","802.11","444","-31 dBm","-92 dBm","61 dB","Beacon frame, SN=1032, FN=0, Flags=........C, BI=100, SSID=""Z5319476"""
"24079","7.037377","e2:bb:15:72:70:e6","ff:ff:ff:ff:ff:ff","802.11","444","-35 dBm","-92 dBm","57 dB","Beacon frame, SN=1033, FN=0, Flags=........C, BI=100, SSID=""Z5319476"""
"25017","7.242489","e2:bb:15:72:70:e6","ff:ff:ff:ff:ff:ff","802.11","444","-33 dBm","-92 dBm","59 dB","Beacon frame, SN=1035, FN=0, Flags=........C, BI=100, SSID=""Z5319476"""
"25492","7.345089","e2:bb:15:72:70:e6","ff:ff:ff:ff:ff:ff","802.11","444","-35 dBm","-92 dBm","57 dB","Beacon frame, SN=1036, FN=0, Flags=........C, BI=100, SSID=""Z5319476"""
"26004","7.447191","e2:bb:15:72:70:e6","ff:ff:ff:ff:ff:ff","802.11","444","-32 dBm","-92 dBm","60 dB","Beacon frame, SN=1037, FN=0, Flags=........C, BI=100, SSID=""Z5319476"""
"26474","7.549508","e2:bb:15:72:70:e6","ff:ff:ff:ff:ff:ff","802.11","444","-30 dBm","-92 dBm","62 dB","Beacon frame, SN=1038, FN=0, Flags=........C, BI=100, SSID=""Z5319476"""
"27301","7.754511","e2:bb:15:72:70:e6","ff:ff:ff:ff:ff:ff","802.11","444","-34 dBm","-92 dBm","58 dB","Beacon frame, SN=1040, FN=0, Flags=........C, BI=100, SSID=""Z5319476"""
"27728","7.856648","e2:bb:15:72:70:e6","ff:ff:ff:ff:ff:ff","802.11","444","-32 dBm","-92 dBm","60 dB","Beacon frame, SN=1041, FN=0, Flags=........C, BI=100, SSID=""Z5319476"""
"28262","7.960397","e2:bb:15:72:70:e6","ff:ff:ff:ff:ff:ff","802.11","444","-30 dBm","-92 dBm","62 dB","Beacon frame, SN=1042, FN=0, Flags=........C, BI=100, SSID=""Z5319476"""
"29323","8.164074","e2:bb:15:72:70:e6","ff:ff:ff:ff:ff:ff","802.11","444","-34 dBm","-92 dBm","58 dB","Beacon frame, SN=1044, FN=0, Flags=........C, BI=100, SSID=""Z5319476"""
"29838","8.266406","e2:bb:15:72:70:e6","ff:ff:ff:ff:ff:ff","802.11","444","-30 dBm","-92 dBm","62 dB","Beacon frame, SN=1045, FN=0, Flags=........C, BI=100, SSID=""Z5319476"""
"30315","8.369997","e2:bb:15:72:70:e6","ff:ff:ff:ff:ff:ff","802.11","444","-32 dBm","-92 dBm","60 dB","Beacon frame, SN=1046, FN=0, Flags=........C, BI=100, SSID=""Z5319476"""
"30672","8.471312","e2:bb:15:72:70:e6","ff:ff:ff:ff:ff:ff","802.11","444","-35 dBm","-92 dBm","57 dB","Beacon frame, SN=1047, FN=0, Flags=........C, BI=100, SSID=""Z5319476"""
"31248","8.574169","e2:bb:15:72:70:e6","ff:ff:ff:ff:ff:ff","802.11","444","-33 dBm","-92 dBm","59 dB","Beacon frame, SN=1048, FN=0, Flags=........C, BI=100, SSID=""Z5319476"""
"31753","8.675821","e2:bb:15:72:70:e6","ff:ff:ff:ff:ff:ff","802.11","444","-35 dBm","-92 dBm","57 dB","Beacon frame, SN=1049, FN=0, Flags=........C, BI=100, SSID=""Z5319476"""
"32262","8.778187","e2:bb:15:72:70:e6","ff:ff:ff:ff:ff:ff","802.11","444","-35 dBm","-92 dBm","57 dB","Beacon frame, SN=1050, FN=0, Flags=........C, BI=100, SSID=""Z5319476"""
"32762","8.880493","e2:bb:15:72:70:e6","ff:ff:ff:ff:ff:ff","802.11","444","-35 dBm","-92 dBm","57 dB","Beacon frame, SN=1051, FN=0, Flags=........C, BI=100, SSID=""Z5319476"""
"33250","8.983245","e2:bb:15:72:70:e6","ff:ff:ff:ff:ff:ff","802.11","444","-35 dBm","-92 dBm","57 dB","Beacon frame, SN=1052, FN=0, Flags=........C, BI=100, SSID=""Z5319476"""
"33895","9.085602","e2:bb:15:72:70:e6","ff:ff:ff:ff:ff:ff","802.11","444","-33 dBm","-92 dBm","59 dB","Beacon frame, SN=1053, FN=0, Flags=........C, BI=100, SSID=""Z5319476"""
"34630","9.187945","e2:bb:15:72:70:e6","ff:ff:ff:ff:ff:ff","802.11","444","-35 dBm","-92 dBm","57 dB","Beacon frame, SN=1054, FN=0, Flags=........C, BI=100, SSID=""Z5319476"""
"35375","9.291738","e2:bb:15:72:70:e6","ff:ff:ff:ff:ff:ff","802.11","444","-31 dBm","-92 dBm","61 dB","Beacon frame, SN=1055, FN=0, Flags=........C, BI=100, SSID=""Z5319476"""
"35976","9.392854","e2:bb:15:72:70:e6","ff:ff:ff:ff:ff:ff","802.11","444","-35 dBm","-92 dBm","57 dB","Beacon frame, SN=1056, FN=0, Flags=........C, BI=100, SSID=""Z5319476"""
"36555","9.495503","e2:bb:15:72:70:e6","ff:ff:ff:ff:ff:ff","802.11","444","-32 dBm","-92 dBm","60 dB","Beacon frame, SN=1057, FN=0, Flags=........C, BI=100, SSID=""Z5319476"""
"37155","9.597635","e2:bb:15:72:70:e6","ff:ff:ff:ff:ff:ff","802.11","444","-32 dBm","-92 dBm","60 dB","Beacon frame, SN=1058, FN=0, Flags=........C, BI=100, SSID=""Z5319476"""
"37821","9.699954","e2:bb:15:72:70:e6","ff:ff:ff:ff:ff:ff","802.11","444","-32 dBm","-92 dBm","60 dB","Beacon frame, SN=1059, FN=0, Flags=........C, BI=100, SSID=""Z5319476"""
"39143","9.904957","e2:bb:15:72:70:e6","ff:ff:ff:ff:ff:ff","802.11","444","-29 dBm","-92 dBm","63 dB","Beacon frame, SN=1061, FN=0, Flags=........C, BI=100, SSID=""Z5319476"""
"39546","10.006987","e2:bb:15:72:70:e6","ff:ff:ff:ff:ff:ff","802.11","444","-35 dBm","-92 dBm","57 dB","Beacon frame, SN=1062, FN=0, Flags=........C, BI=100, SSID=""Z5319476"""
"39947","10.110180","e2:bb:15:72:70:e6","ff:ff:ff:ff:ff:ff","802.11","444","-32 dBm","-92 dBm","60 dB","Beacon frame, SN=1063, FN=0, Flags=........C, BI=100, SSID=""Z5319476"""
"40446","10.212163","e2:bb:15:72:70:e6","ff:ff:ff:ff:ff:ff","802.11","444","-34 dBm","-92 dBm","58 dB","Beacon frame, SN=1064, FN=0, Flags=........C, BI=100, SSID=""Z5319476"""
"41066","10.316107","e2:bb:15:72:70:e6","ff:ff:ff:ff:ff:ff","802.11","444","-34 dBm","-92 dBm","58 dB","Beacon frame, SN=1065, FN=0, Flags=........C, BI=100, SSID=""Z5319476"""
"41620","10.417230","e2:bb:15:72:70:e6","ff:ff:ff:ff:ff:ff","802.11","444","-32 dBm","-92 dBm","60 dB","Beacon frame, SN=1066, FN=0, Flags=........C, BI=100, SSID=""Z5319476"""
"42069","10.519331","e2:bb:15:72:70:e6","ff:ff:ff:ff:ff:ff","802.11","444","-34 dBm","-92 dBm","58 dB","Beacon frame, SN=1067, FN=0, Flags=........C, BI=100, SSID=""Z5319476"""
"42466","10.623568","e2:bb:15:72:70:e6","ff:ff:ff:ff:ff:ff","802.11","444","-34 dBm","-92 dBm","58 dB","Beacon frame, SN=1068, FN=0, Flags=........C, BI=100, SSID=""Z5319476"""
"42867","10.723841","e2:bb:15:72:70:e6","ff:ff:ff:ff:ff:ff","802.11","444","-35 dBm","-92 dBm","57 dB","Beacon frame, SN=1069, FN=0, Flags=........C, BI=100, SSID=""Z5319476"""
"43182","10.826221","e2:bb:15:72:70:e6","ff:ff:ff:ff:ff:ff","802.11","444","-35 dBm","-92 dBm","57 dB","Beacon frame, SN=1070, FN=0, Flags=........C, BI=100, SSID=""Z5319476"""
"43757","10.929105","e2:bb:15:72:70:e6","ff:ff:ff:ff:ff:ff","802.11","444","-32 dBm","-92 dBm","60 dB","Beacon frame, SN=1071, FN=0, Flags=........C, BI=100, SSID=""Z5319476"""
"44279","11.031432","e2:bb:15:72:70:e6","ff:ff:ff:ff:ff:ff","802.11","444","-31 dBm","-92 dBm","61 dB","Beacon frame, SN=1072, FN=0, Flags=........C, BI=100, SSID=""Z5319476"""
"44830","11.134196","e2:bb:15:72:70:e6","ff:ff:ff:ff:ff:ff","802.11","444","-34 dBm","-92 dBm","58 dB","Beacon frame, SN=1073, FN=0, Flags=........C, BI=100, SSID=""Z5319476"""
"45318","11.235940","e2:bb:15:72:70:e6","ff:ff:ff:ff:ff:ff","802.11","444","-34 dBm","-92 dBm","58 dB","Beacon frame, SN=1074, FN=0, Flags=........C, BI=100, SSID=""Z5319476"""
"45754","11.338437","e2:bb:15:72:70:e6","ff:ff:ff:ff:ff:ff","802.11","444","-30 dBm","-92 dBm","62 dB","Beacon frame, SN=1075, FN=0, Flags=........C, BI=100, SSID=""Z5319476"""
"46070","11.441837","e2:bb:15:72:70:e6","ff:ff:ff:ff:ff:ff","802.11","444","-32 dBm","-92 dBm","60 dB","Beacon frame, SN=1076, FN=0, Flags=........C, BI=100, SSID=""Z5319476"""
"46453","11.543546","e2:bb:15:72:70:e6","ff:ff:ff:ff:ff:ff","802.11","444","-35 dBm","-92 dBm","57 dB","Beacon frame, SN=1077, FN=0, Flags=........C, BI=100, SSID=""Z5319476"""
"46820","11.646039","e2:bb:15:72:70:e6","ff:ff:ff:ff:ff:ff","802.11","444","-32 dBm","-92 dBm","60 dB","Beacon frame, SN=1078, FN=0, Flags=........C, BI=100, SSID=""Z5319476"""
"47126","11.747565","e2:bb:15:72:70:e6","ff:ff:ff:ff:ff:ff","802.11","444","-34 dBm","-92 dBm","58 dB","Beacon frame, SN=1079, FN=0, Flags=........C, BI=100, SSID=""Z5319476"""
"47459","11.850289","e2:bb:15:72:70:e6","ff:ff:ff:ff:ff:ff","802.11","444","-33 dBm","-92 dBm","59 dB","Beacon frame, SN=1080, FN=0, Flags=........C, BI=100, SSID=""Z5319476"""
"47780","11.952665","e2:bb:15:72:70:e6","ff:ff:ff:ff:ff:ff","802.11","444","-32 dBm","-92 dBm","60 dB","Beacon frame, SN=1081, FN=0, Flags=........C, BI=100, SSID=""Z5319476"""
"48158","12.055143","e2:bb:15:72:70:e6","ff:ff:ff:ff:ff:ff","802.11","444","-32 dBm","-92 dBm","60 dB","Beacon frame, SN=1082, FN=0, Flags=........C, BI=100, SSID=""Z5319476"""
"48572","12.157529","e2:bb:15:72:70:e6","ff:ff:ff:ff:ff:ff","802.11","444","-32 dBm","-92 dBm","60 dB","Beacon frame, SN=1083, FN=0, Flags=........C, BI=100, SSID=""Z5319476"""
"48981","12.259786","e2:bb:15:72:70:e6","ff:ff:ff:ff:ff:ff","802.11","444","-32 dBm","-92 dBm","60 dB","Beacon frame, SN=1084, FN=0, Flags=........C, BI=100, SSID=""Z5319476"""
"49434","12.362123","e2:bb:15:72:70:e6","ff:ff:ff:ff:ff:ff","802.11","444","-30 dBm","-92 dBm","62 dB","Beacon frame, SN=1085, FN=0, Flags=........C, BI=100, SSID=""Z5319476"""
"49888","12.465036","e2:bb:15:72:70:e6","ff:ff:ff:ff:ff:ff","802.11","444","-34 dBm","-92 dBm","58 dB","Beacon frame, SN=1086, FN=0, Flags=........C, BI=100, SSID=""Z5319476"""
"50267","12.567342","e2:bb:15:72:70:e6","ff:ff:ff:ff:ff:ff","802.11","444","-34 dBm","-92 dBm","58 dB","Beacon frame, SN=1087, FN=0, Flags=........C, BI=100, SSID=""Z5319476"""
"50588","12.669663","e2:bb:15:72:70:e6","ff:ff:ff:ff:ff:ff","802.11","444","-32 dBm","-92 dBm","60 dB","Beacon frame, SN=1088, FN=0, Flags=........C, BI=100, SSID=""Z5319476"""
"50939","12.771557","e2:bb:15:72:70:e6","ff:ff:ff:ff:ff:ff","802.11","444","-32 dBm","-92 dBm","60 dB","Beacon frame, SN=1089, FN=0, Flags=........C, BI=100, SSID=""Z5319476"""
"51322","12.874306","e2:bb:15:72:70:e6","ff:ff:ff:ff:ff:ff","802.11","444","-33 dBm","-92 dBm","59 dB","Beacon frame, SN=1090, FN=0, Flags=........C, BI=100, SSID=""Z5319476"""
"51675","12.976642","e2:bb:15:72:70:e6","ff:ff:ff:ff:ff:ff","802.11","444","-34 dBm","-92 dBm","58 dB","Beacon frame, SN=1091, FN=0, Flags=........C, BI=100, SSID=""Z5319476"""
"52028","13.079473","e2:bb:15:72:70:e6","ff:ff:ff:ff:ff:ff","802.11","444","-34 dBm","-92 dBm","58 dB","Beacon frame, SN=1092, FN=0, Flags=........C, BI=100, SSID=""Z5319476"""
"52470","13.181302","e2:bb:15:72:70:e6","ff:ff:ff:ff:ff:ff","802.11","444","-34 dBm","-92 dBm","58 dB","Beacon frame, SN=1093, FN=0, Flags=........C, BI=100, SSID=""Z5319476"""
"52826","13.284078","e2:bb:15:72:70:e6","ff:ff:ff:ff:ff:ff","802.11","444","-32 dBm","-92 dBm","60 dB","Beacon frame, SN=1094, FN=0, Flags=........C, BI=100, SSID=""Z5319476"""
"53190","13.386596","e2:bb:15:72:70:e6","ff:ff:ff:ff:ff:ff","802.11","444","-30 dBm","-92 dBm","62 dB","Beacon frame, SN=1095, FN=0, Flags=........C, BI=100, SSID=""Z5319476"""
"53530","13.488514","e2:bb:15:72:70:e6","ff:ff:ff:ff:ff:ff","802.11","444","-34 dBm","-92 dBm","58 dB","Beacon frame, SN=1096, FN=0, Flags=........C, BI=100, SSID=""Z5319476"""
"53872","13.592543","e2:bb:15:72:70:e6","ff:ff:ff:ff:ff:ff","802.11","444","-35 dBm","-92 dBm","57 dB","Beacon frame, SN=1097, FN=0, Flags=........C, BI=100, SSID=""Z5319476"""
"54216","13.693656","e2:bb:15:72:70:e6","ff:ff:ff:ff:ff:ff","802.11","444","-35 dBm","-92 dBm","57 dB","Beacon frame, SN=1098, FN=0, Flags=........C, BI=100, SSID=""Z5319476"""
"54513","13.795824","e2:bb:15:72:70:e6","ff:ff:ff:ff:ff:ff","802.11","444","-36 dBm","-92 dBm","56 dB","Beacon frame, SN=1099, FN=0, Flags=........C, BI=100, SSID=""Z5319476"""
"54903","13.898478","e2:bb:15:72:70:e6","ff:ff:ff:ff:ff:ff","802.11","444","-31 dBm","-92 dBm","61 dB","Beacon frame, SN=1100, FN=0, Flags=........C, BI=100, SSID=""Z5319476"""
"55697","14.103443","e2:bb:15:72:70:e6","ff:ff:ff:ff:ff:ff","802.11","444","-35 dBm","-92 dBm","57 dB","Beacon frame, SN=1102, FN=0, Flags=........C, BI=100, SSID=""Z5319476"""
"55989","14.205490","e2:bb:15:72:70:e6","ff:ff:ff:ff:ff:ff","802.11","444","-34 dBm","-92 dBm","58 dB","Beacon frame, SN=1103, FN=0, Flags=........C, BI=100, SSID=""Z5319476"""
"56328","14.308097","e2:bb:15:72:70:e6","ff:ff:ff:ff:ff:ff","802.11","444","-35 dBm","-92 dBm","57 dB","Beacon frame, SN=1104, FN=0, Flags=........C, BI=100, SSID=""Z5319476"""
"56728","14.411348","e2:bb:15:72:70:e6","ff:ff:ff:ff:ff:ff","802.11","444","-35 dBm","-92 dBm","57 dB","Beacon frame, SN=1105, FN=0, Flags=........C, BI=100, SSID=""Z5319476"""
"57067","14.512515","e2:bb:15:72:70:e6","ff:ff:ff:ff:ff:ff","802.11","444","-35 dBm","-92 dBm","57 dB","Beacon frame, SN=1106, FN=0, Flags=........C, BI=100, SSID=""Z5319476"""
"57375","14.615068","e2:bb:15:72:70:e6","ff:ff:ff:ff:ff:ff","802.11","444","-32 dBm","-92 dBm","60 dB","Beacon frame, SN=1107, FN=0, Flags=........C, BI=100, SSID=""Z5319476"""
"57714","14.717657","e2:bb:15:72:70:e6","ff:ff:ff:ff:ff:ff","802.11","444","-36 dBm","-92 dBm","56 dB","Beacon frame, SN=1108, FN=0, Flags=........C, BI=100, SSID=""Z5319476"""
"58384","14.922181","e2:bb:15:72:70:e6","ff:ff:ff:ff:ff:ff","802.11","444","-33 dBm","-92 dBm","59 dB","Beacon frame, SN=1110, FN=0, Flags=........C, BI=100, SSID=""Z5319476"""
"58797","15.024530","e2:bb:15:72:70:e6","ff:ff:ff:ff:ff:ff","802.11","444","-33 dBm","-92 dBm","59 dB","Beacon frame, SN=1111, FN=0, Flags=........C, BI=100, SSID=""Z5319476"""
"59188","15.126937","e2:bb:15:72:70:e6","ff:ff:ff:ff:ff:ff","802.11","444","-33 dBm","-92 dBm","59 dB","Beacon frame, SN=1112, FN=0, Flags=........C, BI=100, SSID=""Z5319476"""
"59579","15.229629","e2:bb:15:72:70:e6","ff:ff:ff:ff:ff:ff","802.11","444","-31 dBm","-92 dBm","61 dB","Beacon frame, SN=1113, FN=0, Flags=........C, BI=100, SSID=""Z5319476"""
"59953","15.332049","e2:bb:15:72:70:e6","ff:ff:ff:ff:ff:ff","802.11","444","-35 dBm","-92 dBm","57 dB","Beacon frame, SN=1114, FN=0, Flags=........C, BI=100, SSID=""Z5319476"""
"60605","15.436107","e2:bb:15:72:70:e6","ff:ff:ff:ff:ff:ff","802.11","444","-35 dBm","-92 dBm","57 dB","Beacon frame, SN=1115, FN=0, Flags=........C, BI=100, SSID=""Z5319476"""
"61256","15.537617","e2:bb:15:72:70:e6","ff:ff:ff:ff:ff:ff","802.11","444","-32 dBm","-92 dBm","60 dB","Beacon frame, SN=1116, FN=0, Flags=........C, BI=100, SSID=""Z5319476"""
"61653","15.639229","e2:bb:15:72:70:e6","ff:ff:ff:ff:ff:ff","802.11","444","-32 dBm","-92 dBm","60 dB","Beacon frame, SN=1117, FN=0, Flags=........C, BI=100, SSID=""Z5319476"""
"62032","15.741438","e2:bb:15:72:70:e6","ff:ff:ff:ff:ff:ff","802.11","444","-32 dBm","-92 dBm","60 dB","Beacon frame, SN=1118, FN=0, Flags=........C, BI=100, SSID=""Z5319476"""
"62368","15.843942","e2:bb:15:72:70:e6","ff:ff:ff:ff:ff:ff","802.11","444","-30 dBm","-92 dBm","62 dB","Beacon frame, SN=1119, FN=0, Flags=........C, BI=100, SSID=""Z5319476"""
"62705","15.946199","e2:bb:15:72:70:e6","ff:ff:ff:ff:ff:ff","802.11","444","-35 dBm","-92 dBm","57 dB","Beacon frame, SN=1120, FN=0, Flags=........C, BI=100, SSID=""Z5319476"""
"63094","16.048593","e2:bb:15:72:70:e6","ff:ff:ff:ff:ff:ff","802.11","444","-31 dBm","-92 dBm","61 dB","Beacon frame, SN=1121, FN=0, Flags=........C, BI=100, SSID=""Z5319476"""
"63468","16.151019","e2:bb:15:72:70:e6","ff:ff:ff:ff:ff:ff","802.11","444","-30 dBm","-92 dBm","62 dB","Beacon frame, SN=1122, FN=0, Flags=........C, BI=100, SSID=""Z5319476"""
"63835","16.253615","e2:bb:15:72:70:e6","ff:ff:ff:ff:ff:ff","802.11","444","-35 dBm","-92 dBm","57 dB","Beacon frame, SN=1123, FN=0, Flags=........C, BI=100, SSID=""Z5319476"""
"64140","16.355920","e2:bb:15:72:70:e6","ff:ff:ff:ff:ff:ff","802.11","444","-34 dBm","-92 dBm","58 dB","Beacon frame, SN=1124, FN=0, Flags=........C, BI=100, SSID=""Z5319476"""
"64444","16.458313","e2:bb:15:72:70:e6","ff:ff:ff:ff:ff:ff","802.11","444","-31 dBm","-92 dBm","61 dB","Beacon frame, SN=1125, FN=0, Flags=........C, BI=100, SSID=""Z5319476"""
"64842","16.560559","e2:bb:15:72:70:e6","ff:ff:ff:ff:ff:ff","802.11","444","-36 dBm","-92 dBm","56 dB","Beacon frame, SN=1126, FN=0, Flags=........C, BI=100, SSID=""Z5319476"""
"65166","16.662920","e2:bb:15:72:70:e6","ff:ff:ff:ff:ff:ff","802.11","444","-34 dBm","-92 dBm","58 dB","Beacon frame, SN=1127, FN=0, Flags=........C, BI=100, SSID=""Z5319476"""
"65497","16.765279","e2:bb:15:72:70:e6","ff:ff:ff:ff:ff:ff","802.11","444","-32 dBm","-92 dBm","60 dB","Beacon frame, SN=1128, FN=0, Flags=........C, BI=100, SSID=""Z5319476"""
"65822","16.867732","e2:bb:15:72:70:e6","ff:ff:ff:ff:ff:ff","802.11","444","-35 dBm","-92 dBm","57 dB","Beacon frame, SN=1129, FN=0, Flags=........C, BI=100, SSID=""Z5319476"""
"66164","16.970418","e2:bb:15:72:70:e6","ff:ff:ff:ff:ff:ff","802.11","444","-33 dBm","-92 dBm","59 dB","Beacon frame, SN=1130, FN=0, Flags=........C, BI=100, SSID=""Z5319476"""
"66489","17.072531","e2:bb:15:72:70:e6","ff:ff:ff:ff:ff:ff","802.11","444","-31 dBm","-92 dBm","61 dB","Beacon frame, SN=1131, FN=0, Flags=........C, BI=100, SSID=""Z5319476"""
"66923","17.174616","e2:bb:15:72:70:e6","ff:ff:ff:ff:ff:ff","802.11","444","-33 dBm","-92 dBm","59 dB","Beacon frame, SN=1132, FN=0, Flags=........C, BI=100, SSID=""Z5319476"""
"67671","17.277892","e2:bb:15:72:70:e6","ff:ff:ff:ff:ff:ff","802.11","444","-35 dBm","-92 dBm","57 dB","Beacon frame, SN=1133, FN=0, Flags=........C, BI=100, SSID=""Z5319476"""
"68422","17.380236","e2:bb:15:72:70:e6","ff:ff:ff:ff:ff:ff","802.11","444","-33 dBm","-92 dBm","59 dB","Beacon frame, SN=1134, FN=0, Flags=........C, BI=100, SSID=""Z5319476"""
"68743","17.482272","e2:bb:15:72:70:e6","ff:ff:ff:ff:ff:ff","802.11","444","-30 dBm","-92 dBm","62 dB","Beacon frame, SN=1135, FN=0, Flags=........C, BI=100, SSID=""Z5319476"""
"69054","17.584929","e2:bb:15:72:70:e6","ff:ff:ff:ff:ff:ff","802.11","444","-34 dBm","-92 dBm","58 dB","Beacon frame, SN=1136, FN=0, Flags=........C, BI=100, SSID=""Z5319476"""
"69393","17.686660","e2:bb:15:72:70:e6","ff:ff:ff:ff:ff:ff","802.11","444","-32 dBm","-92 dBm","60 dB","Beacon frame, SN=1137, FN=0, Flags=........C, BI=100, SSID=""Z5319476"""
"69693","17.789322","e2:bb:15:72:70:e6","ff:ff:ff:ff:ff:ff","802.11","444","-32 dBm","-92 dBm","60 dB","Beacon frame, SN=1138, FN=0, Flags=........C, BI=100, SSID=""Z5319476"""
"70010","17.891710","e2:bb:15:72:70:e6","ff:ff:ff:ff:ff:ff","802.11","444","-32 dBm","-92 dBm","60 dB","Beacon frame, SN=1139, FN=0, Flags=........C, BI=100, SSID=""Z5319476"""
"70336","17.994137","e2:bb:15:72:70:e6","ff:ff:ff:ff:ff:ff","802.11","444","-34 dBm","-92 dBm","58 dB","Beacon frame, SN=1140, FN=0, Flags=........C, BI=100, SSID=""Z5319476"""
"70684","18.096721","e2:bb:15:72:70:e6","ff:ff:ff:ff:ff:ff","802.11","444","-34 dBm","-92 dBm","58 dB","Beacon frame, SN=1141, FN=0, Flags=........C, BI=100, SSID=""Z5319476"""
"71072","18.198907","e2:bb:15:72:70:e6","ff:ff:ff:ff:ff:ff","802.11","444","-30 dBm","-92 dBm","62 dB","Beacon frame, SN=1142, FN=0, Flags=........C, BI=100, SSID=""Z5319476"""
"71443","18.301344","e2:bb:15:72:70:e6","ff:ff:ff:ff:ff:ff","802.11","444","-32 dBm","-92 dBm","60 dB","Beacon frame, SN=1143, FN=0, Flags=........C, BI=100, SSID=""Z5319476"""
"72092","18.403686","e2:bb:15:72:70:e6","ff:ff:ff:ff:ff:ff","802.11","444","-30 dBm","-92 dBm","62 dB","Beacon frame, SN=1144, FN=0, Flags=........C, BI=100, SSID=""Z5319476"""
"72657","18.506188","e2:bb:15:72:70:e6","ff:ff:ff:ff:ff:ff","802.11","444","-32 dBm","-92 dBm","60 dB","Beacon frame, SN=1145, FN=0, Flags=........C, BI=100, SSID=""Z5319476"""
"73334","18.608781","e2:bb:15:72:70:e6","ff:ff:ff:ff:ff:ff","802.11","444","-31 dBm","-92 dBm","61 dB","Beacon frame, SN=1146, FN=0, Flags=........C, BI=100, SSID=""Z5319476"""
"74014","18.710920","e2:bb:15:72:70:e6","ff:ff:ff:ff:ff:ff","802.11","444","-35 dBm","-92 dBm","57 dB","Beacon frame, SN=1147, FN=0, Flags=........C, BI=100, SSID=""Z5319476"""
"74562","18.813251","e2:bb:15:72:70:e6","ff:ff:ff:ff:ff:ff","802.11","444","-32 dBm","-92 dBm","60 dB","Beacon frame, SN=1148, FN=0, Flags=........C, BI=100, SSID=""Z5319476"""
"75207","18.915838","e2:bb:15:72:70:e6","ff:ff:ff:ff:ff:ff","802.11","444","-35 dBm","-92 dBm","57 dB","Beacon frame, SN=1149, FN=0, Flags=........C, BI=100, SSID=""Z5319476"""
"75773","19.018289","e2:bb:15:72:70:e6","ff:ff:ff:ff:ff:ff","802.11","444","-35 dBm","-92 dBm","57 dB","Beacon frame, SN=1150, FN=0, Flags=........C, BI=100, SSID=""Z5319476"""
"76490","19.120987","e2:bb:15:72:70:e6","ff:ff:ff:ff:ff:ff","802.11","444","-35 dBm","-92 dBm","57 dB","Beacon frame, SN=1151, FN=0, Flags=........C, BI=100, SSID=""Z5319476"""
"77132","19.223173","e2:bb:15:72:70:e6","ff:ff:ff:ff:ff:ff","802.11","444","-34 dBm","-92 dBm","58 dB","Beacon frame, SN=1152, FN=0, Flags=........C, BI=100, SSID=""Z5319476"""
"77741","19.325540","e2:bb:15:72:70:e6","ff:ff:ff:ff:ff:ff","802.11","444","-35 dBm","-92 dBm","57 dB","Beacon frame, SN=1153, FN=0, Flags=........C, BI=100, SSID=""Z5319476"""
"78372","19.427924","e2:bb:15:72:70:e6","ff:ff:ff:ff:ff:ff","802.11","444","-35 dBm","-92 dBm","57 dB","Beacon frame, SN=1154, FN=0, Flags=........C, BI=100, SSID=""Z5319476"""
"79073","19.532765","e2:bb:15:72:70:e6","ff:ff:ff:ff:ff:ff","802.11","444","-32 dBm","-92 dBm","60 dB","Beacon frame, SN=1155, FN=0, Flags=........C, BI=100, SSID=""Z5319476"""
"79777","19.633007","e2:bb:15:72:70:e6","ff:ff:ff:ff:ff:ff","802.11","444","-35 dBm","-92 dBm","57 dB","Beacon frame, SN=1156, FN=0, Flags=........C, BI=100, SSID=""Z5319476"""
"80448","19.735258","e2:bb:15:72:70:e6","ff:ff:ff:ff:ff:ff","802.11","444","-33 dBm","-92 dBm","59 dB","Beacon frame, SN=1157, FN=0, Flags=........C, BI=100, SSID=""Z5319476"""
"81208","19.837728","e2:bb:15:72:70:e6","ff:ff:ff:ff:ff:ff","802.11","444","-33 dBm","-92 dBm","59 dB","Beacon frame, SN=1158, FN=0, Flags=........C, BI=100, SSID=""Z5319476"""
"81785","19.939753","e2:bb:15:72:70:e6","ff:ff:ff:ff:ff:ff","802.11","444","-31 dBm","-92 dBm","61 dB","Beacon frame, SN=1159, FN=0, Flags=........C, BI=100, SSID=""Z5319476"""
"82448","20.042232","e2:bb:15:72:70:e6","ff:ff:ff:ff:ff:ff","802.11","444","-32 dBm","-92 dBm","60 dB","Beacon frame, SN=1160, FN=0, Flags=........C, BI=100, SSID=""Z5319476"""
"83031","20.144803","e2:bb:15:72:70:e6","ff:ff:ff:ff:ff:ff","802.11","444","-35 dBm","-92 dBm","57 dB","Beacon frame, SN=1161, FN=0, Flags=........C, BI=100, SSID=""Z5319476"""
"83740","20.247123","e2:bb:15:72:70:e6","ff:ff:ff:ff:ff:ff","802.11","444","-31 dBm","-92 dBm","61 dB","Beacon frame, SN=1162, FN=0, Flags=........C, BI=100, SSID=""Z5319476"""
"84104","20.349467","e2:bb:15:72:70:e6","ff:ff:ff:ff:ff:ff","802.11","444","-33 dBm","-92 dBm","59 dB","Beacon frame, SN=1163, FN=0, Flags=........C, BI=100, SSID=""Z5319476"""
"84767","20.452014","e2:bb:15:72:70:e6","ff:ff:ff:ff:ff:ff","802.11","444","-34 dBm","-92 dBm","58 dB","Beacon frame, SN=1164, FN=0, Flags=........C, BI=100, SSID=""Z5319476"""
"85150","20.554074","e2:bb:15:72:70:e6","ff:ff:ff:ff:ff:ff","802.11","444","-34 dBm","-92 dBm","58 dB","Beacon frame, SN=1165, FN=0, Flags=........C, BI=100, SSID=""Z5319476"""
"85493","20.656643","e2:bb:15:72:70:e6","ff:ff:ff:ff:ff:ff","802.11","444","-34 dBm","-92 dBm","58 dB","Beacon frame, SN=1166, FN=0, Flags=........C, BI=100, SSID=""Z5319476"""
"85777","20.759114","e2:bb:15:72:70:e6","ff:ff:ff:ff:ff:ff","802.11","444","-30 dBm","-92 dBm","62 dB","Beacon frame, SN=1167, FN=0, Flags=........C, BI=100, SSID=""Z5319476"""
"86080","20.861228","e2:bb:15:72:70:e6","ff:ff:ff:ff:ff:ff","802.11","444","-32 dBm","-92 dBm","60 dB","Beacon frame, SN=1168, FN=0, Flags=........C, BI=100, SSID=""Z5319476"""
"86369","20.963900","e2:bb:15:72:70:e6","ff:ff:ff:ff:ff:ff","802.11","444","-32 dBm","-92 dBm","60 dB","Beacon frame, SN=1169, FN=0, Flags=........C, BI=100, SSID=""Z5319476"""
"86711","21.066127","e2:bb:15:72:70:e6","ff:ff:ff:ff:ff:ff","802.11","444","-35 dBm","-92 dBm","57 dB","Beacon frame, SN=1170, FN=0, Flags=........C, BI=100, SSID=""Z5319476"""
"87045","21.168727","e2:bb:15:72:70:e6","ff:ff:ff:ff:ff:ff","802.11","444","-34 dBm","-92 dBm","58 dB","Beacon frame, SN=1171, FN=0, Flags=........C, BI=100, SSID=""Z5319476"""
"87422","21.270842","e2:bb:15:72:70:e6","ff:ff:ff:ff:ff:ff","802.11","444","-35 dBm","-92 dBm","57 dB","Beacon frame, SN=1172, FN=0, Flags=........C, BI=100, SSID=""Z5319476"""
"88083","21.373325","e2:bb:15:72:70:e6","ff:ff:ff:ff:ff:ff","802.11","444","-35 dBm","-92 dBm","57 dB","Beacon frame, SN=1173, FN=0, Flags=........C, BI=100, SSID=""Z5319476"""
"88531","21.475651","e2:bb:15:72:70:e6","ff:ff:ff:ff:ff:ff","802.11","444","-35 dBm","-92 dBm","57 dB","Beacon frame, SN=1174, FN=0, Flags=........C, BI=100, SSID=""Z5319476"""
"89174","21.578246","e2:bb:15:72:70:e6","ff:ff:ff:ff:ff:ff","802.11","444","-31 dBm","-92 dBm","61 dB","Beacon frame, SN=1175, FN=0, Flags=........C, BI=100, SSID=""Z5319476"""
"89669","21.680696","e2:bb:15:72:70:e6","ff:ff:ff:ff:ff:ff","802.11","444","-35 dBm","-92 dBm","57 dB","Beacon frame, SN=1176, FN=0, Flags=........C, BI=100, SSID=""Z5319476"""
"89981","21.782473","e2:bb:15:72:70:e6","ff:ff:ff:ff:ff:ff","802.11","444","-35 dBm","-92 dBm","57 dB","Beacon frame, SN=1177, FN=0, Flags=........C, BI=100, SSID=""Z5319476"""
"90335","21.885592","e2:bb:15:72:70:e6","ff:ff:ff:ff:ff:ff","802.11","444","-35 dBm","-92 dBm","57 dB","Beacon frame, SN=1178, FN=0, Flags=........C, BI=100, SSID=""Z5319476"""
"90708","21.987710","e2:bb:15:72:70:e6","ff:ff:ff:ff:ff:ff","802.11","444","-35 dBm","-92 dBm","57 dB","Beacon frame, SN=1179, FN=0, Flags=........C, BI=100, SSID=""Z5319476"""
"91077","22.089943","e2:bb:15:72:70:e6","ff:ff:ff:ff:ff:ff","802.11","444","-33 dBm","-92 dBm","59 dB","Beacon frame, SN=1180, FN=0, Flags=........C, BI=100, SSID=""Z5319476"""
"91499","22.193871","e2:bb:15:72:70:e6","ff:ff:ff:ff:ff:ff","802.11","444","-33 dBm","-92 dBm","59 dB","Beacon frame, SN=1181, FN=0, Flags=........C, BI=100, SSID=""Z5319476"""
"91919","22.295092","e2:bb:15:72:70:e6","ff:ff:ff:ff:ff:ff","802.11","444","-33 dBm","-92 dBm","59 dB","Beacon frame, SN=1182, FN=0, Flags=........C, BI=100, SSID=""Z5319476"""
"92363","22.397240","e2:bb:15:72:70:e6","ff:ff:ff:ff:ff:ff","802.11","444","-31 dBm","-92 dBm","61 dB","Beacon frame, SN=1183, FN=0, Flags=........C, BI=100, SSID=""Z5319476"""
"92700","22.499746","e2:bb:15:72:70:e6","ff:ff:ff:ff:ff:ff","802.11","444","-35 dBm","-92 dBm","57 dB","Beacon frame, SN=1184, FN=0, Flags=........C, BI=100, SSID=""Z5319476"""
"93017","22.602056","e2:bb:15:72:70:e6","ff:ff:ff:ff:ff:ff","802.11","444","-30 dBm","-92 dBm","62 dB","Beacon frame, SN=1185, FN=0, Flags=........C, BI=100, SSID=""Z5319476"""
"93341","22.704372","e2:bb:15:72:70:e6","ff:ff:ff:ff:ff:ff","802.11","444","-30 dBm","-92 dBm","62 dB","Beacon frame, SN=1186, FN=0, Flags=........C, BI=100, SSID=""Z5319476"""
"93719","22.806834","e2:bb:15:72:70:e6","ff:ff:ff:ff:ff:ff","802.11","444","-35 dBm","-92 dBm","57 dB","Beacon frame, SN=1187, FN=0, Flags=........C, BI=100, SSID=""Z5319476"""
"94049","22.910010","e2:bb:15:72:70:e6","ff:ff:ff:ff:ff:ff","802.11","444","-32 dBm","-92 dBm","60 dB","Beacon frame, SN=1188, FN=0, Flags=........C, BI=100, SSID=""Z5319476"""
"94327","23.015493","e2:bb:15:72:70:e6","ff:ff:ff:ff:ff:ff","802.11","444","-32 dBm","-92 dBm","60 dB","Beacon frame, SN=1189, FN=0, Flags=........C, BI=100, SSID=""Z5319476"""
"94654","23.114140","e2:bb:15:72:70:e6","ff:ff:ff:ff:ff:ff","802.11","444","-35 dBm","-92 dBm","57 dB","Beacon frame, SN=1190, FN=0, Flags=........C, BI=100, SSID=""Z5319476"""
"95081","23.216786","e2:bb:15:72:70:e6","ff:ff:ff:ff:ff:ff","802.11","444","-32 dBm","-92 dBm","60 dB","Beacon frame, SN=1191, FN=0, Flags=........C, BI=100, SSID=""Z5319476"""
"95717","23.318337","e2:bb:15:72:70:e6","ff:ff:ff:ff:ff:ff","802.11","444","-32 dBm","-92 dBm","60 dB","Beacon frame, SN=1192, FN=0, Flags=........C, BI=100, SSID=""Z5319476"""
"96414","23.421559","e2:bb:15:72:70:e6","ff:ff:ff:ff:ff:ff","802.11","444","-33 dBm","-92 dBm","59 dB","Beacon frame, SN=1193, FN=0, Flags=........C, BI=100, SSID=""Z5319476"""
"96912","23.523783","e2:bb:15:72:70:e6","ff:ff:ff:ff:ff:ff","802.11","444","-35 dBm","-92 dBm","57 dB","Beacon frame, SN=1194, FN=0, Flags=........C, BI=100, SSID=""Z5319476"""
"97287","23.626045","e2:bb:15:72:70:e6","ff:ff:ff:ff:ff:ff","802.11","444","-31 dBm","-92 dBm","61 dB","Beacon frame, SN=1195, FN=0, Flags=........C, BI=100, SSID=""Z5319476"""
"97691","23.729296","e2:bb:15:72:70:e6","ff:ff:ff:ff:ff:ff","802.11","444","-35 dBm","-92 dBm","57 dB","Beacon frame, SN=1196, FN=0, Flags=........C, BI=100, SSID=""Z5319476"""
"98015","23.830763","e2:bb:15:72:70:e6","ff:ff:ff:ff:ff:ff","802.11","444","-33 dBm","-92 dBm","59 dB","Beacon frame, SN=1197, FN=0, Flags=........C, BI=100, SSID=""Z5319476"""
"98593","24.036438","e2:bb:15:72:70:e6","ff:ff:ff:ff:ff:ff","802.11","444","-36 dBm","-92 dBm","56 dB","Beacon frame, SN=1199, FN=0, Flags=........C, BI=100, SSID=""Z5319476"""
"98954","24.138287","e2:bb:15:72:70:e6","ff:ff:ff:ff:ff:ff","802.11","444","-35 dBm","-92 dBm","57 dB","Beacon frame, SN=1200, FN=0, Flags=........C, BI=100, SSID=""Z5319476"""
"99282","24.240440","e2:bb:15:72:70:e6","ff:ff:ff:ff:ff:ff","802.11","444","-35 dBm","-92 dBm","57 dB","Beacon frame, SN=1201, FN=0, Flags=........C, BI=100, SSID=""Z5319476"""
"99640","24.342937","e2:bb:15:72:70:e6","ff:ff:ff:ff:ff:ff","802.11","444","-36 dBm","-92 dBm","56 dB","Beacon frame, SN=1202, FN=0, Flags=........C, BI=100, SSID=""Z5319476"""
"100303","24.548944","e2:bb:15:72:70:e6","ff:ff:ff:ff:ff:ff","802.11","444","-36 dBm","-92 dBm","56 dB","Beacon frame, SN=1204, FN=0, Flags=........C, BI=100, SSID=""Z5319476"""
"100668","24.650116","e2:bb:15:72:70:e6","ff:ff:ff:ff:ff:ff","802.11","444","-33 dBm","-92 dBm","59 dB","Beacon frame, SN=1205, FN=0, Flags=........C, BI=100, SSID=""Z5319476"""
"101020","24.752337","e2:bb:15:72:70:e6","ff:ff:ff:ff:ff:ff","802.11","444","-33 dBm","-92 dBm","59 dB","Beacon frame, SN=1206, FN=0, Flags=........C, BI=100, SSID=""Z5319476"""
"101391","24.854683","e2:bb:15:72:70:e6","ff:ff:ff:ff:ff:ff","802.11","444","-31 dBm","-92 dBm","61 dB","Beacon frame, SN=1207, FN=0, Flags=........C, BI=100, SSID=""Z5319476"""
"101839","24.957683","e2:bb:15:72:70:e6","ff:ff:ff:ff:ff:ff","802.11","444","-35 dBm","-92 dBm","57 dB","Beacon frame, SN=1208, FN=0, Flags=........C, BI=100, SSID=""Z5319476"""
"102169","25.059852","e2:bb:15:72:70:e6","ff:ff:ff:ff:ff:ff","802.11","444","-32 dBm","-92 dBm","60 dB","Beacon frame, SN=1209, FN=0, Flags=........C, BI=100, SSID=""Z5319476"""
"102645","25.163904","e2:bb:15:72:70:e6","ff:ff:ff:ff:ff:ff","802.11","444","-33 dBm","-92 dBm","59 dB","Beacon frame, SN=1210, FN=0, Flags=........C, BI=100, SSID=""Z5319476"""
"103180","25.270953","e2:bb:15:72:70:e6","ff:ff:ff:ff:ff:ff","802.11","444","-35 dBm","-92 dBm","57 dB","Beacon frame, SN=1211, FN=0, Flags=........C, BI=100, SSID=""Z5319476"""
"103679","25.366817","e2:bb:15:72:70:e6","ff:ff:ff:ff:ff:ff","802.11","444","-33 dBm","-92 dBm","59 dB","Beacon frame, SN=1212, FN=0, Flags=........C, BI=100, SSID=""Z5319476"""
"105025","25.571282","e2:bb:15:72:70:e6","ff:ff:ff:ff:ff:ff","802.11","444","-32 dBm","-92 dBm","60 dB","Beacon frame, SN=1214, FN=0, Flags=........C, BI=100, SSID=""Z5319476"""
"105628","25.674179","e2:bb:15:72:70:e6","ff:ff:ff:ff:ff:ff","802.11","444","-35 dBm","-92 dBm","57 dB","Beacon frame, SN=1215, FN=0, Flags=........C, BI=100, SSID=""Z5319476"""
"106560","25.880291","e2:bb:15:72:70:e6","ff:ff:ff:ff:ff:ff","802.11","444","-35 dBm","-92 dBm","57 dB","Beacon frame, SN=1217, FN=0, Flags=........C, BI=100, SSID=""Z5319476"""
"106855","25.981216","e2:bb:15:72:70:e6","ff:ff:ff:ff:ff:ff","802.11","444","-31 dBm","-92 dBm","61 dB","Beacon frame, SN=1218, FN=0, Flags=........C, BI=100, SSID=""Z5319476"""
"107243","26.084851","e2:bb:15:72:70:e6","ff:ff:ff:ff:ff:ff","802.11","444","-31 dBm","-92 dBm","61 dB","Beacon frame, SN=1219, FN=0, Flags=........C, BI=100, SSID=""Z5319476"""
"107634","26.185888","e2:bb:15:72:70:e6","ff:ff:ff:ff:ff:ff","802.11","444","-35 dBm","-92 dBm","57 dB","Beacon frame, SN=1220, FN=0, Flags=........C, BI=100, SSID=""Z5319476"""
"108001","26.288715","e2:bb:15:72:70:e6","ff:ff:ff:ff:ff:ff","802.11","444","-35 dBm","-92 dBm","57 dB","Beacon frame, SN=1221, FN=0, Flags=........C, BI=100, SSID=""Z5319476"""
"108353","26.390787","e2:bb:15:72:70:e6","ff:ff:ff:ff:ff:ff","802.11","444","-31 dBm","-92 dBm","61 dB","Beacon frame, SN=1222, FN=0, Flags=........C, BI=100, SSID=""Z5319476"""
"108952","26.492819","e2:bb:15:72:70:e6","ff:ff:ff:ff:ff:ff","802.11","444","-33 dBm","-92 dBm","59 dB","Beacon frame, SN=1223, FN=0, Flags=........C, BI=100, SSID=""Z5319476"""
"109225","26.595575","e2:bb:15:72:70:e6","ff:ff:ff:ff:ff:ff","802.11","444","-36 dBm","-92 dBm","56 dB","Beacon frame, SN=1224, FN=0, Flags=........C, BI=100, SSID=""Z5319476"""
"109479","26.698151","e2:bb:15:72:70:e6","ff:ff:ff:ff:ff:ff","802.11","444","-33 dBm","-92 dBm","59 dB","Beacon frame, SN=1225, FN=0, Flags=........C, BI=100, SSID=""Z5319476"""
"109889","26.800434","e2:bb:15:72:70:e6","ff:ff:ff:ff:ff:ff","802.11","444","-36 dBm","-92 dBm","56 dB","Beacon frame, SN=1226, FN=0, Flags=........C, BI=100, SSID=""Z5319476"""
"110284","26.905618","e2:bb:15:72:70:e6","ff:ff:ff:ff:ff:ff","802.11","444","-36 dBm","-92 dBm","56 dB","Beacon frame, SN=1227, FN=0, Flags=........C, BI=100, SSID=""Z5319476"""
"110884","27.006492","e2:bb:15:72:70:e6","ff:ff:ff:ff:ff:ff","802.11","444","-36 dBm","-92 dBm","56 dB","Beacon frame, SN=1228, FN=0, Flags=........C, BI=100, SSID=""Z5319476"""
"111467","27.107374","e2:bb:15:72:70:e6","ff:ff:ff:ff:ff:ff","802.11","444","-36 dBm","-92 dBm","56 dB","Beacon frame, SN=1229, FN=0, Flags=........C, BI=100, SSID=""Z5319476"""
"112124","27.210181","e2:bb:15:72:70:e6","ff:ff:ff:ff:ff:ff","802.11","444","-36 dBm","-92 dBm","56 dB","Beacon frame, SN=1230, FN=0, Flags=........C, BI=100, SSID=""Z5319476"""
"112687","27.312251","e2:bb:15:72:70:e6","ff:ff:ff:ff:ff:ff","802.11","444","-35 dBm","-92 dBm","57 dB","Beacon frame, SN=1231, FN=0, Flags=........C, BI=100, SSID=""Z5319476"""
"113058","27.415215","e2:bb:15:72:70:e6","ff:ff:ff:ff:ff:ff","802.11","444","-36 dBm","-92 dBm","56 dB","Beacon frame, SN=1232, FN=0, Flags=........C, BI=100, SSID=""Z5319476"""
"113442","27.517175","e2:bb:15:72:70:e6","ff:ff:ff:ff:ff:ff","802.11","444","-31 dBm","-92 dBm","61 dB","Beacon frame, SN=1233, FN=0, Flags=........C, BI=100, SSID=""Z5319476"""
"113933","27.619528","e2:bb:15:72:70:e6","ff:ff:ff:ff:ff:ff","802.11","444","-33 dBm","-92 dBm","59 dB","Beacon frame, SN=1234, FN=0, Flags=........C, BI=100, SSID=""Z5319476"""
"114566","27.824527","e2:bb:15:72:70:e6","ff:ff:ff:ff:ff:ff","802.11","444","-33 dBm","-92 dBm","59 dB","Beacon frame, SN=1236, FN=0, Flags=........C, BI=100, SSID=""Z5319476"""
"114907","27.926685","e2:bb:15:72:70:e6","ff:ff:ff:ff:ff:ff","802.11","444","-35 dBm","-92 dBm","57 dB","Beacon frame, SN=1237, FN=0, Flags=........C, BI=100, SSID=""Z5319476"""
