"No.","Time","Source","Destination","Protocol","Length","Signal strength (RSSI)","Noise level (dBm)","Signal/noise ratio (dB)","Info"
"45","0.009870","e2:bb:15:72:70:e6","ff:ff:ff:ff:ff:ff","802.11","444","-26 dBm","-92 dBm","66 dB","Beacon frame, SN=513, FN=0, Flags=........C, BI=100, SSID=""Z5319476"""
"370","0.115314","e2:bb:15:72:70:e6","ff:ff:ff:ff:ff:ff","802.11","444","-24 dBm","-92 dBm","68 dB","Beacon frame, SN=514, FN=0, Flags=........C, BI=100, SSID=""Z5319476"""
"737","0.214709","e2:bb:15:72:70:e6","ff:ff:ff:ff:ff:ff","802.11","444","-24 dBm","-92 dBm","68 dB","Beacon frame, SN=515, FN=0, Flags=........C, BI=100, SSID=""Z5319476"""
"1122","0.319730","e2:bb:15:72:70:e6","ff:ff:ff:ff:ff:ff","802.11","444","-24 dBm","-92 dBm","68 dB","Beacon frame, SN=516, FN=0, Flags=........C, BI=100, SSID=""Z5319476"""
"1452","0.419335","e2:bb:15:72:70:e6","ff:ff:ff:ff:ff:ff","802.11","444","-26 dBm","-92 dBm","66 dB","Beacon frame, SN=517, FN=0, Flags=........C, BI=100, SSID=""Z5319476"""
"1761","0.521657","e2:bb:15:72:70:e6","ff:ff:ff:ff:ff:ff","802.11","444","-25 dBm","-92 dBm","67 dB","Beacon frame, SN=518, FN=0, Flags=........C, BI=100, SSID=""Z5319476"""
"2182","0.624470","e2:bb:15:72:70:e6","ff:ff:ff:ff:ff:ff","802.11","444","-25 dBm","-92 dBm","67 dB","Beacon frame, SN=519, FN=0, Flags=........C, BI=100, SSID=""Z5319476"""
"2863","0.726523","e2:bb:15:72:70:e6","ff:ff:ff:ff:ff:ff","802.11","444","-27 dBm","-92 dBm","65 dB","Beacon frame, SN=520, FN=0, Flags=........C, BI=100, SSID=""Z5319476"""
"3319","0.829061","e2:bb:15:72:70:e6","ff:ff:ff:ff:ff:ff","802.11","444","-25 dBm","-92 dBm","67 dB","Beacon frame, SN=521, FN=0, Flags=........C, BI=100, SSID=""Z5319476"""
"4349","1.034042","e2:bb:15:72:70:e6","ff:ff:ff:ff:ff:ff","802.11","444","-25 dBm","-92 dBm","67 dB","Beacon frame, SN=523, FN=0, Flags=........C, BI=100, SSID=""Z5319476"""
"4846","1.136477","e2:bb:15:72:70:e6","ff:ff:ff:ff:ff:ff","802.11","444","-26 dBm","-92 dBm","66 dB","Beacon frame, SN=524, FN=0, Flags=........C, BI=100, SSID=""Z5319476"""
"5411","1.238633","e2:bb:15:72:70:e6","ff:ff:ff:ff:ff:ff","802.11","444","-25 dBm","-92 dBm","67 dB","Beacon frame, SN=525, FN=0, Flags=........C, BI=100, SSID=""Z5319476"""
"5773","1.341102","e2:bb:15:72:70:e6","ff:ff:ff:ff:ff:ff","802.11","444","-25 dBm","-92 dBm","67 dB","Beacon frame, SN=526, FN=0, Flags=........C, BI=100, SSID=""Z5319476"""
"6476","1.545905","e2:bb:15:72:70:e6","ff:ff:ff:ff:ff:ff","802.11","444","-24 dBm","-92 dBm","68 dB","Beacon frame, SN=528, FN=0, Flags=........C, BI=100, SSID=""Z5319476"""
"7084","1.751184","e2:bb:15:72:70:e6","ff:ff:ff:ff:ff:ff","802.11","444","-25 dBm","-92 dBm","67 dB","Beacon frame, SN=530, FN=0, Flags=........C, BI=100, SSID=""Z5319476"""
"7344","1.853171","e2:bb:15:72:70:e6","ff:ff:ff:ff:ff:ff","802.11","444","-27 dBm","-92 dBm","65 dB","Beacon frame, SN=531, FN=0, Flags=........C, BI=100, SSID=""Z5319476"""
"7599","1.955604","e2:bb:15:72:70:e6","ff:ff:ff:ff:ff:ff","802.11","444","-25 dBm","-92 dBm","67 dB","Beacon frame, SN=532, FN=0, Flags=........C, BI=100, SSID=""Z5319476"""
"7863","2.058143","e2:bb:15:72:70:e6","ff:ff:ff:ff:ff:ff","802.11","444","-24 dBm","-92 dBm","68 dB","Beacon frame, SN=533, FN=0, Flags=........C, BI=100, SSID=""Z5319476"""
"8222","2.160869","e2:bb:15:72:70:e6","ff:ff:ff:ff:ff:ff","802.11","444","-24 dBm","-92 dBm","68 dB","Beacon frame, SN=534, FN=0, Flags=........C, BI=100, SSID=""Z5319476"""
"8608","2.263024","e2:bb:15:72:70:e6","ff:ff:ff:ff:ff:ff","802.11","444","-25 dBm","-92 dBm","67 dB","Beacon frame, SN=535, FN=0, Flags=........C, BI=100, SSID=""Z5319476"""
"9114","2.365760","e2:bb:15:72:70:e6","ff:ff:ff:ff:ff:ff","802.11","444","-25 dBm","-92 dBm","67 dB","Beacon frame, SN=536, FN=0, Flags=........C, BI=100, SSID=""Z5319476"""
"9614","2.468183","e2:bb:15:72:70:e6","ff:ff:ff:ff:ff:ff","802.11","444","-25 dBm","-92 dBm","67 dB","Beacon frame, SN=537, FN=0, Flags=........C, BI=100, SSID=""Z5319476"""
"10065","2.570108","e2:bb:15:72:70:e6","ff:ff:ff:ff:ff:ff","802.11","444","-26 dBm","-92 dBm","66 dB","Beacon frame, SN=538, FN=0, Flags=........C, BI=100, SSID=""Z5319476"""
"10439","2.673007","e2:bb:15:72:70:e6","ff:ff:ff:ff:ff:ff","802.11","444","-25 dBm","-92 dBm","67 dB","Beacon frame, SN=539, FN=0, Flags=........C, BI=100, SSID=""Z5319476"""
"10793","2.775132","e2:bb:15:72:70:e6","ff:ff:ff:ff:ff:ff","802.11","444","-26 dBm","-92 dBm","66 dB","Beacon frame, SN=540, FN=0, Flags=........C, BI=100, SSID=""Z5319476"""
"11171","2.877739","e2:bb:15:72:70:e6","ff:ff:ff:ff:ff:ff","802.11","444","-25 dBm","-92 dBm","67 dB","Beacon frame, SN=541, FN=0, Flags=........C, BI=100, SSID=""Z5319476"""
"11538","2.980559","e2:bb:15:72:70:e6","ff:ff:ff:ff:ff:ff","802.11","444","-26 dBm","-92 dBm","66 dB","Beacon frame, SN=542, FN=0, Flags=........C, BI=100, SSID=""Z5319476"""
"11898","3.082334","e2:bb:15:72:70:e6","ff:ff:ff:ff:ff:ff","802.11","444","-25 dBm","-92 dBm","67 dB","Beacon frame, SN=543, FN=0, Flags=........C, BI=100, SSID=""Z5319476"""
"12295","3.185096","e2:bb:15:72:70:e6","ff:ff:ff:ff:ff:ff","802.11","444","-23 dBm","-92 dBm","69 dB","Beacon frame, SN=544, FN=0, Flags=........C, BI=100, SSID=""Z5319476"""
"12761","3.287175","e2:bb:15:72:70:e6","ff:ff:ff:ff:ff:ff","802.11","444","-24 dBm","-92 dBm","68 dB","Beacon frame, SN=545, FN=0, Flags=........C, BI=100, SSID=""Z5319476"""
"13477","3.492164","e2:bb:15:72:70:e6","ff:ff:ff:ff:ff:ff","802.11","444","-25 dBm","-92 dBm","67 dB","Beacon frame, SN=547, FN=0, Flags=........C, BI=100, SSID=""Z5319476"""
"13860","3.596100","e2:bb:15:72:70:e6","ff:ff:ff:ff:ff:ff","802.11","444","-26 dBm","-92 dBm","66 dB","Beacon frame, SN=548, FN=0, Flags=........C, BI=100, SSID=""Z5319476"""
"14267","3.696920","e2:bb:15:72:70:e6","ff:ff:ff:ff:ff:ff","802.11","444","-28 dBm","-92 dBm","64 dB","Beacon frame, SN=549, FN=0, Flags=........C, BI=100, SSID=""Z5319476"""
"14754","3.799313","e2:bb:15:72:70:e6","ff:ff:ff:ff:ff:ff","802.11","444","-24 dBm","-92 dBm","68 dB","Beacon frame, SN=550, FN=0, Flags=........C, BI=100, SSID=""Z5319476"""
"15206","3.902744","e2:bb:15:72:70:e6","ff:ff:ff:ff:ff:ff","802.11","444","-24 dBm","-92 dBm","68 dB","Beacon frame, SN=551, FN=0, Flags=........C, BI=100, SSID=""Z5319476"""
"15652","4.006192","e2:bb:15:72:70:e6","ff:ff:ff:ff:ff:ff","802.11","444","-25 dBm","-92 dBm","67 dB","Beacon frame, SN=552, FN=0, Flags=........C, BI=100, SSID=""Z5319476"""
"16060","4.106936","e2:bb:15:72:70:e6","ff:ff:ff:ff:ff:ff","802.11","444","-24 dBm","-92 dBm","68 dB","Beacon frame, SN=553, FN=0, Flags=........C, BI=100, SSID=""Z5319476"""
"16452","4.208810","e2:bb:15:72:70:e6","ff:ff:ff:ff:ff:ff","802.11","444","-24 dBm","-92 dBm","68 dB","Beacon frame, SN=554, FN=0, Flags=........C, BI=100, SSID=""Z5319476"""
"17160","4.311924","e2:bb:15:72:70:e6","ff:ff:ff:ff:ff:ff","802.11","444","-25 dBm","-92 dBm","67 dB","Beacon frame, SN=555, FN=0, Flags=........C, BI=100, SSID=""Z5319476"""
"17505","4.413972","e2:bb:15:72:70:e6","ff:ff:ff:ff:ff:ff","802.11","444","-26 dBm","-92 dBm","66 dB","Beacon frame, SN=556, FN=0, Flags=........C, BI=100, SSID=""Z5319476"""
"17853","4.516302","e2:bb:15:72:70:e6","ff:ff:ff:ff:ff:ff","802.11","444","-25 dBm","-92 dBm","67 dB","Beacon frame, SN=557, FN=0, Flags=........C, BI=100, SSID=""Z5319476"""
"18168","4.618981","e2:bb:15:72:70:e6","ff:ff:ff:ff:ff:ff","802.11","444","-24 dBm","-92 dBm","68 dB","Beacon frame, SN=558, FN=0, Flags=........C, BI=100, SSID=""Z5319476"""
"18472","4.721035","e2:bb:15:72:70:e6","ff:ff:ff:ff:ff:ff","802.11","444","-26 dBm","-92 dBm","66 dB","Beacon frame, SN=559, FN=0, Flags=........C, BI=100, SSID=""Z5319476"""
"18793","4.824419","e2:bb:15:72:70:e6","ff:ff:ff:ff:ff:ff","802.11","444","-26 dBm","-92 dBm","66 dB","Beacon frame, SN=560, FN=0, Flags=........C, BI=100, SSID=""Z5319476"""
"19193","4.925947","e2:bb:15:72:70:e6","ff:ff:ff:ff:ff:ff","802.11","444","-25 dBm","-92 dBm","67 dB","Beacon frame, SN=561, FN=0, Flags=........C, BI=100, SSID=""Z5319476"""
"19802","5.028623","e2:bb:15:72:70:e6","ff:ff:ff:ff:ff:ff","802.11","444","-24 dBm","-92 dBm","68 dB","Beacon frame, SN=562, FN=0, Flags=........C, BI=100, SSID=""Z5319476"""
"20068","5.130641","e2:bb:15:72:70:e6","ff:ff:ff:ff:ff:ff","802.11","444","-27 dBm","-92 dBm","65 dB","Beacon frame, SN=563, FN=0, Flags=........C, BI=100, SSID=""Z5319476"""
"20452","5.233152","e2:bb:15:72:70:e6","ff:ff:ff:ff:ff:ff","802.11","444","-25 dBm","-92 dBm","67 dB","Beacon frame, SN=564, FN=0, Flags=........C, BI=100, SSID=""Z5319476"""
"20812","5.336076","e2:bb:15:72:70:e6","ff:ff:ff:ff:ff:ff","802.11","444","-25 dBm","-92 dBm","67 dB","Beacon frame, SN=565, FN=0, Flags=........C, BI=100, SSID=""Z5319476"""
"21153","5.438089","e2:bb:15:72:70:e6","ff:ff:ff:ff:ff:ff","802.11","444","-25 dBm","-92 dBm","67 dB","Beacon frame, SN=566, FN=0, Flags=........C, BI=100, SSID=""Z5319476"""
"21511","5.540838","e2:bb:15:72:70:e6","ff:ff:ff:ff:ff:ff","802.11","444","-25 dBm","-92 dBm","67 dB","Beacon frame, SN=567, FN=0, Flags=........C, BI=100, SSID=""Z5319476"""
"21878","5.642969","e2:bb:15:72:70:e6","ff:ff:ff:ff:ff:ff","802.11","444","-25 dBm","-92 dBm","67 dB","Beacon frame, SN=568, FN=0, Flags=........C, BI=100, SSID=""Z5319476"""
"22619","5.847695","e2:bb:15:72:70:e6","ff:ff:ff:ff:ff:ff","802.11","444","-26 dBm","-92 dBm","66 dB","Beacon frame, SN=570, FN=0, Flags=........C, BI=100, SSID=""Z5319476"""
"22993","5.950260","e2:bb:15:72:70:e6","ff:ff:ff:ff:ff:ff","802.11","444","-26 dBm","-92 dBm","66 dB","Beacon frame, SN=571, FN=0, Flags=........C, BI=100, SSID=""Z5319476"""
"23328","6.052631","e2:bb:15:72:70:e6","ff:ff:ff:ff:ff:ff","802.11","444","-24 dBm","-92 dBm","68 dB","Beacon frame, SN=572, FN=0, Flags=........C, BI=100, SSID=""Z5319476"""
"24007","6.257712","e2:bb:15:72:70:e6","ff:ff:ff:ff:ff:ff","802.11","444","-26 dBm","-92 dBm","66 dB","Beacon frame, SN=574, FN=0, Flags=........C, BI=100, SSID=""Z5319476"""
"24308","6.359892","e2:bb:15:72:70:e6","ff:ff:ff:ff:ff:ff","802.11","444","-24 dBm","-92 dBm","68 dB","Beacon frame, SN=575, FN=0, Flags=........C, BI=100, SSID=""Z5319476"""
"24650","6.463793","e2:bb:15:72:70:e6","ff:ff:ff:ff:ff:ff","802.11","444","-23 dBm","-92 dBm","69 dB","Beacon frame, SN=576, FN=0, Flags=........C, BI=100, SSID=""Z5319476"""
"25047","6.564787","e2:bb:15:72:70:e6","ff:ff:ff:ff:ff:ff","802.11","444","-26 dBm","-92 dBm","66 dB","Beacon frame, SN=577, FN=0, Flags=........C, BI=100, SSID=""Z5319476"""
"25349","6.666952","e2:bb:15:72:70:e6","ff:ff:ff:ff:ff:ff","802.11","444","-26 dBm","-92 dBm","66 dB","Beacon frame, SN=578, FN=0, Flags=........C, BI=100, SSID=""Z5319476"""
"25688","6.769384","e2:bb:15:72:70:e6","ff:ff:ff:ff:ff:ff","802.11","444","-24 dBm","-92 dBm","68 dB","Beacon frame, SN=579, FN=0, Flags=........C, BI=100, SSID=""Z5319476"""
"26057","6.872407","e2:bb:15:72:70:e6","ff:ff:ff:ff:ff:ff","802.11","444","-25 dBm","-92 dBm","67 dB","Beacon frame, SN=580, FN=0, Flags=........C, BI=100, SSID=""Z5319476"""
"26398","6.974219","e2:bb:15:72:70:e6","ff:ff:ff:ff:ff:ff","802.11","444","-25 dBm","-92 dBm","67 dB","Beacon frame, SN=581, FN=0, Flags=........C, BI=100, SSID=""Z5319476"""
"26725","7.076950","e2:bb:15:72:70:e6","ff:ff:ff:ff:ff:ff","802.11","444","-25 dBm","-92 dBm","67 dB","Beacon frame, SN=582, FN=0, Flags=........C, BI=100, SSID=""Z5319476"""
"27102","7.179088","e2:bb:15:72:70:e6","ff:ff:ff:ff:ff:ff","802.11","444","-25 dBm","-92 dBm","67 dB","Beacon frame, SN=583, FN=0, Flags=........C, BI=100, SSID=""Z5319476"""
"27439","7.281449","e2:bb:15:72:70:e6","ff:ff:ff:ff:ff:ff","802.11","444","-24 dBm","-92 dBm","68 dB","Beacon frame, SN=584, FN=0, Flags=........C, BI=100, SSID=""Z5319476"""
"27787","7.384671","e2:bb:15:72:70:e6","ff:ff:ff:ff:ff:ff","802.11","444","-26 dBm","-92 dBm","66 dB","Beacon frame, SN=585, FN=0, Flags=........C, BI=100, SSID=""Z5319476"""
"28345","7.486382","e2:bb:15:72:70:e6","ff:ff:ff:ff:ff:ff","802.11","444","-24 dBm","-92 dBm","68 dB","Beacon frame, SN=586, FN=0, Flags=........C, BI=100, SSID=""Z5319476"""
"28876","7.588818","e2:bb:15:72:70:e6","ff:ff:ff:ff:ff:ff","802.11","444","-24 dBm","-92 dBm","68 dB","Beacon frame, SN=587, FN=0, Flags=........C, BI=100, SSID=""Z5319476"""
"29465","7.691056","e2:bb:15:72:70:e6","ff:ff:ff:ff:ff:ff","802.11","444","-25 dBm","-92 dBm","67 dB","Beacon frame, SN=588, FN=0, Flags=........C, BI=100, SSID=""Z5319476"""
"30040","7.793702","e2:bb:15:72:70:e6","ff:ff:ff:ff:ff:ff","802.11","444","-23 dBm","-92 dBm","69 dB","Beacon frame, SN=589, FN=0, Flags=........C, BI=100, SSID=""Z5319476"""
"30579","7.896353","e2:bb:15:72:70:e6","ff:ff:ff:ff:ff:ff","802.11","444","-25 dBm","-92 dBm","67 dB","Beacon frame, SN=590, FN=0, Flags=........C, BI=100, SSID=""Z5319476"""
"31208","7.998430","e2:bb:15:72:70:e6","ff:ff:ff:ff:ff:ff","802.11","444","-25 dBm","-92 dBm","67 dB","Beacon frame, SN=591, FN=0, Flags=........C, BI=100, SSID=""Z5319476"""
"31649","8.100809","e2:bb:15:72:70:e6","ff:ff:ff:ff:ff:ff","802.11","444","-25 dBm","-92 dBm","67 dB","Beacon frame, SN=592, FN=0, Flags=........C, BI=100, SSID=""Z5319476"""
"31971","8.203485","e2:bb:15:72:70:e6","ff:ff:ff:ff:ff:ff","802.11","444","-25 dBm","-92 dBm","67 dB","Beacon frame, SN=593, FN=0, Flags=........C, BI=100, SSID=""Z5319476"""
"32312","8.305940","e2:bb:15:72:70:e6","ff:ff:ff:ff:ff:ff","802.11","444","-25 dBm","-92 dBm","67 dB","Beacon frame, SN=594, FN=0, Flags=........C, BI=100, SSID=""Z5319476"""
"32639","8.408386","e2:bb:15:72:70:e6","ff:ff:ff:ff:ff:ff","802.11","444","-25 dBm","-92 dBm","67 dB","Beacon frame, SN=595, FN=0, Flags=........C, BI=100, SSID=""Z5319476"""
"32971","8.510594","e2:bb:15:72:70:e6","ff:ff:ff:ff:ff:ff","802.11","444","-24 dBm","-92 dBm","68 dB","Beacon frame, SN=596, FN=0, Flags=........C, BI=100, SSID=""Z5319476"""
"33283","8.613168","e2:bb:15:72:70:e6","ff:ff:ff:ff:ff:ff","802.11","444","-23 dBm","-92 dBm","69 dB","Beacon frame, SN=597, FN=0, Flags=........C, BI=100, SSID=""Z5319476"""
"33642","8.715446","e2:bb:15:72:70:e6","ff:ff:ff:ff:ff:ff","802.11","444","-24 dBm","-92 dBm","68 dB","Beacon frame, SN=598, FN=0, Flags=........C, BI=100, SSID=""Z5319476"""
"33917","8.817814","e2:bb:15:72:70:e6","ff:ff:ff:ff:ff:ff","802.11","444","-27 dBm","-92 dBm","65 dB","Beacon frame, SN=599, FN=0, Flags=........C, BI=100, SSID=""Z5319476"""
"34273","8.920504","e2:bb:15:72:70:e6","ff:ff:ff:ff:ff:ff","802.11","444","-25 dBm","-92 dBm","67 dB","Beacon frame, SN=600, FN=0, Flags=........C, BI=100, SSID=""Z5319476"""
"34633","9.022620","e2:bb:15:72:70:e6","ff:ff:ff:ff:ff:ff","802.11","444","-27 dBm","-92 dBm","65 dB","Beacon frame, SN=601, FN=0, Flags=........C, BI=100, SSID=""Z5319476"""
"34977","9.125053","e2:bb:15:72:70:e6","ff:ff:ff:ff:ff:ff","802.11","444","-26 dBm","-92 dBm","66 dB","Beacon frame, SN=602, FN=0, Flags=........C, BI=100, SSID=""Z5319476"""
"35274","9.227498","e2:bb:15:72:70:e6","ff:ff:ff:ff:ff:ff","802.11","444","-25 dBm","-92 dBm","67 dB","Beacon frame, SN=603, FN=0, Flags=........C, BI=100, SSID=""Z5319476"""
"35607","9.329823","e2:bb:15:72:70:e6","ff:ff:ff:ff:ff:ff","802.11","444","-26 dBm","-92 dBm","66 dB","Beacon frame, SN=604, FN=0, Flags=........C, BI=100, SSID=""Z5319476"""
"35909","9.432172","e2:bb:15:72:70:e6","ff:ff:ff:ff:ff:ff","802.11","444","-25 dBm","-92 dBm","67 dB","Beacon frame, SN=605, FN=0, Flags=........C, BI=100, SSID=""Z5319476"""
"36236","9.534724","e2:bb:15:72:70:e6","ff:ff:ff:ff:ff:ff","802.11","444","-26 dBm","-92 dBm","66 dB","Beacon frame, SN=606, FN=0, Flags=........C, BI=100, SSID=""Z5319476"""
"36557","9.637887","e2:bb:15:72:70:e6","ff:ff:ff:ff:ff:ff","802.11","444","-25 dBm","-92 dBm","67 dB","Beacon frame, SN=607, FN=0, Flags=........C, BI=100, SSID=""Z5319476"""
"36852","9.739722","e2:bb:15:72:70:e6","ff:ff:ff:ff:ff:ff","802.11","444","-25 dBm","-92 dBm","67 dB","Beacon frame, SN=608, FN=0, Flags=........C, BI=100, SSID=""Z5319476"""
"37145","9.841872","e2:bb:15:72:70:e6","ff:ff:ff:ff:ff:ff","802.11","444","-25 dBm","-92 dBm","67 dB","Beacon frame, SN=609, FN=0, Flags=........C, BI=100, SSID=""Z5319476"""
"37459","9.944355","e2:bb:15:72:70:e6","ff:ff:ff:ff:ff:ff","802.11","444","-26 dBm","-92 dBm","66 dB","Beacon frame, SN=610, FN=0, Flags=........C, BI=100, SSID=""Z5319476"""
"37813","10.046717","e2:bb:15:72:70:e6","ff:ff:ff:ff:ff:ff","802.11","444","-25 dBm","-92 dBm","67 dB","Beacon frame, SN=611, FN=0, Flags=........C, BI=100, SSID=""Z5319476"""
"38141","10.149077","e2:bb:15:72:70:e6","ff:ff:ff:ff:ff:ff","802.11","444","-25 dBm","-92 dBm","67 dB","Beacon frame, SN=612, FN=0, Flags=........C, BI=100, SSID=""Z5319476"""
"38487","10.251731","e2:bb:15:72:70:e6","ff:ff:ff:ff:ff:ff","802.11","444","-25 dBm","-92 dBm","67 dB","Beacon frame, SN=613, FN=0, Flags=........C, BI=100, SSID=""Z5319476"""
"38904","10.353890","e2:bb:15:72:70:e6","ff:ff:ff:ff:ff:ff","802.11","444","-25 dBm","-92 dBm","67 dB","Beacon frame, SN=614, FN=0, Flags=........C, BI=100, SSID=""Z5319476"""
"39207","10.456331","e2:bb:15:72:70:e6","ff:ff:ff:ff:ff:ff","802.11","444","-26 dBm","-92 dBm","66 dB","Beacon frame, SN=615, FN=0, Flags=........C, BI=100, SSID=""Z5319476"""
"39510","10.558786","e2:bb:15:72:70:e6","ff:ff:ff:ff:ff:ff","802.11","444","-25 dBm","-92 dBm","67 dB","Beacon frame, SN=616, FN=0, Flags=........C, BI=100, SSID=""Z5319476"""
"39836","10.661534","e2:bb:15:72:70:e6","ff:ff:ff:ff:ff:ff","802.11","444","-25 dBm","-92 dBm","67 dB","Beacon frame, SN=617, FN=0, Flags=........C, BI=100, SSID=""Z5319476"""
"40133","10.763588","e2:bb:15:72:70:e6","ff:ff:ff:ff:ff:ff","802.11","444","-25 dBm","-92 dBm","67 dB","Beacon frame, SN=618, FN=0, Flags=........C, BI=100, SSID=""Z5319476"""
"40444","10.865943","e2:bb:15:72:70:e6","ff:ff:ff:ff:ff:ff","802.11","444","-25 dBm","-92 dBm","67 dB","Beacon frame, SN=619, FN=0, Flags=........C, BI=100, SSID=""Z5319476"""
"40750","10.968388","e2:bb:15:72:70:e6","ff:ff:ff:ff:ff:ff","802.11","444","-25 dBm","-92 dBm","67 dB","Beacon frame, SN=620, FN=0, Flags=........C, BI=100, SSID=""Z5319476"""
"41121","11.071115","e2:bb:15:72:70:e6","ff:ff:ff:ff:ff:ff","802.11","444","-25 dBm","-92 dBm","67 dB","Beacon frame, SN=621, FN=0, Flags=........C, BI=100, SSID=""Z5319476"""
"41428","11.174370","e2:bb:15:72:70:e6","ff:ff:ff:ff:ff:ff","802.11","444","-24 dBm","-92 dBm","68 dB","Beacon frame, SN=622, FN=0, Flags=........C, BI=100, SSID=""Z5319476"""
"41724","11.275662","e2:bb:15:72:70:e6","ff:ff:ff:ff:ff:ff","802.11","444","-24 dBm","-92 dBm","68 dB","Beacon frame, SN=623, FN=0, Flags=........C, BI=100, SSID=""Z5319476"""
"42049","11.378082","e2:bb:15:72:70:e6","ff:ff:ff:ff:ff:ff","802.11","444","-26 dBm","-92 dBm","66 dB","Beacon frame, SN=624, FN=0, Flags=........C, BI=100, SSID=""Z5319476"""
"42400","11.480798","e2:bb:15:72:70:e6","ff:ff:ff:ff:ff:ff","802.11","444","-26 dBm","-92 dBm","66 dB","Beacon frame, SN=625, FN=0, Flags=........C, BI=100, SSID=""Z5319476"""
"43069","11.685853","e2:bb:15:72:70:e6","ff:ff:ff:ff:ff:ff","802.11","444","-25 dBm","-92 dBm","67 dB","Beacon frame, SN=627, FN=0, Flags=........C, BI=100, SSID=""Z5319476"""
"43482","11.787830","e2:bb:15:72:70:e6","ff:ff:ff:ff:ff:ff","802.11","444","-26 dBm","-92 dBm","66 dB","Beacon frame, SN=628, FN=0, Flags=........C, BI=100, SSID=""Z5319476"""
"43800","11.891678","e2:bb:15:72:70:e6","ff:ff:ff:ff:ff:ff","802.11","444","-25 dBm","-92 dBm","67 dB","Beacon frame, SN=629, FN=0, Flags=........C, BI=100, SSID=""Z5319476"""
"44169","11.992517","e2:bb:15:72:70:e6","ff:ff:ff:ff:ff:ff","802.11","444","-25 dBm","-92 dBm","67 dB","Beacon frame, SN=630, FN=0, Flags=........C, BI=100, SSID=""Z5319476"""
"44610","12.095154","e2:bb:15:72:70:e6","ff:ff:ff:ff:ff:ff","802.11","444","-25 dBm","-92 dBm","67 dB","Beacon frame, SN=631, FN=0, Flags=........C, BI=100, SSID=""Z5319476"""
"45023","12.197455","e2:bb:15:72:70:e6","ff:ff:ff:ff:ff:ff","802.11","444","-24 dBm","-92 dBm","68 dB","Beacon frame, SN=632, FN=0, Flags=........C, BI=100, SSID=""Z5319476"""
"45649","12.402437","e2:bb:15:72:70:e6","ff:ff:ff:ff:ff:ff","802.11","444","-25 dBm","-92 dBm","67 dB","Beacon frame, SN=634, FN=0, Flags=........C, BI=100, SSID=""Z5319476"""
"46029","12.504560","e2:bb:15:72:70:e6","ff:ff:ff:ff:ff:ff","802.11","444","-26 dBm","-92 dBm","66 dB","Beacon frame, SN=635, FN=0, Flags=........C, BI=100, SSID=""Z5319476"""
"46374","12.615115","e2:bb:15:72:70:e6","ff:ff:ff:ff:ff:ff","802.11","444","-25 dBm","-92 dBm","67 dB","Beacon frame, SN=636, FN=0, Flags=........C, BI=100, SSID=""Z5319476"""
"46654","12.709674","e2:bb:15:72:70:e6","ff:ff:ff:ff:ff:ff","802.11","444","-24 dBm","-92 dBm","68 dB","Beacon frame, SN=637, FN=0, Flags=........C, BI=100, SSID=""Z5319476"""
"47036","12.811795","e2:bb:15:72:70:e6","ff:ff:ff:ff:ff:ff","802.11","444","-26 dBm","-92 dBm","66 dB","Beacon frame, SN=638, FN=0, Flags=........C, BI=100, SSID=""Z5319476"""
"47786","13.016912","e2:bb:15:72:70:e6","ff:ff:ff:ff:ff:ff","802.11","444","-24 dBm","-92 dBm","68 dB","Beacon frame, SN=640, FN=0, Flags=........C, BI=100, SSID=""Z5319476"""
"48175","13.119061","e2:bb:15:72:70:e6","ff:ff:ff:ff:ff:ff","802.11","444","-25 dBm","-92 dBm","67 dB","Beacon frame, SN=641, FN=0, Flags=........C, BI=100, SSID=""Z5319476"""
"48710","13.222910","e2:bb:15:72:70:e6","ff:ff:ff:ff:ff:ff","802.11","444","-26 dBm","-92 dBm","66 dB","Beacon frame, SN=642, FN=0, Flags=........C, BI=100, SSID=""Z5319476"""
"49152","13.323879","e2:bb:15:72:70:e6","ff:ff:ff:ff:ff:ff","802.11","444","-26 dBm","-92 dBm","66 dB","Beacon frame, SN=643, FN=0, Flags=........C, BI=100, SSID=""Z5319476"""
"49578","13.426540","e2:bb:15:72:70:e6","ff:ff:ff:ff:ff:ff","802.11","444","-26 dBm","-92 dBm","66 dB","Beacon frame, SN=644, FN=0, Flags=........C, BI=100, SSID=""Z5319476"""
"50020","13.528968","e2:bb:15:72:70:e6","ff:ff:ff:ff:ff:ff","802.11","444","-25 dBm","-92 dBm","67 dB","Beacon frame, SN=645, FN=0, Flags=........C, BI=100, SSID=""Z5319476"""
"50364","13.631055","e2:bb:15:72:70:e6","ff:ff:ff:ff:ff:ff","802.11","444","-26 dBm","-92 dBm","66 dB","Beacon frame, SN=646, FN=0, Flags=........C, BI=100, SSID=""Z5319476"""
"51051","13.835943","e2:bb:15:72:70:e6","ff:ff:ff:ff:ff:ff","802.11","444","-25 dBm","-92 dBm","67 dB","Beacon frame, SN=648, FN=0, Flags=........C, BI=100, SSID=""Z5319476"""
"51401","13.938810","e2:bb:15:72:70:e6","ff:ff:ff:ff:ff:ff","802.11","444","-25 dBm","-92 dBm","67 dB","Beacon frame, SN=649, FN=0, Flags=........C, BI=100, SSID=""Z5319476"""
"51814","14.040919","e2:bb:15:72:70:e6","ff:ff:ff:ff:ff:ff","802.11","444","-25 dBm","-92 dBm","67 dB","Beacon frame, SN=650, FN=0, Flags=........C, BI=100, SSID=""Z5319476"""
"52136","14.143473","e2:bb:15:72:70:e6","ff:ff:ff:ff:ff:ff","802.11","444","-23 dBm","-92 dBm","69 dB","Beacon frame, SN=651, FN=0, Flags=........C, BI=100, SSID=""Z5319476"""
"52589","14.245635","e2:bb:15:72:70:e6","ff:ff:ff:ff:ff:ff","802.11","444","-26 dBm","-92 dBm","66 dB","Beacon frame, SN=652, FN=0, Flags=........C, BI=100, SSID=""Z5319476"""
"52977","14.349328","e2:bb:15:72:70:e6","ff:ff:ff:ff:ff:ff","802.11","444","-25 dBm","-92 dBm","67 dB","Beacon frame, SN=653, FN=0, Flags=........C, BI=100, SSID=""Z5319476"""
"53399","14.450462","e2:bb:15:72:70:e6","ff:ff:ff:ff:ff:ff","802.11","444","-24 dBm","-92 dBm","68 dB","Beacon frame, SN=654, FN=0, Flags=........C, BI=100, SSID=""Z5319476"""
"53805","14.553042","e2:bb:15:72:70:e6","ff:ff:ff:ff:ff:ff","802.11","444","-23 dBm","-92 dBm","69 dB","Beacon frame, SN=655, FN=0, Flags=........C, BI=100, SSID=""Z5319476"""
"54179","14.655470","e2:bb:15:72:70:e6","ff:ff:ff:ff:ff:ff","802.11","444","-26 dBm","-92 dBm","66 dB","Beacon frame, SN=656, FN=0, Flags=........C, BI=100, SSID=""Z5319476"""
"54514","14.758463","e2:bb:15:72:70:e6","ff:ff:ff:ff:ff:ff","802.11","444","-24 dBm","-92 dBm","68 dB","Beacon frame, SN=657, FN=0, Flags=........C, BI=100, SSID=""Z5319476"""
"54885","14.860223","e2:bb:15:72:70:e6","ff:ff:ff:ff:ff:ff","802.11","444","-24 dBm","-92 dBm","68 dB","Beacon frame, SN=658, FN=0, Flags=........C, BI=100, SSID=""Z5319476"""
"55558","15.065450","e2:bb:15:72:70:e6","ff:ff:ff:ff:ff:ff","802.11","444","-25 dBm","-92 dBm","67 dB","Beacon frame, SN=660, FN=0, Flags=........C, BI=100, SSID=""Z5319476"""
"55823","15.167277","e2:bb:15:72:70:e6","ff:ff:ff:ff:ff:ff","802.11","444","-23 dBm","-92 dBm","69 dB","Beacon frame, SN=661, FN=0, Flags=........C, BI=100, SSID=""Z5319476"""
"56077","15.269857","e2:bb:15:72:70:e6","ff:ff:ff:ff:ff:ff","802.11","444","-25 dBm","-92 dBm","67 dB","Beacon frame, SN=662, FN=0, Flags=........C, BI=100, SSID=""Z5319476"""
"56378","15.371997","e2:bb:15:72:70:e6","ff:ff:ff:ff:ff:ff","802.11","444","-26 dBm","-92 dBm","66 dB","Beacon frame, SN=663, FN=0, Flags=........C, BI=100, SSID=""Z5319476"""
"56745","15.476087","e2:bb:15:72:70:e6","ff:ff:ff:ff:ff:ff","802.11","444","-24 dBm","-92 dBm","68 dB","Beacon frame, SN=664, FN=0, Flags=........C, BI=100, SSID=""Z5319476"""
"57068","15.578349","e2:bb:15:72:70:e6","ff:ff:ff:ff:ff:ff","802.11","444","-25 dBm","-92 dBm","67 dB","Beacon frame, SN=665, FN=0, Flags=........C, BI=100, SSID=""Z5319476"""
"57408","15.679027","e2:bb:15:72:70:e6","ff:ff:ff:ff:ff:ff","802.11","444","-25 dBm","-92 dBm","67 dB","Beacon frame, SN=666, FN=0, Flags=........C, BI=100, SSID=""Z5319476"""
"57744","15.781891","e2:bb:15:72:70:e6","ff:ff:ff:ff:ff:ff","802.11","444","-27 dBm","-92 dBm","65 dB","Beacon frame, SN=667, FN=0, Flags=........C, BI=100, SSID=""Z5319476"""
"58159","15.886124","e2:bb:15:72:70:e6","ff:ff:ff:ff:ff:ff","802.11","444","-24 dBm","-92 dBm","68 dB","Beacon frame, SN=668, FN=0, Flags=........C, BI=100, SSID=""Z5319476"""
"58988","16.089214","e2:bb:15:72:70:e6","ff:ff:ff:ff:ff:ff","802.11","444","-25 dBm","-92 dBm","67 dB","Beacon frame, SN=670, FN=0, Flags=........C, BI=100, SSID=""Z5319476"""
"59558","16.296899","e2:bb:15:72:70:e6","ff:ff:ff:ff:ff:ff","802.11","444","-25 dBm","-92 dBm","67 dB","Beacon frame, SN=672, FN=0, Flags=........C, BI=100, SSID=""Z5319476"""
"59905","16.396132","e2:bb:15:72:70:e6","ff:ff:ff:ff:ff:ff","802.11","444","-24 dBm","-92 dBm","68 dB","Beacon frame, SN=673, FN=0, Flags=........C, BI=100, SSID=""Z5319476"""
"60277","16.498196","e2:bb:15:72:70:e6","ff:ff:ff:ff:ff:ff","802.11","444","-26 dBm","-92 dBm","66 dB","Beacon frame, SN=674, FN=0, Flags=........C, BI=100, SSID=""Z5319476"""
"60616","16.601057","e2:bb:15:72:70:e6","ff:ff:ff:ff:ff:ff","802.11","444","-25 dBm","-92 dBm","67 dB","Beacon frame, SN=675, FN=0, Flags=........C, BI=100, SSID=""Z5319476"""
"61019","16.703294","e2:bb:15:72:70:e6","ff:ff:ff:ff:ff:ff","802.11","444","-24 dBm","-92 dBm","68 dB","Beacon frame, SN=676, FN=0, Flags=........C, BI=100, SSID=""Z5319476"""
"61446","16.805770","e2:bb:15:72:70:e6","ff:ff:ff:ff:ff:ff","802.11","444","-25 dBm","-92 dBm","67 dB","Beacon frame, SN=677, FN=0, Flags=........C, BI=100, SSID=""Z5319476"""
"61816","16.908628","e2:bb:15:72:70:e6","ff:ff:ff:ff:ff:ff","802.11","444","-26 dBm","-92 dBm","66 dB","Beacon frame, SN=678, FN=0, Flags=........C, BI=100, SSID=""Z5319476"""
"62268","17.010777","e2:bb:15:72:70:e6","ff:ff:ff:ff:ff:ff","802.11","444","-23 dBm","-92 dBm","69 dB","Beacon frame, SN=679, FN=0, Flags=........C, BI=100, SSID=""Z5319476"""
"62692","17.116566","e2:bb:15:72:70:e6","ff:ff:ff:ff:ff:ff","802.11","444","-25 dBm","-92 dBm","67 dB","Beacon frame, SN=680, FN=0, Flags=........C, BI=100, SSID=""Z5319476"""
"63148","17.215251","e2:bb:15:72:70:e6","ff:ff:ff:ff:ff:ff","802.11","444","-26 dBm","-92 dBm","66 dB","Beacon frame, SN=681, FN=0, Flags=........C, BI=100, SSID=""Z5319476"""
"63557","17.319562","e2:bb:15:72:70:e6","ff:ff:ff:ff:ff:ff","802.11","444","-23 dBm","-92 dBm","69 dB","Beacon frame, SN=682, FN=0, Flags=........C, BI=100, SSID=""Z5319476"""
"63937","17.420553","e2:bb:15:72:70:e6","ff:ff:ff:ff:ff:ff","802.11","444","-24 dBm","-92 dBm","68 dB","Beacon frame, SN=683, FN=0, Flags=........C, BI=100, SSID=""Z5319476"""
"64222","17.524958","e2:bb:15:72:70:e6","ff:ff:ff:ff:ff:ff","802.11","444","-25 dBm","-92 dBm","67 dB","Beacon frame, SN=684, FN=0, Flags=........C, BI=100, SSID=""Z5319476"""
"64532","17.625213","e2:bb:15:72:70:e6","ff:ff:ff:ff:ff:ff","802.11","444","-26 dBm","-92 dBm","66 dB","Beacon frame, SN=685, FN=0, Flags=........C, BI=100, SSID=""Z5319476"""
"64854","17.727709","e2:bb:15:72:70:e6","ff:ff:ff:ff:ff:ff","802.11","444","-23 dBm","-92 dBm","69 dB","Beacon frame, SN=686, FN=0, Flags=........C, BI=100, SSID=""Z5319476"""
"65221","17.832024","e2:bb:15:72:70:e6","ff:ff:ff:ff:ff:ff","802.11","444","-24 dBm","-92 dBm","68 dB","Beacon frame, SN=687, FN=0, Flags=........C, BI=100, SSID=""Z5319476"""
"65682","17.932602","e2:bb:15:72:70:e6","ff:ff:ff:ff:ff:ff","802.11","444","-26 dBm","-92 dBm","66 dB","Beacon frame, SN=688, FN=0, Flags=........C, BI=100, SSID=""Z5319476"""
"66152","18.034818","e2:bb:15:72:70:e6","ff:ff:ff:ff:ff:ff","802.11","444","-24 dBm","-92 dBm","68 dB","Beacon frame, SN=689, FN=0, Flags=........C, BI=100, SSID=""Z5319476"""
"66583","18.137057","e2:bb:15:72:70:e6","ff:ff:ff:ff:ff:ff","802.11","444","-24 dBm","-92 dBm","68 dB","Beacon frame, SN=690, FN=0, Flags=........C, BI=100, SSID=""Z5319476"""
"67128","18.239466","e2:bb:15:72:70:e6","ff:ff:ff:ff:ff:ff","802.11","444","-23 dBm","-92 dBm","69 dB","Beacon frame, SN=691, FN=0, Flags=........C, BI=100, SSID=""Z5319476"""
"67937","18.444892","e2:bb:15:72:70:e6","ff:ff:ff:ff:ff:ff","802.11","444","-24 dBm","-92 dBm","68 dB","Beacon frame, SN=693, FN=0, Flags=........C, BI=100, SSID=""Z5319476"""
"68309","18.547034","e2:bb:15:72:70:e6","ff:ff:ff:ff:ff:ff","802.11","444","-24 dBm","-92 dBm","68 dB","Beacon frame, SN=694, FN=0, Flags=........C, BI=100, SSID=""Z5319476"""
"68625","18.649040","e2:bb:15:72:70:e6","ff:ff:ff:ff:ff:ff","802.11","444","-24 dBm","-92 dBm","68 dB","Beacon frame, SN=695, FN=0, Flags=........C, BI=100, SSID=""Z5319476"""
"69021","18.751394","e2:bb:15:72:70:e6","ff:ff:ff:ff:ff:ff","802.11","444","-26 dBm","-92 dBm","66 dB","Beacon frame, SN=696, FN=0, Flags=........C, BI=100, SSID=""Z5319476"""
"69474","18.854416","e2:bb:15:72:70:e6","ff:ff:ff:ff:ff:ff","802.11","444","-25 dBm","-92 dBm","67 dB","Beacon frame, SN=697, FN=0, Flags=........C, BI=100, SSID=""Z5319476"""
"69901","18.956704","e2:bb:15:72:70:e6","ff:ff:ff:ff:ff:ff","802.11","444","-24 dBm","-92 dBm","68 dB","Beacon frame, SN=698, FN=0, Flags=........C, BI=100, SSID=""Z5319476"""
"70366","19.058983","e2:bb:15:72:70:e6","ff:ff:ff:ff:ff:ff","802.11","444","-26 dBm","-92 dBm","66 dB","Beacon frame, SN=699, FN=0, Flags=........C, BI=100, SSID=""Z5319476"""
"70684","19.162174","e2:bb:15:72:70:e6","ff:ff:ff:ff:ff:ff","802.11","444","-24 dBm","-92 dBm","68 dB","Beacon frame, SN=700, FN=0, Flags=........C, BI=100, SSID=""Z5319476"""
"71062","19.264083","e2:bb:15:72:70:e6","ff:ff:ff:ff:ff:ff","802.11","444","-23 dBm","-92 dBm","69 dB","Beacon frame, SN=701, FN=0, Flags=........C, BI=100, SSID=""Z5319476"""
"71440","19.365989","e2:bb:15:72:70:e6","ff:ff:ff:ff:ff:ff","802.11","444","-25 dBm","-92 dBm","67 dB","Beacon frame, SN=702, FN=0, Flags=........C, BI=100, SSID=""Z5319476"""
"71918","19.468405","e2:bb:15:72:70:e6","ff:ff:ff:ff:ff:ff","802.11","444","-24 dBm","-92 dBm","68 dB","Beacon frame, SN=703, FN=0, Flags=........C, BI=100, SSID=""Z5319476"""
"72336","19.571471","e2:bb:15:72:70:e6","ff:ff:ff:ff:ff:ff","802.11","444","-24 dBm","-92 dBm","68 dB","Beacon frame, SN=704, FN=0, Flags=........C, BI=100, SSID=""Z5319476"""
"72751","19.673198","e2:bb:15:72:70:e6","ff:ff:ff:ff:ff:ff","802.11","444","-23 dBm","-92 dBm","69 dB","Beacon frame, SN=705, FN=0, Flags=........C, BI=100, SSID=""Z5319476"""
"73190","19.776406","e2:bb:15:72:70:e6","ff:ff:ff:ff:ff:ff","802.11","444","-26 dBm","-92 dBm","66 dB","Beacon frame, SN=706, FN=0, Flags=........C, BI=100, SSID=""Z5319476"""
"73743","19.878203","e2:bb:15:72:70:e6","ff:ff:ff:ff:ff:ff","802.11","444","-23 dBm","-92 dBm","69 dB","Beacon frame, SN=707, FN=0, Flags=........C, BI=100, SSID=""Z5319476"""
"74663","20.082715","e2:bb:15:72:70:e6","ff:ff:ff:ff:ff:ff","802.11","444","-24 dBm","-92 dBm","68 dB","Beacon frame, SN=709, FN=0, Flags=........C, BI=100, SSID=""Z5319476"""
"75025","20.185190","e2:bb:15:72:70:e6","ff:ff:ff:ff:ff:ff","802.11","444","-24 dBm","-92 dBm","68 dB","Beacon frame, SN=710, FN=0, Flags=........C, BI=100, SSID=""Z5319476"""
"75447","20.287559","e2:bb:15:72:70:e6","ff:ff:ff:ff:ff:ff","802.11","444","-24 dBm","-92 dBm","68 dB","Beacon frame, SN=711, FN=0, Flags=........C, BI=100, SSID=""Z5319476"""
"75835","20.390494","e2:bb:15:72:70:e6","ff:ff:ff:ff:ff:ff","802.11","444","-24 dBm","-92 dBm","68 dB","Beacon frame, SN=712, FN=0, Flags=........C, BI=100, SSID=""Z5319476"""
"76209","20.492667","e2:bb:15:72:70:e6","ff:ff:ff:ff:ff:ff","802.11","444","-25 dBm","-92 dBm","67 dB","Beacon frame, SN=713, FN=0, Flags=........C, BI=100, SSID=""Z5319476"""
"76577","20.595127","e2:bb:15:72:70:e6","ff:ff:ff:ff:ff:ff","802.11","444","-24 dBm","-92 dBm","68 dB","Beacon frame, SN=714, FN=0, Flags=........C, BI=100, SSID=""Z5319476"""
"76976","20.697218","e2:bb:15:72:70:e6","ff:ff:ff:ff:ff:ff","802.11","444","-25 dBm","-92 dBm","67 dB","Beacon frame, SN=715, FN=0, Flags=........C, BI=100, SSID=""Z5319476"""
"77330","20.799755","e2:bb:15:72:70:e6","ff:ff:ff:ff:ff:ff","802.11","444","-23 dBm","-92 dBm","69 dB","Beacon frame, SN=716, FN=0, Flags=........C, BI=100, SSID=""Z5319476"""
"77784","20.902429","e2:bb:15:72:70:e6","ff:ff:ff:ff:ff:ff","802.11","444","-25 dBm","-92 dBm","67 dB","Beacon frame, SN=717, FN=0, Flags=........C, BI=100, SSID=""Z5319476"""
"78101","21.004716","e2:bb:15:72:70:e6","ff:ff:ff:ff:ff:ff","802.11","444","-26 dBm","-92 dBm","66 dB","Beacon frame, SN=718, FN=0, Flags=........C, BI=100, SSID=""Z5319476"""
"78459","21.107063","e2:bb:15:72:70:e6","ff:ff:ff:ff:ff:ff","802.11","444","-24 dBm","-92 dBm","68 dB","Beacon frame, SN=719, FN=0, Flags=........C, BI=100, SSID=""Z5319476"""
"78807","21.209372","e2:bb:15:72:70:e6","ff:ff:ff:ff:ff:ff","802.11","444","-24 dBm","-92 dBm","68 dB","Beacon frame, SN=720, FN=0, Flags=........C, BI=100, SSID=""Z5319476"""
"79121","21.313540","e2:bb:15:72:70:e6","ff:ff:ff:ff:ff:ff","802.11","444","-23 dBm","-92 dBm","69 dB","Beacon frame, SN=721, FN=0, Flags=........C, BI=100, SSID=""Z5319476"""
"79465","21.414425","e2:bb:15:72:70:e6","ff:ff:ff:ff:ff:ff","802.11","444","-24 dBm","-92 dBm","68 dB","Beacon frame, SN=722, FN=0, Flags=........C, BI=100, SSID=""Z5319476"""
"79851","21.516952","e2:bb:15:72:70:e6","ff:ff:ff:ff:ff:ff","802.11","444","-24 dBm","-92 dBm","68 dB","Beacon frame, SN=723, FN=0, Flags=........C, BI=100, SSID=""Z5319476"""
"80385","21.619051","e2:bb:15:72:70:e6","ff:ff:ff:ff:ff:ff","802.11","444","-26 dBm","-92 dBm","66 dB","Beacon frame, SN=724, FN=0, Flags=........C, BI=100, SSID=""Z5319476"""
"80796","21.721243","e2:bb:15:72:70:e6","ff:ff:ff:ff:ff:ff","802.11","444","-25 dBm","-92 dBm","67 dB","Beacon frame, SN=725, FN=0, Flags=........C, BI=100, SSID=""Z5319476"""
"81117","21.823688","e2:bb:15:72:70:e6","ff:ff:ff:ff:ff:ff","802.11","444","-25 dBm","-92 dBm","67 dB","Beacon frame, SN=726, FN=0, Flags=........C, BI=100, SSID=""Z5319476"""
"81494","21.926299","e2:bb:15:72:70:e6","ff:ff:ff:ff:ff:ff","802.11","444","-26 dBm","-92 dBm","66 dB","Beacon frame, SN=727, FN=0, Flags=........C, BI=100, SSID=""Z5319476"""
"81794","22.028763","e2:bb:15:72:70:e6","ff:ff:ff:ff:ff:ff","802.11","444","-26 dBm","-92 dBm","66 dB","Beacon frame, SN=728, FN=0, Flags=........C, BI=100, SSID=""Z5319476"""
"82151","22.132336","e2:bb:15:72:70:e6","ff:ff:ff:ff:ff:ff","802.11","444","-24 dBm","-92 dBm","68 dB","Beacon frame, SN=729, FN=0, Flags=........C, BI=100, SSID=""Z5319476"""
"82482","22.233441","e2:bb:15:72:70:e6","ff:ff:ff:ff:ff:ff","802.11","444","-24 dBm","-92 dBm","68 dB","Beacon frame, SN=730, FN=0, Flags=........C, BI=100, SSID=""Z5319476"""
"82947","22.335543","e2:bb:15:72:70:e6","ff:ff:ff:ff:ff:ff","802.11","444","-26 dBm","-92 dBm","66 dB","Beacon frame, SN=731, FN=0, Flags=........C, BI=100, SSID=""Z5319476"""
"83336","22.438814","e2:bb:15:72:70:e6","ff:ff:ff:ff:ff:ff","802.11","444","-24 dBm","-92 dBm","68 dB","Beacon frame, SN=732, FN=0, Flags=........C, BI=100, SSID=""Z5319476"""
"83696","22.540752","e2:bb:15:72:70:e6","ff:ff:ff:ff:ff:ff","802.11","444","-24 dBm","-92 dBm","68 dB","Beacon frame, SN=733, FN=0, Flags=........C, BI=100, SSID=""Z5319476"""
"84028","22.643139","e2:bb:15:72:70:e6","ff:ff:ff:ff:ff:ff","802.11","444","-24 dBm","-92 dBm","68 dB","Beacon frame, SN=734, FN=0, Flags=........C, BI=100, SSID=""Z5319476"""
"84347","22.745300","e2:bb:15:72:70:e6","ff:ff:ff:ff:ff:ff","802.11","444","-25 dBm","-92 dBm","67 dB","Beacon frame, SN=735, FN=0, Flags=........C, BI=100, SSID=""Z5319476"""
"84735","22.848053","e2:bb:15:72:70:e6","ff:ff:ff:ff:ff:ff","802.11","444","-24 dBm","-92 dBm","68 dB","Beacon frame, SN=736, FN=0, Flags=........C, BI=100, SSID=""Z5319476"""
"85189","22.950421","e2:bb:15:72:70:e6","ff:ff:ff:ff:ff:ff","802.11","444","-25 dBm","-92 dBm","67 dB","Beacon frame, SN=737, FN=0, Flags=........C, BI=100, SSID=""Z5319476"""
"85532","23.052801","e2:bb:15:72:70:e6","ff:ff:ff:ff:ff:ff","802.11","444","-25 dBm","-92 dBm","67 dB","Beacon frame, SN=738, FN=0, Flags=........C, BI=100, SSID=""Z5319476"""
"85809","23.155436","e2:bb:15:72:70:e6","ff:ff:ff:ff:ff:ff","802.11","444","-25 dBm","-92 dBm","67 dB","Beacon frame, SN=739, FN=0, Flags=........C, BI=100, SSID=""Z5319476"""
"86202","23.257564","e2:bb:15:72:70:e6","ff:ff:ff:ff:ff:ff","802.11","444","-26 dBm","-92 dBm","66 dB","Beacon frame, SN=740, FN=0, Flags=........C, BI=100, SSID=""Z5319476"""
"86575","23.359799","e2:bb:15:72:70:e6","ff:ff:ff:ff:ff:ff","802.11","444","-26 dBm","-92 dBm","66 dB","Beacon frame, SN=741, FN=0, Flags=........C, BI=100, SSID=""Z5319476"""
"86988","23.462223","e2:bb:15:72:70:e6","ff:ff:ff:ff:ff:ff","802.11","444","-26 dBm","-92 dBm","66 dB","Beacon frame, SN=742, FN=0, Flags=........C, BI=100, SSID=""Z5319476"""
"87389","23.564803","e2:bb:15:72:70:e6","ff:ff:ff:ff:ff:ff","802.11","444","-26 dBm","-92 dBm","66 dB","Beacon frame, SN=743, FN=0, Flags=........C, BI=100, SSID=""Z5319476"""
"87686","23.666939","e2:bb:15:72:70:e6","ff:ff:ff:ff:ff:ff","802.11","444","-26 dBm","-92 dBm","66 dB","Beacon frame, SN=744, FN=0, Flags=........C, BI=100, SSID=""Z5319476"""
"87996","23.769793","e2:bb:15:72:70:e6","ff:ff:ff:ff:ff:ff","802.11","444","-26 dBm","-92 dBm","66 dB","Beacon frame, SN=745, FN=0, Flags=........C, BI=100, SSID=""Z5319476"""
"88293","23.872036","e2:bb:15:72:70:e6","ff:ff:ff:ff:ff:ff","802.11","444","-23 dBm","-92 dBm","69 dB","Beacon frame, SN=746, FN=0, Flags=........C, BI=100, SSID=""Z5319476"""
"88659","23.974428","e2:bb:15:72:70:e6","ff:ff:ff:ff:ff:ff","802.11","444","-23 dBm","-92 dBm","69 dB","Beacon frame, SN=747, FN=0, Flags=........C, BI=100, SSID=""Z5319476"""
"89021","24.077013","e2:bb:15:72:70:e6","ff:ff:ff:ff:ff:ff","802.11","444","-25 dBm","-92 dBm","67 dB","Beacon frame, SN=748, FN=0, Flags=........C, BI=100, SSID=""Z5319476"""
"89357","24.179157","e2:bb:15:72:70:e6","ff:ff:ff:ff:ff:ff","802.11","444","-25 dBm","-92 dBm","67 dB","Beacon frame, SN=749, FN=0, Flags=........C, BI=100, SSID=""Z5319476"""
"89679","24.281440","e2:bb:15:72:70:e6","ff:ff:ff:ff:ff:ff","802.11","444","-24 dBm","-92 dBm","68 dB","Beacon frame, SN=750, FN=0, Flags=........C, BI=100, SSID=""Z5319476"""
"89985","24.384111","e2:bb:15:72:70:e6","ff:ff:ff:ff:ff:ff","802.11","444","-24 dBm","-92 dBm","68 dB","Beacon frame, SN=751, FN=0, Flags=........C, BI=100, SSID=""Z5319476"""
"90331","24.486192","e2:bb:15:72:70:e6","ff:ff:ff:ff:ff:ff","802.11","444","-25 dBm","-92 dBm","67 dB","Beacon frame, SN=752, FN=0, Flags=........C, BI=100, SSID=""Z5319476"""
"90769","24.588960","e2:bb:15:72:70:e6","ff:ff:ff:ff:ff:ff","802.11","444","-26 dBm","-92 dBm","66 dB","Beacon frame, SN=753, FN=0, Flags=........C, BI=100, SSID=""Z5319476"""
"91104","24.691056","e2:bb:15:72:70:e6","ff:ff:ff:ff:ff:ff","802.11","444","-23 dBm","-92 dBm","69 dB","Beacon frame, SN=754, FN=0, Flags=........C, BI=100, SSID=""Z5319476"""
"91401","24.794507","e2:bb:15:72:70:e6","ff:ff:ff:ff:ff:ff","802.11","444","-23 dBm","-92 dBm","69 dB","Beacon frame, SN=755, FN=0, Flags=........C, BI=100, SSID=""Z5319476"""
"92064","24.999075","e2:bb:15:72:70:e6","ff:ff:ff:ff:ff:ff","802.11","444","-25 dBm","-92 dBm","67 dB","Beacon frame, SN=757, FN=0, Flags=........C, BI=100, SSID=""Z5319476"""
"92409","25.100906","e2:bb:15:72:70:e6","ff:ff:ff:ff:ff:ff","802.11","444","-25 dBm","-92 dBm","67 dB","Beacon frame, SN=758, FN=0, Flags=........C, BI=100, SSID=""Z5319476"""
"92829","25.203136","e2:bb:15:72:70:e6","ff:ff:ff:ff:ff:ff","802.11","444","-25 dBm","-92 dBm","67 dB","Beacon frame, SN=759, FN=0, Flags=........C, BI=100, SSID=""Z5319476"""
"93173","25.306306","e2:bb:15:72:70:e6","ff:ff:ff:ff:ff:ff","802.11","444","-25 dBm","-92 dBm","67 dB","Beacon frame, SN=760, FN=0, Flags=........C, BI=100, SSID=""Z5319476"""
"93533","25.407917","e2:bb:15:72:70:e6","ff:ff:ff:ff:ff:ff","802.11","444","-25 dBm","-92 dBm","67 dB","Beacon frame, SN=761, FN=0, Flags=........C, BI=100, SSID=""Z5319476"""
"93910","25.510205","e2:bb:15:72:70:e6","ff:ff:ff:ff:ff:ff","802.11","444","-23 dBm","-92 dBm","69 dB","Beacon frame, SN=762, FN=0, Flags=........C, BI=100, SSID=""Z5319476"""
"94276","25.613315","e2:bb:15:72:70:e6","ff:ff:ff:ff:ff:ff","802.11","444","-25 dBm","-92 dBm","67 dB","Beacon frame, SN=763, FN=0, Flags=........C, BI=100, SSID=""Z5319476"""
"94652","25.715704","e2:bb:15:72:70:e6","ff:ff:ff:ff:ff:ff","802.11","444","-26 dBm","-92 dBm","66 dB","Beacon frame, SN=764, FN=0, Flags=........C, BI=100, SSID=""Z5319476"""
"94976","25.817842","e2:bb:15:72:70:e6","ff:ff:ff:ff:ff:ff","802.11","444","-26 dBm","-92 dBm","66 dB","Beacon frame, SN=765, FN=0, Flags=........C, BI=100, SSID=""Z5319476"""
"95325","25.920190","e2:bb:15:72:70:e6","ff:ff:ff:ff:ff:ff","802.11","444","-25 dBm","-92 dBm","67 dB","Beacon frame, SN=766, FN=0, Flags=........C, BI=100, SSID=""Z5319476"""
"95659","26.022493","e2:bb:15:72:70:e6","ff:ff:ff:ff:ff:ff","802.11","444","-24 dBm","-92 dBm","68 dB","Beacon frame, SN=767, FN=0, Flags=........C, BI=100, SSID=""Z5319476"""
"96004","26.127017","e2:bb:15:72:70:e6","ff:ff:ff:ff:ff:ff","802.11","444","-25 dBm","-92 dBm","67 dB","Beacon frame, SN=768, FN=0, Flags=........C, BI=100, SSID=""Z5319476"""
"96325","26.226759","e2:bb:15:72:70:e6","ff:ff:ff:ff:ff:ff","802.11","444","-25 dBm","-92 dBm","67 dB","Beacon frame, SN=769, FN=0, Flags=........C, BI=100, SSID=""Z5319476"""
"96632","26.329442","e2:bb:15:72:70:e6","ff:ff:ff:ff:ff:ff","802.11","444","-25 dBm","-92 dBm","67 dB","Beacon frame, SN=770, FN=0, Flags=........C, BI=100, SSID=""Z5319476"""
"97184","26.534524","e2:bb:15:72:70:e6","ff:ff:ff:ff:ff:ff","802.11","444","-26 dBm","-92 dBm","66 dB","Beacon frame, SN=772, FN=0, Flags=........C, BI=100, SSID=""Z5319476"""
"97509","26.636696","e2:bb:15:72:70:e6","ff:ff:ff:ff:ff:ff","802.11","444","-26 dBm","-92 dBm","66 dB","Beacon frame, SN=773, FN=0, Flags=........C, BI=100, SSID=""Z5319476"""
"97810","26.739596","e2:bb:15:72:70:e6","ff:ff:ff:ff:ff:ff","802.11","444","-26 dBm","-92 dBm","66 dB","Beacon frame, SN=774, FN=0, Flags=........C, BI=100, SSID=""Z5319476"""
"98161","26.841835","e2:bb:15:72:70:e6","ff:ff:ff:ff:ff:ff","802.11","444","-26 dBm","-92 dBm","66 dB","Beacon frame, SN=775, FN=0, Flags=........C, BI=100, SSID=""Z5319476"""
"98797","27.046340","e2:bb:15:72:70:e6","ff:ff:ff:ff:ff:ff","802.11","444","-26 dBm","-92 dBm","66 dB","Beacon frame, SN=777, FN=0, Flags=........C, BI=100, SSID=""Z5319476"""
"99153","27.148660","e2:bb:15:72:70:e6","ff:ff:ff:ff:ff:ff","802.11","444","-26 dBm","-92 dBm","66 dB","Beacon frame, SN=778, FN=0, Flags=........C, BI=100, SSID=""Z5319476"""
"99469","27.251437","e2:bb:15:72:70:e6","ff:ff:ff:ff:ff:ff","802.11","444","-24 dBm","-92 dBm","68 dB","Beacon frame, SN=779, FN=0, Flags=........C, BI=100, SSID=""Z5319476"""
"99855","27.353704","e2:bb:15:72:70:e6","ff:ff:ff:ff:ff:ff","802.11","444","-24 dBm","-92 dBm","68 dB","Beacon frame, SN=780, FN=0, Flags=........C, BI=100, SSID=""Z5319476"""
"100226","27.455984","e2:bb:15:72:70:e6","ff:ff:ff:ff:ff:ff","802.11","444","-26 dBm","-92 dBm","66 dB","Beacon frame, SN=781, FN=0, Flags=........C, BI=100, SSID=""Z5319476"""
"100550","27.558789","e2:bb:15:72:70:e6","ff:ff:ff:ff:ff:ff","802.11","444","-24 dBm","-92 dBm","68 dB","Beacon frame, SN=782, FN=0, Flags=........C, BI=100, SSID=""Z5319476"""
"100863","27.660927","e2:bb:15:72:70:e6","ff:ff:ff:ff:ff:ff","802.11","444","-23 dBm","-92 dBm","69 dB","Beacon frame, SN=783, FN=0, Flags=........C, BI=100, SSID=""Z5319476"""
"101218","27.764413","e2:bb:15:72:70:e6","ff:ff:ff:ff:ff:ff","802.11","444","-23 dBm","-92 dBm","69 dB","Beacon frame, SN=784, FN=0, Flags=........C, BI=100, SSID=""Z5319476"""
"101509","27.865753","e2:bb:15:72:70:e6","ff:ff:ff:ff:ff:ff","802.11","444","-25 dBm","-92 dBm","67 dB","Beacon frame, SN=785, FN=0, Flags=........C, BI=100, SSID=""Z5319476"""
"101915","27.967958","e2:bb:15:72:70:e6","ff:ff:ff:ff:ff:ff","802.11","444","-24 dBm","-92 dBm","68 dB","Beacon frame, SN=786, FN=0, Flags=........C, BI=100, SSID=""Z5319476"""
"102317","28.070272","e2:bb:15:72:70:e6","ff:ff:ff:ff:ff:ff","802.11","444","-26 dBm","-92 dBm","66 dB","Beacon frame, SN=787, FN=0, Flags=........C, BI=100, SSID=""Z5319476"""
"103160","28.275776","e2:bb:15:72:70:e6","ff:ff:ff:ff:ff:ff","802.11","444","-24 dBm","-92 dBm","68 dB","Beacon frame, SN=789, FN=0, Flags=........C, BI=100, SSID=""Z5319476"""
"103517","28.377804","e2:bb:15:72:70:e6","ff:ff:ff:ff:ff:ff","802.11","444","-23 dBm","-92 dBm","69 dB","Beacon frame, SN=790, FN=0, Flags=........C, BI=100, SSID=""Z5319476"""
"104179","28.582313","e2:bb:15:72:70:e6","ff:ff:ff:ff:ff:ff","802.11","444","-26 dBm","-92 dBm","66 dB","Beacon frame, SN=792, FN=0, Flags=........C, BI=100, SSID=""Z5319476"""
"104438","28.684852","e2:bb:15:72:70:e6","ff:ff:ff:ff:ff:ff","802.11","444","-26 dBm","-92 dBm","66 dB","Beacon frame, SN=793, FN=0, Flags=........C, BI=100, SSID=""Z5319476"""
"104744","28.787046","e2:bb:15:72:70:e6","ff:ff:ff:ff:ff:ff","802.11","444","-24 dBm","-92 dBm","68 dB","Beacon frame, SN=794, FN=0, Flags=........C, BI=100, SSID=""Z5319476"""
"105017","28.889444","e2:bb:15:72:70:e6","ff:ff:ff:ff:ff:ff","802.11","444","-25 dBm","-92 dBm","67 dB","Beacon frame, SN=795, FN=0, Flags=........C, BI=100, SSID=""Z5319476"""
"105410","28.992672","e2:bb:15:72:70:e6","ff:ff:ff:ff:ff:ff","802.11","444","-25 dBm","-92 dBm","67 dB","Beacon frame, SN=796, FN=0, Flags=........C, BI=100, SSID=""Z5319476"""
"106155","29.196808","e2:bb:15:72:70:e6","ff:ff:ff:ff:ff:ff","802.11","444","-24 dBm","-92 dBm","68 dB","Beacon frame, SN=798, FN=0, Flags=........C, BI=100, SSID=""Z5319476"""
"106426","29.299378","e2:bb:15:72:70:e6","ff:ff:ff:ff:ff:ff","802.11","444","-26 dBm","-92 dBm","66 dB","Beacon frame, SN=799, FN=0, Flags=........C, BI=100, SSID=""Z5319476"""
"106710","29.401751","e2:bb:15:72:70:e6","ff:ff:ff:ff:ff:ff","802.11","444","-24 dBm","-92 dBm","68 dB","Beacon frame, SN=800, FN=0, Flags=........C, BI=100, SSID=""Z5319476"""
"107022","29.504269","e2:bb:15:72:70:e6","ff:ff:ff:ff:ff:ff","802.11","444","-24 dBm","-92 dBm","68 dB","Beacon frame, SN=801, FN=0, Flags=........C, BI=100, SSID=""Z5319476"""
"107373","29.606669","e2:bb:15:72:70:e6","ff:ff:ff:ff:ff:ff","802.11","444","-26 dBm","-92 dBm","66 dB","Beacon frame, SN=802, FN=0, Flags=........C, BI=100, SSID=""Z5319476"""
"107705","29.709285","e2:bb:15:72:70:e6","ff:ff:ff:ff:ff:ff","802.11","444","-26 dBm","-92 dBm","66 dB","Beacon frame, SN=803, FN=0, Flags=........C, BI=100, SSID=""Z5319476"""
"108096","29.811399","e2:bb:15:72:70:e6","ff:ff:ff:ff:ff:ff","802.11","444","-25 dBm","-92 dBm","67 dB","Beacon frame, SN=804, FN=0, Flags=........C, BI=100, SSID=""Z5319476"""
"108458","29.917489","e2:bb:15:72:70:e6","ff:ff:ff:ff:ff:ff","802.11","444","-25 dBm","-92 dBm","67 dB","Beacon frame, SN=805, FN=0, Flags=........C, BI=100, SSID=""Z5319476"""
"108751","30.016128","e2:bb:15:72:70:e6","ff:ff:ff:ff:ff:ff","802.11","444","-26 dBm","-92 dBm","66 dB","Beacon frame, SN=806, FN=0, Flags=........C, BI=100, SSID=""Z5319476"""
"109053","30.119181","e2:bb:15:72:70:e6","ff:ff:ff:ff:ff:ff","802.11","444","-24 dBm","-92 dBm","68 dB","Beacon frame, SN=807, FN=0, Flags=........C, BI=100, SSID=""Z5319476"""
"109403","30.221455","e2:bb:15:72:70:e6","ff:ff:ff:ff:ff:ff","802.11","444","-24 dBm","-92 dBm","68 dB","Beacon frame, SN=808, FN=0, Flags=........C, BI=100, SSID=""Z5319476"""
"109975","30.425767","e2:bb:15:72:70:e6","ff:ff:ff:ff:ff:ff","802.11","444","-26 dBm","-92 dBm","66 dB","Beacon frame, SN=810, FN=0, Flags=........C, BI=100, SSID=""Z5319476"""
"110230","30.528286","e2:bb:15:72:70:e6","ff:ff:ff:ff:ff:ff","802.11","444","-25 dBm","-92 dBm","67 dB","Beacon frame, SN=811, FN=0, Flags=........C, BI=100, SSID=""Z5319476"""
"110517","30.630711","e2:bb:15:72:70:e6","ff:ff:ff:ff:ff:ff","802.11","444","-23 dBm","-92 dBm","69 dB","Beacon frame, SN=812, FN=0, Flags=........C, BI=100, SSID=""Z5319476"""
"110858","30.732806","e2:bb:15:72:70:e6","ff:ff:ff:ff:ff:ff","802.11","444","-25 dBm","-92 dBm","67 dB","Beacon frame, SN=813, FN=0, Flags=........C, BI=100, SSID=""Z5319476"""
"111362","30.836791","e2:bb:15:72:70:e6","ff:ff:ff:ff:ff:ff","802.11","444","-24 dBm","-92 dBm","68 dB","Beacon frame, SN=814, FN=0, Flags=........C, BI=100, SSID=""Z5319476"""
"111719","30.939099","e2:bb:15:72:70:e6","ff:ff:ff:ff:ff:ff","802.11","444","-24 dBm","-92 dBm","68 dB","Beacon frame, SN=815, FN=0, Flags=........C, BI=100, SSID=""Z5319476"""
