"No.","Time","Source","Destination","Protocol","Length","Signal strength (RSSI)","Noise level (dBm)","Signal/noise ratio (dB)","Info"
"532","0.155160","e2:bb:15:72:70:e6","ff:ff:ff:ff:ff:ff","802.11","444","-47 dBm","-92 dBm","45 dB","Beacon frame, SN=2852, FN=0, Flags=........C, BI=100, SSID=""Z5319476"""
"914","0.257194","e2:bb:15:72:70:e6","ff:ff:ff:ff:ff:ff","802.11","444","-46 dBm","-92 dBm","46 dB","Beacon frame, SN=2853, FN=0, Flags=........C, BI=100, SSID=""Z5319476"""
"1206","0.359757","e2:bb:15:72:70:e6","ff:ff:ff:ff:ff:ff","802.11","444","-45 dBm","-92 dBm","47 dB","Beacon frame, SN=2854, FN=0, Flags=........C, BI=100, SSID=""Z5319476"""
"1597","0.461989","e2:bb:15:72:70:e6","ff:ff:ff:ff:ff:ff","802.11","444","-49 dBm","-92 dBm","43 dB","Beacon frame, SN=2855, FN=0, Flags=........C, BI=100, SSID=""Z5319476"""
"1980","0.564672","e2:bb:15:72:70:e6","ff:ff:ff:ff:ff:ff","802.11","444","-47 dBm","-92 dBm","45 dB","Beacon frame, SN=2856, FN=0, Flags=........C, BI=100, SSID=""Z5319476"""
"2394","0.666934","e2:bb:15:72:70:e6","ff:ff:ff:ff:ff:ff","802.11","444","-47 dBm","-92 dBm","45 dB","Beacon frame, SN=2857, FN=0, Flags=........C, BI=100, SSID=""Z5319476"""
"2762","0.769444","e2:bb:15:72:70:e6","ff:ff:ff:ff:ff:ff","802.11","444","-46 dBm","-92 dBm","46 dB","Beacon frame, SN=2858, FN=0, Flags=........C, BI=100, SSID=""Z5319476"""
"3126","0.871876","e2:bb:15:72:70:e6","ff:ff:ff:ff:ff:ff","802.11","444","-50 dBm","-92 dBm","42 dB","Beacon frame, SN=2859, FN=0, Flags=........C, BI=100, SSID=""Z5319476"""
"3469","0.974000","e2:bb:15:72:70:e6","ff:ff:ff:ff:ff:ff","802.11","444","-48 dBm","-92 dBm","44 dB","Beacon frame, SN=2860, FN=0, Flags=........C, BI=100, SSID=""Z5319476"""
"3887","1.076399","e2:bb:15:72:70:e6","ff:ff:ff:ff:ff:ff","802.11","444","-49 dBm","-92 dBm","43 dB","Beacon frame, SN=2861, FN=0, Flags=........C, BI=100, SSID=""Z5319476"""
"4205","1.179660","e2:bb:15:72:70:e6","ff:ff:ff:ff:ff:ff","802.11","444","-50 dBm","-92 dBm","42 dB","Beacon frame, SN=2862, FN=0, Flags=........C, BI=100, SSID=""Z5319476"""
"4540","1.281228","e2:bb:15:72:70:e6","ff:ff:ff:ff:ff:ff","802.11","444","-47 dBm","-92 dBm","45 dB","Beacon frame, SN=2863, FN=0, Flags=........C, BI=100, SSID=""Z5319476"""
"4856","1.383630","e2:bb:15:72:70:e6","ff:ff:ff:ff:ff:ff","802.11","444","-46 dBm","-92 dBm","46 dB","Beacon frame, SN=2864, FN=0, Flags=........C, BI=100, SSID=""Z5319476"""
"5160","1.485995","e2:bb:15:72:70:e6","ff:ff:ff:ff:ff:ff","802.11","444","-48 dBm","-92 dBm","44 dB","Beacon frame, SN=2865, FN=0, Flags=........C, BI=100, SSID=""Z5319476"""
"5901","1.691034","e2:bb:15:72:70:e6","ff:ff:ff:ff:ff:ff","802.11","444","-45 dBm","-92 dBm","47 dB","Beacon frame, SN=2867, FN=0, Flags=........C, BI=100, SSID=""Z5319476"""
"6205","1.793317","e2:bb:15:72:70:e6","ff:ff:ff:ff:ff:ff","802.11","444","-45 dBm","-92 dBm","47 dB","Beacon frame, SN=2868, FN=0, Flags=........C, BI=100, SSID=""Z5319476"""
"6539","1.895851","e2:bb:15:72:70:e6","ff:ff:ff:ff:ff:ff","802.11","444","-47 dBm","-92 dBm","45 dB","Beacon frame, SN=2869, FN=0, Flags=........C, BI=100, SSID=""Z5319476"""
"6865","1.997956","e2:bb:15:72:70:e6","ff:ff:ff:ff:ff:ff","802.11","444","-47 dBm","-92 dBm","45 dB","Beacon frame, SN=2870, FN=0, Flags=........C, BI=100, SSID=""Z5319476"""
"7237","2.100360","e2:bb:15:72:70:e6","ff:ff:ff:ff:ff:ff","802.11","444","-45 dBm","-92 dBm","47 dB","Beacon frame, SN=2871, FN=0, Flags=........C, BI=100, SSID=""Z5319476"""
"7668","2.203242","e2:bb:15:72:70:e6","ff:ff:ff:ff:ff:ff","802.11","444","-46 dBm","-92 dBm","46 dB","Beacon frame, SN=2872, FN=0, Flags=........C, BI=100, SSID=""Z5319476"""
"8110","2.305253","e2:bb:15:72:70:e6","ff:ff:ff:ff:ff:ff","802.11","444","-49 dBm","-92 dBm","43 dB","Beacon frame, SN=2873, FN=0, Flags=........C, BI=100, SSID=""Z5319476"""
"8517","2.407558","e2:bb:15:72:70:e6","ff:ff:ff:ff:ff:ff","802.11","444","-47 dBm","-92 dBm","45 dB","Beacon frame, SN=2874, FN=0, Flags=........C, BI=100, SSID=""Z5319476"""
"8910","2.509924","e2:bb:15:72:70:e6","ff:ff:ff:ff:ff:ff","802.11","444","-49 dBm","-92 dBm","43 dB","Beacon frame, SN=2875, FN=0, Flags=........C, BI=100, SSID=""Z5319476"""
"9258","2.612105","e2:bb:15:72:70:e6","ff:ff:ff:ff:ff:ff","802.11","444","-49 dBm","-92 dBm","43 dB","Beacon frame, SN=2876, FN=0, Flags=........C, BI=100, SSID=""Z5319476"""
"9622","2.716148","e2:bb:15:72:70:e6","ff:ff:ff:ff:ff:ff","802.11","444","-47 dBm","-92 dBm","45 dB","Beacon frame, SN=2877, FN=0, Flags=........C, BI=100, SSID=""Z5319476"""
"9980","2.817250","e2:bb:15:72:70:e6","ff:ff:ff:ff:ff:ff","802.11","444","-46 dBm","-92 dBm","46 dB","Beacon frame, SN=2878, FN=0, Flags=........C, BI=100, SSID=""Z5319476"""
"10366","2.919567","e2:bb:15:72:70:e6","ff:ff:ff:ff:ff:ff","802.11","444","-49 dBm","-92 dBm","43 dB","Beacon frame, SN=2879, FN=0, Flags=........C, BI=100, SSID=""Z5319476"""
"10725","3.021965","e2:bb:15:72:70:e6","ff:ff:ff:ff:ff:ff","802.11","444","-48 dBm","-92 dBm","44 dB","Beacon frame, SN=2880, FN=0, Flags=........C, BI=100, SSID=""Z5319476"""
"11073","3.125052","e2:bb:15:72:70:e6","ff:ff:ff:ff:ff:ff","802.11","444","-47 dBm","-92 dBm","45 dB","Beacon frame, SN=2881, FN=0, Flags=........C, BI=100, SSID=""Z5319476"""
"11442","3.227150","e2:bb:15:72:70:e6","ff:ff:ff:ff:ff:ff","802.11","444","-49 dBm","-92 dBm","43 dB","Beacon frame, SN=2882, FN=0, Flags=........C, BI=100, SSID=""Z5319476"""
"11833","3.329211","e2:bb:15:72:70:e6","ff:ff:ff:ff:ff:ff","802.11","444","-47 dBm","-92 dBm","45 dB","Beacon frame, SN=2883, FN=0, Flags=........C, BI=100, SSID=""Z5319476"""
"12187","3.431523","e2:bb:15:72:70:e6","ff:ff:ff:ff:ff:ff","802.11","444","-49 dBm","-92 dBm","43 dB","Beacon frame, SN=2884, FN=0, Flags=........C, BI=100, SSID=""Z5319476"""
"12616","3.534032","e2:bb:15:72:70:e6","ff:ff:ff:ff:ff:ff","802.11","444","-47 dBm","-92 dBm","45 dB","Beacon frame, SN=2885, FN=0, Flags=........C, BI=100, SSID=""Z5319476"""
"13093","3.636354","e2:bb:15:72:70:e6","ff:ff:ff:ff:ff:ff","802.11","444","-46 dBm","-92 dBm","46 dB","Beacon frame, SN=2886, FN=0, Flags=........C, BI=100, SSID=""Z5319476"""
"13623","3.738740","e2:bb:15:72:70:e6","ff:ff:ff:ff:ff:ff","802.11","444","-49 dBm","-92 dBm","43 dB","Beacon frame, SN=2887, FN=0, Flags=........C, BI=100, SSID=""Z5319476"""
"14074","3.841415","e2:bb:15:72:70:e6","ff:ff:ff:ff:ff:ff","802.11","444","-49 dBm","-92 dBm","43 dB","Beacon frame, SN=2888, FN=0, Flags=........C, BI=100, SSID=""Z5319476"""
"14449","3.943538","e2:bb:15:72:70:e6","ff:ff:ff:ff:ff:ff","802.11","444","-47 dBm","-92 dBm","45 dB","Beacon frame, SN=2889, FN=0, Flags=........C, BI=100, SSID=""Z5319476"""
"14815","4.046394","e2:bb:15:72:70:e6","ff:ff:ff:ff:ff:ff","802.11","444","-50 dBm","-92 dBm","42 dB","Beacon frame, SN=2890, FN=0, Flags=........C, BI=100, SSID=""Z5319476"""
"15105","4.148394","e2:bb:15:72:70:e6","ff:ff:ff:ff:ff:ff","802.11","444","-49 dBm","-92 dBm","43 dB","Beacon frame, SN=2891, FN=0, Flags=........C, BI=100, SSID=""Z5319476"""
"15425","4.250839","e2:bb:15:72:70:e6","ff:ff:ff:ff:ff:ff","802.11","444","-47 dBm","-92 dBm","45 dB","Beacon frame, SN=2892, FN=0, Flags=........C, BI=100, SSID=""Z5319476"""
"15783","4.353476","e2:bb:15:72:70:e6","ff:ff:ff:ff:ff:ff","802.11","444","-49 dBm","-92 dBm","43 dB","Beacon frame, SN=2893, FN=0, Flags=........C, BI=100, SSID=""Z5319476"""
"16089","4.455854","e2:bb:15:72:70:e6","ff:ff:ff:ff:ff:ff","802.11","444","-48 dBm","-92 dBm","44 dB","Beacon frame, SN=2894, FN=0, Flags=........C, BI=100, SSID=""Z5319476"""
"16453","4.557972","e2:bb:15:72:70:e6","ff:ff:ff:ff:ff:ff","802.11","444","-46 dBm","-92 dBm","46 dB","Beacon frame, SN=2895, FN=0, Flags=........C, BI=100, SSID=""Z5319476"""
"16801","4.660307","e2:bb:15:72:70:e6","ff:ff:ff:ff:ff:ff","802.11","444","-48 dBm","-92 dBm","44 dB","Beacon frame, SN=2896, FN=0, Flags=........C, BI=100, SSID=""Z5319476"""
"17181","4.763181","e2:bb:15:72:70:e6","ff:ff:ff:ff:ff:ff","802.11","444","-46 dBm","-92 dBm","46 dB","Beacon frame, SN=2897, FN=0, Flags=........C, BI=100, SSID=""Z5319476"""
"17695","4.865161","e2:bb:15:72:70:e6","ff:ff:ff:ff:ff:ff","802.11","444","-46 dBm","-92 dBm","46 dB","Beacon frame, SN=2898, FN=0, Flags=........C, BI=100, SSID=""Z5319476"""
"18043","4.967758","e2:bb:15:72:70:e6","ff:ff:ff:ff:ff:ff","802.11","444","-49 dBm","-92 dBm","43 dB","Beacon frame, SN=2899, FN=0, Flags=........C, BI=100, SSID=""Z5319476"""
"18367","5.071274","e2:bb:15:72:70:e6","ff:ff:ff:ff:ff:ff","802.11","444","-46 dBm","-92 dBm","46 dB","Beacon frame, SN=2900, FN=0, Flags=........C, BI=100, SSID=""Z5319476"""
"18753","5.173413","e2:bb:15:72:70:e6","ff:ff:ff:ff:ff:ff","802.11","444","-46 dBm","-92 dBm","46 dB","Beacon frame, SN=2901, FN=0, Flags=........C, BI=100, SSID=""Z5319476"""
"19150","5.275041","e2:bb:15:72:70:e6","ff:ff:ff:ff:ff:ff","802.11","444","-47 dBm","-92 dBm","45 dB","Beacon frame, SN=2902, FN=0, Flags=........C, BI=100, SSID=""Z5319476"""
"19499","5.377042","e2:bb:15:72:70:e6","ff:ff:ff:ff:ff:ff","802.11","444","-46 dBm","-92 dBm","46 dB","Beacon frame, SN=2903, FN=0, Flags=........C, BI=100, SSID=""Z5319476"""
"19921","5.480015","e2:bb:15:72:70:e6","ff:ff:ff:ff:ff:ff","802.11","444","-46 dBm","-92 dBm","46 dB","Beacon frame, SN=2904, FN=0, Flags=........C, BI=100, SSID=""Z5319476"""
"20333","5.582148","e2:bb:15:72:70:e6","ff:ff:ff:ff:ff:ff","802.11","444","-49 dBm","-92 dBm","43 dB","Beacon frame, SN=2905, FN=0, Flags=........C, BI=100, SSID=""Z5319476"""
"20705","5.684236","e2:bb:15:72:70:e6","ff:ff:ff:ff:ff:ff","802.11","444","-46 dBm","-92 dBm","46 dB","Beacon frame, SN=2906, FN=0, Flags=........C, BI=100, SSID=""Z5319476"""
"21098","5.786881","e2:bb:15:72:70:e6","ff:ff:ff:ff:ff:ff","802.11","444","-46 dBm","-92 dBm","46 dB","Beacon frame, SN=2907, FN=0, Flags=........C, BI=100, SSID=""Z5319476"""
"21412","5.889110","e2:bb:15:72:70:e6","ff:ff:ff:ff:ff:ff","802.11","444","-46 dBm","-92 dBm","46 dB","Beacon frame, SN=2908, FN=0, Flags=........C, BI=100, SSID=""Z5319476"""
"21818","5.991820","e2:bb:15:72:70:e6","ff:ff:ff:ff:ff:ff","802.11","444","-49 dBm","-92 dBm","43 dB","Beacon frame, SN=2909, FN=0, Flags=........C, BI=100, SSID=""Z5319476"""
"22171","6.094311","e2:bb:15:72:70:e6","ff:ff:ff:ff:ff:ff","802.11","444","-46 dBm","-92 dBm","46 dB","Beacon frame, SN=2910, FN=0, Flags=........C, BI=100, SSID=""Z5319476"""
"22569","6.196118","e2:bb:15:72:70:e6","ff:ff:ff:ff:ff:ff","802.11","444","-47 dBm","-92 dBm","45 dB","Beacon frame, SN=2911, FN=0, Flags=........C, BI=100, SSID=""Z5319476"""
"22938","6.298934","e2:bb:15:72:70:e6","ff:ff:ff:ff:ff:ff","802.11","444","-49 dBm","-92 dBm","43 dB","Beacon frame, SN=2912, FN=0, Flags=........C, BI=100, SSID=""Z5319476"""
"23323","6.401340","e2:bb:15:72:70:e6","ff:ff:ff:ff:ff:ff","802.11","444","-50 dBm","-92 dBm","42 dB","Beacon frame, SN=2913, FN=0, Flags=........C, BI=100, SSID=""Z5319476"""
"23692","6.503755","e2:bb:15:72:70:e6","ff:ff:ff:ff:ff:ff","802.11","444","-47 dBm","-92 dBm","45 dB","Beacon frame, SN=2914, FN=0, Flags=........C, BI=100, SSID=""Z5319476"""
"24071","6.606121","e2:bb:15:72:70:e6","ff:ff:ff:ff:ff:ff","802.11","444","-49 dBm","-92 dBm","43 dB","Beacon frame, SN=2915, FN=0, Flags=........C, BI=100, SSID=""Z5319476"""
"24827","6.810734","e2:bb:15:72:70:e6","ff:ff:ff:ff:ff:ff","802.11","444","-46 dBm","-92 dBm","46 dB","Beacon frame, SN=2917, FN=0, Flags=........C, BI=100, SSID=""Z5319476"""
"25188","6.913154","e2:bb:15:72:70:e6","ff:ff:ff:ff:ff:ff","802.11","444","-46 dBm","-92 dBm","46 dB","Beacon frame, SN=2918, FN=0, Flags=........C, BI=100, SSID=""Z5319476"""
"25473","7.016035","e2:bb:15:72:70:e6","ff:ff:ff:ff:ff:ff","802.11","444","-48 dBm","-92 dBm","44 dB","Beacon frame, SN=2919, FN=0, Flags=........C, BI=100, SSID=""Z5319476"""
"25777","7.118010","e2:bb:15:72:70:e6","ff:ff:ff:ff:ff:ff","802.11","444","-49 dBm","-92 dBm","43 dB","Beacon frame, SN=2920, FN=0, Flags=........C, BI=100, SSID=""Z5319476"""
"26094","7.220529","e2:bb:15:72:70:e6","ff:ff:ff:ff:ff:ff","802.11","444","-46 dBm","-92 dBm","46 dB","Beacon frame, SN=2921, FN=0, Flags=........C, BI=100, SSID=""Z5319476"""
"26337","7.323215","e2:bb:15:72:70:e6","ff:ff:ff:ff:ff:ff","802.11","444","-46 dBm","-92 dBm","46 dB","Beacon frame, SN=2922, FN=0, Flags=........C, BI=100, SSID=""Z5319476"""
"26762","7.425192","e2:bb:15:72:70:e6","ff:ff:ff:ff:ff:ff","802.11","444","-49 dBm","-92 dBm","43 dB","Beacon frame, SN=2923, FN=0, Flags=........C, BI=100, SSID=""Z5319476"""
"27115","7.527662","e2:bb:15:72:70:e6","ff:ff:ff:ff:ff:ff","802.11","444","-47 dBm","-92 dBm","45 dB","Beacon frame, SN=2924, FN=0, Flags=........C, BI=100, SSID=""Z5319476"""
"27474","7.629918","e2:bb:15:72:70:e6","ff:ff:ff:ff:ff:ff","802.11","444","-46 dBm","-92 dBm","46 dB","Beacon frame, SN=2925, FN=0, Flags=........C, BI=100, SSID=""Z5319476"""
"27918","7.732413","e2:bb:15:72:70:e6","ff:ff:ff:ff:ff:ff","802.11","444","-49 dBm","-92 dBm","43 dB","Beacon frame, SN=2926, FN=0, Flags=........C, BI=100, SSID=""Z5319476"""
"28303","7.834722","e2:bb:15:72:70:e6","ff:ff:ff:ff:ff:ff","802.11","444","-46 dBm","-92 dBm","46 dB","Beacon frame, SN=2927, FN=0, Flags=........C, BI=100, SSID=""Z5319476"""
"28738","7.938027","e2:bb:15:72:70:e6","ff:ff:ff:ff:ff:ff","802.11","444","-46 dBm","-92 dBm","46 dB","Beacon frame, SN=2928, FN=0, Flags=........C, BI=100, SSID=""Z5319476"""
"29123","8.039498","e2:bb:15:72:70:e6","ff:ff:ff:ff:ff:ff","802.11","444","-48 dBm","-92 dBm","44 dB","Beacon frame, SN=2929, FN=0, Flags=........C, BI=100, SSID=""Z5319476"""
"29490","8.142099","e2:bb:15:72:70:e6","ff:ff:ff:ff:ff:ff","802.11","444","-48 dBm","-92 dBm","44 dB","Beacon frame, SN=2930, FN=0, Flags=........C, BI=100, SSID=""Z5319476"""
"29882","8.244627","e2:bb:15:72:70:e6","ff:ff:ff:ff:ff:ff","802.11","444","-46 dBm","-92 dBm","46 dB","Beacon frame, SN=2931, FN=0, Flags=........C, BI=100, SSID=""Z5319476"""
"30282","8.348411","e2:bb:15:72:70:e6","ff:ff:ff:ff:ff:ff","802.11","444","-48 dBm","-92 dBm","44 dB","Beacon frame, SN=2932, FN=0, Flags=........C, BI=100, SSID=""Z5319476"""
"30671","8.449056","e2:bb:15:72:70:e6","ff:ff:ff:ff:ff:ff","802.11","444","-46 dBm","-92 dBm","46 dB","Beacon frame, SN=2933, FN=0, Flags=........C, BI=100, SSID=""Z5319476"""
"31005","8.552424","e2:bb:15:72:70:e6","ff:ff:ff:ff:ff:ff","802.11","444","-49 dBm","-92 dBm","43 dB","Beacon frame, SN=2934, FN=0, Flags=........C, BI=100, SSID=""Z5319476"""
"31369","8.653632","e2:bb:15:72:70:e6","ff:ff:ff:ff:ff:ff","802.11","444","-46 dBm","-92 dBm","46 dB","Beacon frame, SN=2935, FN=0, Flags=........C, BI=100, SSID=""Z5319476"""
"31780","8.756340","e2:bb:15:72:70:e6","ff:ff:ff:ff:ff:ff","802.11","444","-46 dBm","-92 dBm","46 dB","Beacon frame, SN=2936, FN=0, Flags=........C, BI=100, SSID=""Z5319476"""
"32129","8.858604","e2:bb:15:72:70:e6","ff:ff:ff:ff:ff:ff","802.11","444","-49 dBm","-92 dBm","43 dB","Beacon frame, SN=2937, FN=0, Flags=........C, BI=100, SSID=""Z5319476"""
"32995","9.064022","e2:bb:15:72:70:e6","ff:ff:ff:ff:ff:ff","802.11","444","-46 dBm","-92 dBm","46 dB","Beacon frame, SN=2939, FN=0, Flags=........C, BI=100, SSID=""Z5319476"""
"33398","9.166210","e2:bb:15:72:70:e6","ff:ff:ff:ff:ff:ff","802.11","444","-47 dBm","-92 dBm","45 dB","Beacon frame, SN=2940, FN=0, Flags=........C, BI=100, SSID=""Z5319476"""
"33745","9.268251","e2:bb:15:72:70:e6","ff:ff:ff:ff:ff:ff","802.11","444","-50 dBm","-92 dBm","42 dB","Beacon frame, SN=2941, FN=0, Flags=........C, BI=100, SSID=""Z5319476"""
"34043","9.370672","e2:bb:15:72:70:e6","ff:ff:ff:ff:ff:ff","802.11","444","-49 dBm","-92 dBm","43 dB","Beacon frame, SN=2942, FN=0, Flags=........C, BI=100, SSID=""Z5319476"""
"34351","9.473257","e2:bb:15:72:70:e6","ff:ff:ff:ff:ff:ff","802.11","444","-49 dBm","-92 dBm","43 dB","Beacon frame, SN=2943, FN=0, Flags=........C, BI=100, SSID=""Z5319476"""
"34692","9.576113","e2:bb:15:72:70:e6","ff:ff:ff:ff:ff:ff","802.11","444","-50 dBm","-92 dBm","42 dB","Beacon frame, SN=2944, FN=0, Flags=........C, BI=100, SSID=""Z5319476"""
"35073","9.678061","e2:bb:15:72:70:e6","ff:ff:ff:ff:ff:ff","802.11","444","-50 dBm","-92 dBm","42 dB","Beacon frame, SN=2945, FN=0, Flags=........C, BI=100, SSID=""Z5319476"""
"35471","9.780157","e2:bb:15:72:70:e6","ff:ff:ff:ff:ff:ff","802.11","444","-49 dBm","-92 dBm","43 dB","Beacon frame, SN=2946, FN=0, Flags=........C, BI=100, SSID=""Z5319476"""
"35900","9.882881","e2:bb:15:72:70:e6","ff:ff:ff:ff:ff:ff","802.11","444","-49 dBm","-92 dBm","43 dB","Beacon frame, SN=2947, FN=0, Flags=........C, BI=100, SSID=""Z5319476"""
"36290","9.984950","e2:bb:15:72:70:e6","ff:ff:ff:ff:ff:ff","802.11","444","-49 dBm","-92 dBm","43 dB","Beacon frame, SN=2948, FN=0, Flags=........C, BI=100, SSID=""Z5319476"""
"36645","10.088119","e2:bb:15:72:70:e6","ff:ff:ff:ff:ff:ff","802.11","444","-47 dBm","-92 dBm","45 dB","Beacon frame, SN=2949, FN=0, Flags=........C, BI=100, SSID=""Z5319476"""
"37000","10.189765","e2:bb:15:72:70:e6","ff:ff:ff:ff:ff:ff","802.11","444","-46 dBm","-92 dBm","46 dB","Beacon frame, SN=2950, FN=0, Flags=........C, BI=100, SSID=""Z5319476"""
"37398","10.292164","e2:bb:15:72:70:e6","ff:ff:ff:ff:ff:ff","802.11","444","-46 dBm","-92 dBm","46 dB","Beacon frame, SN=2951, FN=0, Flags=........C, BI=100, SSID=""Z5319476"""
"37820","10.394602","e2:bb:15:72:70:e6","ff:ff:ff:ff:ff:ff","802.11","444","-49 dBm","-92 dBm","43 dB","Beacon frame, SN=2952, FN=0, Flags=........C, BI=100, SSID=""Z5319476"""
"38204","10.496975","e2:bb:15:72:70:e6","ff:ff:ff:ff:ff:ff","802.11","444","-47 dBm","-92 dBm","45 dB","Beacon frame, SN=2953, FN=0, Flags=........C, BI=100, SSID=""Z5319476"""
"38547","10.599364","e2:bb:15:72:70:e6","ff:ff:ff:ff:ff:ff","802.11","444","-47 dBm","-92 dBm","45 dB","Beacon frame, SN=2954, FN=0, Flags=........C, BI=100, SSID=""Z5319476"""
"38864","10.702277","e2:bb:15:72:70:e6","ff:ff:ff:ff:ff:ff","802.11","444","-49 dBm","-92 dBm","43 dB","Beacon frame, SN=2955, FN=0, Flags=........C, BI=100, SSID=""Z5319476"""
"39211","10.804544","e2:bb:15:72:70:e6","ff:ff:ff:ff:ff:ff","802.11","444","-46 dBm","-92 dBm","46 dB","Beacon frame, SN=2956, FN=0, Flags=........C, BI=100, SSID=""Z5319476"""
"39664","10.906689","e2:bb:15:72:70:e6","ff:ff:ff:ff:ff:ff","802.11","444","-47 dBm","-92 dBm","45 dB","Beacon frame, SN=2957, FN=0, Flags=........C, BI=100, SSID=""Z5319476"""
"40082","11.008933","e2:bb:15:72:70:e6","ff:ff:ff:ff:ff:ff","802.11","444","-49 dBm","-92 dBm","43 dB","Beacon frame, SN=2958, FN=0, Flags=........C, BI=100, SSID=""Z5319476"""
"40574","11.111925","e2:bb:15:72:70:e6","ff:ff:ff:ff:ff:ff","802.11","444","-50 dBm","-92 dBm","42 dB","Beacon frame, SN=2959, FN=0, Flags=........C, BI=100, SSID=""Z5319476"""
"41015","11.214245","e2:bb:15:72:70:e6","ff:ff:ff:ff:ff:ff","802.11","444","-49 dBm","-92 dBm","43 dB","Beacon frame, SN=2960, FN=0, Flags=........C, BI=100, SSID=""Z5319476"""
"41417","11.316507","e2:bb:15:72:70:e6","ff:ff:ff:ff:ff:ff","802.11","444","-49 dBm","-92 dBm","43 dB","Beacon frame, SN=2961, FN=0, Flags=........C, BI=100, SSID=""Z5319476"""
"41821","11.418747","e2:bb:15:72:70:e6","ff:ff:ff:ff:ff:ff","802.11","444","-49 dBm","-92 dBm","43 dB","Beacon frame, SN=2962, FN=0, Flags=........C, BI=100, SSID=""Z5319476"""
"42271","11.520993","e2:bb:15:72:70:e6","ff:ff:ff:ff:ff:ff","802.11","444","-49 dBm","-92 dBm","43 dB","Beacon frame, SN=2963, FN=0, Flags=........C, BI=100, SSID=""Z5319476"""
"42692","11.623431","e2:bb:15:72:70:e6","ff:ff:ff:ff:ff:ff","802.11","444","-49 dBm","-92 dBm","43 dB","Beacon frame, SN=2964, FN=0, Flags=........C, BI=100, SSID=""Z5319476"""
"43192","11.726449","e2:bb:15:72:70:e6","ff:ff:ff:ff:ff:ff","802.11","444","-49 dBm","-92 dBm","43 dB","Beacon frame, SN=2965, FN=0, Flags=........C, BI=100, SSID=""Z5319476"""
"43698","11.828407","e2:bb:15:72:70:e6","ff:ff:ff:ff:ff:ff","802.11","444","-46 dBm","-92 dBm","46 dB","Beacon frame, SN=2966, FN=0, Flags=........C, BI=100, SSID=""Z5319476"""
"44776","12.033195","e2:bb:15:72:70:e6","ff:ff:ff:ff:ff:ff","802.11","444","-49 dBm","-92 dBm","43 dB","Beacon frame, SN=2968, FN=0, Flags=........C, BI=100, SSID=""Z5319476"""
"45181","12.135496","e2:bb:15:72:70:e6","ff:ff:ff:ff:ff:ff","802.11","444","-47 dBm","-92 dBm","45 dB","Beacon frame, SN=2969, FN=0, Flags=........C, BI=100, SSID=""Z5319476"""
"45478","12.237519","e2:bb:15:72:70:e6","ff:ff:ff:ff:ff:ff","802.11","444","-47 dBm","-92 dBm","45 dB","Beacon frame, SN=2970, FN=0, Flags=........C, BI=100, SSID=""Z5319476"""
"45819","12.341123","e2:bb:15:72:70:e6","ff:ff:ff:ff:ff:ff","802.11","444","-50 dBm","-92 dBm","42 dB","Beacon frame, SN=2971, FN=0, Flags=........C, BI=100, SSID=""Z5319476"""
"46234","12.443153","e2:bb:15:72:70:e6","ff:ff:ff:ff:ff:ff","802.11","444","-48 dBm","-92 dBm","44 dB","Beacon frame, SN=2972, FN=0, Flags=........C, BI=100, SSID=""Z5319476"""
"46622","12.544927","e2:bb:15:72:70:e6","ff:ff:ff:ff:ff:ff","802.11","444","-48 dBm","-92 dBm","44 dB","Beacon frame, SN=2973, FN=0, Flags=........C, BI=100, SSID=""Z5319476"""
"46986","12.647591","e2:bb:15:72:70:e6","ff:ff:ff:ff:ff:ff","802.11","444","-48 dBm","-92 dBm","44 dB","Beacon frame, SN=2974, FN=0, Flags=........C, BI=100, SSID=""Z5319476"""
"47367","12.749777","e2:bb:15:72:70:e6","ff:ff:ff:ff:ff:ff","802.11","444","-48 dBm","-92 dBm","44 dB","Beacon frame, SN=2975, FN=0, Flags=........C, BI=100, SSID=""Z5319476"""
"47797","12.852334","e2:bb:15:72:70:e6","ff:ff:ff:ff:ff:ff","802.11","444","-49 dBm","-92 dBm","43 dB","Beacon frame, SN=2976, FN=0, Flags=........C, BI=100, SSID=""Z5319476"""
"48190","12.954786","e2:bb:15:72:70:e6","ff:ff:ff:ff:ff:ff","802.11","444","-50 dBm","-92 dBm","42 dB","Beacon frame, SN=2977, FN=0, Flags=........C, BI=100, SSID=""Z5319476"""
"48577","13.056941","e2:bb:15:72:70:e6","ff:ff:ff:ff:ff:ff","802.11","444","-47 dBm","-92 dBm","45 dB","Beacon frame, SN=2978, FN=0, Flags=........C, BI=100, SSID=""Z5319476"""
"48903","13.159398","e2:bb:15:72:70:e6","ff:ff:ff:ff:ff:ff","802.11","444","-49 dBm","-92 dBm","43 dB","Beacon frame, SN=2979, FN=0, Flags=........C, BI=100, SSID=""Z5319476"""
"49303","13.262011","e2:bb:15:72:70:e6","ff:ff:ff:ff:ff:ff","802.11","444","-49 dBm","-92 dBm","43 dB","Beacon frame, SN=2980, FN=0, Flags=........C, BI=100, SSID=""Z5319476"""
"49713","13.364016","e2:bb:15:72:70:e6","ff:ff:ff:ff:ff:ff","802.11","444","-46 dBm","-92 dBm","46 dB","Beacon frame, SN=2981, FN=0, Flags=........C, BI=100, SSID=""Z5319476"""
"50147","13.466563","e2:bb:15:72:70:e6","ff:ff:ff:ff:ff:ff","802.11","444","-48 dBm","-92 dBm","44 dB","Beacon frame, SN=2982, FN=0, Flags=........C, BI=100, SSID=""Z5319476"""
"50567","13.569166","e2:bb:15:72:70:e6","ff:ff:ff:ff:ff:ff","802.11","444","-48 dBm","-92 dBm","44 dB","Beacon frame, SN=2983, FN=0, Flags=........C, BI=100, SSID=""Z5319476"""
"50994","13.671721","e2:bb:15:72:70:e6","ff:ff:ff:ff:ff:ff","802.11","444","-47 dBm","-92 dBm","45 dB","Beacon frame, SN=2984, FN=0, Flags=........C, BI=100, SSID=""Z5319476"""
"51354","13.773923","e2:bb:15:72:70:e6","ff:ff:ff:ff:ff:ff","802.11","444","-49 dBm","-92 dBm","43 dB","Beacon frame, SN=2985, FN=0, Flags=........C, BI=100, SSID=""Z5319476"""
"51690","13.876383","e2:bb:15:72:70:e6","ff:ff:ff:ff:ff:ff","802.11","444","-49 dBm","-92 dBm","43 dB","Beacon frame, SN=2986, FN=0, Flags=........C, BI=100, SSID=""Z5319476"""
"52056","13.978460","e2:bb:15:72:70:e6","ff:ff:ff:ff:ff:ff","802.11","444","-46 dBm","-92 dBm","46 dB","Beacon frame, SN=2987, FN=0, Flags=........C, BI=100, SSID=""Z5319476"""
"52411","14.081133","e2:bb:15:72:70:e6","ff:ff:ff:ff:ff:ff","802.11","444","-47 dBm","-92 dBm","45 dB","Beacon frame, SN=2988, FN=0, Flags=........C, BI=100, SSID=""Z5319476"""
"52746","14.183503","e2:bb:15:72:70:e6","ff:ff:ff:ff:ff:ff","802.11","444","-46 dBm","-92 dBm","46 dB","Beacon frame, SN=2989, FN=0, Flags=........C, BI=100, SSID=""Z5319476"""
"53190","14.285714","e2:bb:15:72:70:e6","ff:ff:ff:ff:ff:ff","802.11","444","-46 dBm","-92 dBm","46 dB","Beacon frame, SN=2990, FN=0, Flags=........C, BI=100, SSID=""Z5319476"""
"53533","14.387905","e2:bb:15:72:70:e6","ff:ff:ff:ff:ff:ff","802.11","444","-49 dBm","-92 dBm","43 dB","Beacon frame, SN=2991, FN=0, Flags=........C, BI=100, SSID=""Z5319476"""
"53867","14.490522","e2:bb:15:72:70:e6","ff:ff:ff:ff:ff:ff","802.11","444","-48 dBm","-92 dBm","44 dB","Beacon frame, SN=2992, FN=0, Flags=........C, BI=100, SSID=""Z5319476"""
"54278","14.594155","e2:bb:15:72:70:e6","ff:ff:ff:ff:ff:ff","802.11","444","-49 dBm","-92 dBm","43 dB","Beacon frame, SN=2993, FN=0, Flags=........C, BI=100, SSID=""Z5319476"""
"54687","14.695605","e2:bb:15:72:70:e6","ff:ff:ff:ff:ff:ff","802.11","444","-49 dBm","-92 dBm","43 dB","Beacon frame, SN=2995, FN=0, Flags=........C, BI=100, SSID=""Z5319476"""
"55079","14.797902","e2:bb:15:72:70:e6","ff:ff:ff:ff:ff:ff","802.11","444","-48 dBm","-92 dBm","44 dB","Beacon frame, SN=2996, FN=0, Flags=........C, BI=100, SSID=""Z5319476"""
"55420","14.900327","e2:bb:15:72:70:e6","ff:ff:ff:ff:ff:ff","802.11","444","-49 dBm","-92 dBm","43 dB","Beacon frame, SN=2997, FN=0, Flags=........C, BI=100, SSID=""Z5319476"""
"55789","15.004327","e2:bb:15:72:70:e6","ff:ff:ff:ff:ff:ff","802.11","444","-48 dBm","-92 dBm","44 dB","Beacon frame, SN=2998, FN=0, Flags=........C, BI=100, SSID=""Z5319476"""
"56101","15.104935","e2:bb:15:72:70:e6","ff:ff:ff:ff:ff:ff","802.11","444","-49 dBm","-92 dBm","43 dB","Beacon frame, SN=2999, FN=0, Flags=........C, BI=100, SSID=""Z5319476"""
"56457","15.207245","e2:bb:15:72:70:e6","ff:ff:ff:ff:ff:ff","802.11","444","-47 dBm","-92 dBm","45 dB","Beacon frame, SN=3000, FN=0, Flags=........C, BI=100, SSID=""Z5319476"""
"56766","15.309683","e2:bb:15:72:70:e6","ff:ff:ff:ff:ff:ff","802.11","444","-48 dBm","-92 dBm","44 dB","Beacon frame, SN=3001, FN=0, Flags=........C, BI=100, SSID=""Z5319476"""
"57097","15.412010","e2:bb:15:72:70:e6","ff:ff:ff:ff:ff:ff","802.11","444","-47 dBm","-92 dBm","45 dB","Beacon frame, SN=3002, FN=0, Flags=........C, BI=100, SSID=""Z5319476"""
"57453","15.514425","e2:bb:15:72:70:e6","ff:ff:ff:ff:ff:ff","802.11","444","-48 dBm","-92 dBm","44 dB","Beacon frame, SN=3003, FN=0, Flags=........C, BI=100, SSID=""Z5319476"""
"57826","15.617048","e2:bb:15:72:70:e6","ff:ff:ff:ff:ff:ff","802.11","444","-48 dBm","-92 dBm","44 dB","Beacon frame, SN=3004, FN=0, Flags=........C, BI=100, SSID=""Z5319476"""
"58213","15.719460","e2:bb:15:72:70:e6","ff:ff:ff:ff:ff:ff","802.11","444","-46 dBm","-92 dBm","46 dB","Beacon frame, SN=3005, FN=0, Flags=........C, BI=100, SSID=""Z5319476"""
"58873","15.924261","e2:bb:15:72:70:e6","ff:ff:ff:ff:ff:ff","802.11","444","-48 dBm","-92 dBm","44 dB","Beacon frame, SN=3007, FN=0, Flags=........C, BI=100, SSID=""Z5319476"""
"59648","16.128888","e2:bb:15:72:70:e6","ff:ff:ff:ff:ff:ff","802.11","444","-49 dBm","-92 dBm","43 dB","Beacon frame, SN=3009, FN=0, Flags=........C, BI=100, SSID=""Z5319476"""
"60065","16.231244","e2:bb:15:72:70:e6","ff:ff:ff:ff:ff:ff","802.11","444","-45 dBm","-92 dBm","47 dB","Beacon frame, SN=3010, FN=0, Flags=........C, BI=100, SSID=""Z5319476"""
"60383","16.333688","e2:bb:15:72:70:e6","ff:ff:ff:ff:ff:ff","802.11","444","-47 dBm","-92 dBm","45 dB","Beacon frame, SN=3011, FN=0, Flags=........C, BI=100, SSID=""Z5319476"""
"60665","16.436068","e2:bb:15:72:70:e6","ff:ff:ff:ff:ff:ff","802.11","444","-48 dBm","-92 dBm","44 dB","Beacon frame, SN=3012, FN=0, Flags=........C, BI=100, SSID=""Z5319476"""
"61002","16.538457","e2:bb:15:72:70:e6","ff:ff:ff:ff:ff:ff","802.11","444","-46 dBm","-92 dBm","46 dB","Beacon frame, SN=3013, FN=0, Flags=........C, BI=100, SSID=""Z5319476"""
"61322","16.640894","e2:bb:15:72:70:e6","ff:ff:ff:ff:ff:ff","802.11","444","-46 dBm","-92 dBm","46 dB","Beacon frame, SN=3014, FN=0, Flags=........C, BI=100, SSID=""Z5319476"""
"61633","16.744736","e2:bb:15:72:70:e6","ff:ff:ff:ff:ff:ff","802.11","444","-46 dBm","-92 dBm","46 dB","Beacon frame, SN=3015, FN=0, Flags=........C, BI=100, SSID=""Z5319476"""
"61974","16.845799","e2:bb:15:72:70:e6","ff:ff:ff:ff:ff:ff","802.11","444","-49 dBm","-92 dBm","43 dB","Beacon frame, SN=3016, FN=0, Flags=........C, BI=100, SSID=""Z5319476"""
"62249","16.948433","e2:bb:15:72:70:e6","ff:ff:ff:ff:ff:ff","802.11","444","-47 dBm","-92 dBm","45 dB","Beacon frame, SN=3017, FN=0, Flags=........C, BI=100, SSID=""Z5319476"""
"62596","17.050422","e2:bb:15:72:70:e6","ff:ff:ff:ff:ff:ff","802.11","444","-47 dBm","-92 dBm","45 dB","Beacon frame, SN=3018, FN=0, Flags=........C, BI=100, SSID=""Z5319476"""
"62977","17.152718","e2:bb:15:72:70:e6","ff:ff:ff:ff:ff:ff","802.11","444","-50 dBm","-92 dBm","42 dB","Beacon frame, SN=3019, FN=0, Flags=........C, BI=100, SSID=""Z5319476"""
"63280","17.255490","e2:bb:15:72:70:e6","ff:ff:ff:ff:ff:ff","802.11","444","-47 dBm","-92 dBm","45 dB","Beacon frame, SN=3020, FN=0, Flags=........C, BI=100, SSID=""Z5319476"""
"63594","17.357689","e2:bb:15:72:70:e6","ff:ff:ff:ff:ff:ff","802.11","444","-46 dBm","-92 dBm","46 dB","Beacon frame, SN=3021, FN=0, Flags=........C, BI=100, SSID=""Z5319476"""
"63969","17.460478","e2:bb:15:72:70:e6","ff:ff:ff:ff:ff:ff","802.11","444","-46 dBm","-92 dBm","46 dB","Beacon frame, SN=3022, FN=0, Flags=........C, BI=100, SSID=""Z5319476"""
"64313","17.562348","e2:bb:15:72:70:e6","ff:ff:ff:ff:ff:ff","802.11","444","-49 dBm","-92 dBm","43 dB","Beacon frame, SN=3023, FN=0, Flags=........C, BI=100, SSID=""Z5319476"""
"64689","17.664895","e2:bb:15:72:70:e6","ff:ff:ff:ff:ff:ff","802.11","444","-49 dBm","-92 dBm","43 dB","Beacon frame, SN=3024, FN=0, Flags=........C, BI=100, SSID=""Z5319476"""
"65025","17.767265","e2:bb:15:72:70:e6","ff:ff:ff:ff:ff:ff","802.11","444","-50 dBm","-92 dBm","42 dB","Beacon frame, SN=3025, FN=0, Flags=........C, BI=100, SSID=""Z5319476"""
"65384","17.869569","e2:bb:15:72:70:e6","ff:ff:ff:ff:ff:ff","802.11","444","-45 dBm","-92 dBm","47 dB","Beacon frame, SN=3026, FN=0, Flags=........C, BI=100, SSID=""Z5319476"""
"65739","17.972683","e2:bb:15:72:70:e6","ff:ff:ff:ff:ff:ff","802.11","444","-46 dBm","-92 dBm","46 dB","Beacon frame, SN=3027, FN=0, Flags=........C, BI=100, SSID=""Z5319476"""
"66104","18.075346","e2:bb:15:72:70:e6","ff:ff:ff:ff:ff:ff","802.11","444","-48 dBm","-92 dBm","44 dB","Beacon frame, SN=3028, FN=0, Flags=........C, BI=100, SSID=""Z5319476"""
"66454","18.177635","e2:bb:15:72:70:e6","ff:ff:ff:ff:ff:ff","802.11","444","-46 dBm","-92 dBm","46 dB","Beacon frame, SN=3029, FN=0, Flags=........C, BI=100, SSID=""Z5319476"""
"66797","18.279159","e2:bb:15:72:70:e6","ff:ff:ff:ff:ff:ff","802.11","444","-48 dBm","-92 dBm","44 dB","Beacon frame, SN=3030, FN=0, Flags=........C, BI=100, SSID=""Z5319476"""
"67143","18.382019","e2:bb:15:72:70:e6","ff:ff:ff:ff:ff:ff","802.11","444","-49 dBm","-92 dBm","43 dB","Beacon frame, SN=3031, FN=0, Flags=........C, BI=100, SSID=""Z5319476"""
"67470","18.484198","e2:bb:15:72:70:e6","ff:ff:ff:ff:ff:ff","802.11","444","-46 dBm","-92 dBm","46 dB","Beacon frame, SN=3032, FN=0, Flags=........C, BI=100, SSID=""Z5319476"""
"67799","18.586315","e2:bb:15:72:70:e6","ff:ff:ff:ff:ff:ff","802.11","444","-46 dBm","-92 dBm","46 dB","Beacon frame, SN=3033, FN=0, Flags=........C, BI=100, SSID=""Z5319476"""
"68099","18.688987","e2:bb:15:72:70:e6","ff:ff:ff:ff:ff:ff","802.11","444","-48 dBm","-92 dBm","44 dB","Beacon frame, SN=3034, FN=0, Flags=........C, BI=100, SSID=""Z5319476"""
"68405","18.791171","e2:bb:15:72:70:e6","ff:ff:ff:ff:ff:ff","802.11","444","-49 dBm","-92 dBm","43 dB","Beacon frame, SN=3035, FN=0, Flags=........C, BI=100, SSID=""Z5319476"""
"68762","18.893846","e2:bb:15:72:70:e6","ff:ff:ff:ff:ff:ff","802.11","444","-48 dBm","-92 dBm","44 dB","Beacon frame, SN=3036, FN=0, Flags=........C, BI=100, SSID=""Z5319476"""
"69067","18.995962","e2:bb:15:72:70:e6","ff:ff:ff:ff:ff:ff","802.11","444","-48 dBm","-92 dBm","44 dB","Beacon frame, SN=3037, FN=0, Flags=........C, BI=100, SSID=""Z5319476"""
"69349","19.098446","e2:bb:15:72:70:e6","ff:ff:ff:ff:ff:ff","802.11","444","-46 dBm","-92 dBm","46 dB","Beacon frame, SN=3038, FN=0, Flags=........C, BI=100, SSID=""Z5319476"""
"69650","19.200837","e2:bb:15:72:70:e6","ff:ff:ff:ff:ff:ff","802.11","444","-48 dBm","-92 dBm","44 dB","Beacon frame, SN=3039, FN=0, Flags=........C, BI=100, SSID=""Z5319476"""
"69991","19.304624","e2:bb:15:72:70:e6","ff:ff:ff:ff:ff:ff","802.11","444","-46 dBm","-92 dBm","46 dB","Beacon frame, SN=3040, FN=0, Flags=........C, BI=100, SSID=""Z5319476"""
"70594","19.508047","e2:bb:15:72:70:e6","ff:ff:ff:ff:ff:ff","802.11","444","-48 dBm","-92 dBm","44 dB","Beacon frame, SN=3042, FN=0, Flags=........C, BI=100, SSID=""Z5319476"""
"70938","19.610554","e2:bb:15:72:70:e6","ff:ff:ff:ff:ff:ff","802.11","444","-47 dBm","-92 dBm","45 dB","Beacon frame, SN=3043, FN=0, Flags=........C, BI=100, SSID=""Z5319476"""
"71290","19.713200","e2:bb:15:72:70:e6","ff:ff:ff:ff:ff:ff","802.11","444","-47 dBm","-92 dBm","45 dB","Beacon frame, SN=3044, FN=0, Flags=........C, BI=100, SSID=""Z5319476"""
"71631","19.815129","e2:bb:15:72:70:e6","ff:ff:ff:ff:ff:ff","802.11","444","-47 dBm","-92 dBm","45 dB","Beacon frame, SN=3045, FN=0, Flags=........C, BI=100, SSID=""Z5319476"""
"71979","19.917578","e2:bb:15:72:70:e6","ff:ff:ff:ff:ff:ff","802.11","444","-46 dBm","-92 dBm","46 dB","Beacon frame, SN=3046, FN=0, Flags=........C, BI=100, SSID=""Z5319476"""
"72232","20.020165","e2:bb:15:72:70:e6","ff:ff:ff:ff:ff:ff","802.11","444","-47 dBm","-92 dBm","45 dB","Beacon frame, SN=3047, FN=0, Flags=........C, BI=100, SSID=""Z5319476"""
"72528","20.124620","e2:bb:15:72:70:e6","ff:ff:ff:ff:ff:ff","802.11","444","-47 dBm","-92 dBm","45 dB","Beacon frame, SN=3048, FN=0, Flags=........C, BI=100, SSID=""Z5319476"""
"72880","20.225588","e2:bb:15:72:70:e6","ff:ff:ff:ff:ff:ff","802.11","444","-47 dBm","-92 dBm","45 dB","Beacon frame, SN=3049, FN=0, Flags=........C, BI=100, SSID=""Z5319476"""
"73530","20.429512","e2:bb:15:72:70:e6","ff:ff:ff:ff:ff:ff","802.11","444","-48 dBm","-92 dBm","44 dB","Beacon frame, SN=3051, FN=0, Flags=........C, BI=100, SSID=""Z5319476"""
"73931","20.531905","e2:bb:15:72:70:e6","ff:ff:ff:ff:ff:ff","802.11","444","-46 dBm","-92 dBm","46 dB","Beacon frame, SN=3052, FN=0, Flags=........C, BI=100, SSID=""Z5319476"""
"74592","20.736711","e2:bb:15:72:70:e6","ff:ff:ff:ff:ff:ff","802.11","444","-48 dBm","-92 dBm","44 dB","Beacon frame, SN=3054, FN=0, Flags=........C, BI=100, SSID=""Z5319476"""
"74931","20.839140","e2:bb:15:72:70:e6","ff:ff:ff:ff:ff:ff","802.11","444","-49 dBm","-92 dBm","43 dB","Beacon frame, SN=3055, FN=0, Flags=........C, BI=100, SSID=""Z5319476"""
"75294","20.941847","e2:bb:15:72:70:e6","ff:ff:ff:ff:ff:ff","802.11","444","-49 dBm","-92 dBm","43 dB","Beacon frame, SN=3056, FN=0, Flags=........C, BI=100, SSID=""Z5319476"""
"75633","21.043886","e2:bb:15:72:70:e6","ff:ff:ff:ff:ff:ff","802.11","444","-49 dBm","-92 dBm","43 dB","Beacon frame, SN=3057, FN=0, Flags=........C, BI=100, SSID=""Z5319476"""
"75993","21.147330","e2:bb:15:72:70:e6","ff:ff:ff:ff:ff:ff","802.11","444","-49 dBm","-92 dBm","43 dB","Beacon frame, SN=3058, FN=0, Flags=........C, BI=100, SSID=""Z5319476"""
"76291","21.248775","e2:bb:15:72:70:e6","ff:ff:ff:ff:ff:ff","802.11","444","-49 dBm","-92 dBm","43 dB","Beacon frame, SN=3059, FN=0, Flags=........C, BI=100, SSID=""Z5319476"""
"76558","21.351093","e2:bb:15:72:70:e6","ff:ff:ff:ff:ff:ff","802.11","444","-46 dBm","-92 dBm","46 dB","Beacon frame, SN=3060, FN=0, Flags=........C, BI=100, SSID=""Z5319476"""
"76890","21.453975","e2:bb:15:72:70:e6","ff:ff:ff:ff:ff:ff","802.11","444","-49 dBm","-92 dBm","43 dB","Beacon frame, SN=3061, FN=0, Flags=........C, BI=100, SSID=""Z5319476"""
"77201","21.556006","e2:bb:15:72:70:e6","ff:ff:ff:ff:ff:ff","802.11","444","-49 dBm","-92 dBm","43 dB","Beacon frame, SN=3062, FN=0, Flags=........C, BI=100, SSID=""Z5319476"""
"77520","21.658334","e2:bb:15:72:70:e6","ff:ff:ff:ff:ff:ff","802.11","444","-45 dBm","-92 dBm","47 dB","Beacon frame, SN=3063, FN=0, Flags=........C, BI=100, SSID=""Z5319476"""
"77880","21.760706","e2:bb:15:72:70:e6","ff:ff:ff:ff:ff:ff","802.11","444","-46 dBm","-92 dBm","46 dB","Beacon frame, SN=3064, FN=0, Flags=........C, BI=100, SSID=""Z5319476"""
"78194","21.863232","e2:bb:15:72:70:e6","ff:ff:ff:ff:ff:ff","802.11","444","-46 dBm","-92 dBm","46 dB","Beacon frame, SN=3065, FN=0, Flags=........C, BI=100, SSID=""Z5319476"""
"78512","21.965475","e2:bb:15:72:70:e6","ff:ff:ff:ff:ff:ff","802.11","444","-48 dBm","-92 dBm","44 dB","Beacon frame, SN=3066, FN=0, Flags=........C, BI=100, SSID=""Z5319476"""
"78851","22.067877","e2:bb:15:72:70:e6","ff:ff:ff:ff:ff:ff","802.11","444","-46 dBm","-92 dBm","46 dB","Beacon frame, SN=3067, FN=0, Flags=........C, BI=100, SSID=""Z5319476"""
"79131","22.170244","e2:bb:15:72:70:e6","ff:ff:ff:ff:ff:ff","802.11","444","-46 dBm","-92 dBm","46 dB","Beacon frame, SN=3068, FN=0, Flags=........C, BI=100, SSID=""Z5319476"""
"79452","22.272901","e2:bb:15:72:70:e6","ff:ff:ff:ff:ff:ff","802.11","444","-49 dBm","-92 dBm","43 dB","Beacon frame, SN=3069, FN=0, Flags=........C, BI=100, SSID=""Z5319476"""
"79763","22.375282","e2:bb:15:72:70:e6","ff:ff:ff:ff:ff:ff","802.11","444","-50 dBm","-92 dBm","42 dB","Beacon frame, SN=3070, FN=0, Flags=........C, BI=100, SSID=""Z5319476"""
"80071","22.477823","e2:bb:15:72:70:e6","ff:ff:ff:ff:ff:ff","802.11","444","-47 dBm","-92 dBm","45 dB","Beacon frame, SN=3071, FN=0, Flags=........C, BI=100, SSID=""Z5319476"""
"80400","22.580303","e2:bb:15:72:70:e6","ff:ff:ff:ff:ff:ff","802.11","444","-51 dBm","-92 dBm","41 dB","Beacon frame, SN=3072, FN=0, Flags=........C, BI=100, SSID=""Z5319476"""
"80674","22.682135","e2:bb:15:72:70:e6","ff:ff:ff:ff:ff:ff","802.11","444","-49 dBm","-92 dBm","43 dB","Beacon frame, SN=3073, FN=0, Flags=........C, BI=100, SSID=""Z5319476"""
"81034","22.784779","e2:bb:15:72:70:e6","ff:ff:ff:ff:ff:ff","802.11","444","-44 dBm","-92 dBm","48 dB","Beacon frame, SN=3074, FN=0, Flags=........C, BI=100, SSID=""Z5319476"""
"81329","22.887691","e2:bb:15:72:70:e6","ff:ff:ff:ff:ff:ff","802.11","444","-50 dBm","-92 dBm","42 dB","Beacon frame, SN=3075, FN=0, Flags=........C, BI=100, SSID=""Z5319476"""
"81628","22.990163","e2:bb:15:72:70:e6","ff:ff:ff:ff:ff:ff","802.11","444","-46 dBm","-92 dBm","46 dB","Beacon frame, SN=3076, FN=0, Flags=........C, BI=100, SSID=""Z5319476"""
"82031","23.092157","e2:bb:15:72:70:e6","ff:ff:ff:ff:ff:ff","802.11","444","-48 dBm","-92 dBm","44 dB","Beacon frame, SN=3077, FN=0, Flags=........C, BI=100, SSID=""Z5319476"""
"82395","23.194253","e2:bb:15:72:70:e6","ff:ff:ff:ff:ff:ff","802.11","444","-49 dBm","-92 dBm","43 dB","Beacon frame, SN=3078, FN=0, Flags=........C, BI=100, SSID=""Z5319476"""
"82800","23.296800","e2:bb:15:72:70:e6","ff:ff:ff:ff:ff:ff","802.11","444","-46 dBm","-92 dBm","46 dB","Beacon frame, SN=3079, FN=0, Flags=........C, BI=100, SSID=""Z5319476"""
"83166","23.399131","e2:bb:15:72:70:e6","ff:ff:ff:ff:ff:ff","802.11","444","-49 dBm","-92 dBm","43 dB","Beacon frame, SN=3080, FN=0, Flags=........C, BI=100, SSID=""Z5319476"""
